/*                                                                                                                                  
SQLyog Community v11.28 (64 bit)                                                                                                    
MySQL - 5.6.27 : Database - curated_new_om                                                                                          
*********************************************************************                                                               
*/                                                                                                                                 
                                                                                                                                    
/*!40101 SET NAMES utf8 */;                                                                                                         
                                                                                                                                    
/*!40101 SET SQL_MODE=''*/;                                                                                                         
                                                                                                                                    
/*!40014 SET @OLD_UNIQUE_CHECKS=@@UNIQUE_CHECKS, UNIQUE_CHECKS=0 */;                                                                
/*!40014 SET @OLD_FOREIGN_KEY_CHECKS=@@FOREIGN_KEY_CHECKS, FOREIGN_KEY_CHECKS=0 */;                                                 
/*!40101 SET @OLD_SQL_MODE=@@SQL_MODE, SQL_MODE='NO_AUTO_VALUE_ON_ZERO' */;                                                         
/*!40111 SET @OLD_SQL_NOTES=@@SQL_NOTES, SQL_NOTES=0 */;                                                                            
/*Data for the table `cv` */                                                                                                        
                                                                                                                                    
INSERT  INTO `cv`(`cv_id`,`name`,`definition`) VALUES
(1000,'IBDB TERMS','CV of terms used to annotate relationships and identifyobjects in the ibdb database'),
(1010,'Properties','Terms defining the factor or trait of a variable'),
(1011,'CLASS','Property Class'),
(1020,'Methods','Terms representing the methods or protocols by which variables are applied or observed'),
(1030,'Scales','Terms defining the scale or units in which a variable is recorded'),
(1031,'Data Type','Datatype of Scale'),
(1040,'Variables','Standard variables recorded in the dataset defined by a combination of property, method and scale terms'),
(1041,'Variable Type','Type of the variable'),
(2005,'8006','Study status - Assigned (code)'),
(2010,'8070','Study type - assigned (type)'),
(2020,'8160','Dataset type -assigned(dstype)'),
(2030,'8130','Study release - assigned (date)'),
(2040,'8135','Experimental design - assigned (type)'),
(2050,'8255','Entrytype - assigned (type)'),
(2070,'8371','Season - Assigned (Code)'),
(3040,'8065','Nursery type - assigned (type)'),
(3050,'8066','Nursery generation'),
(3060,'8133','RMAP'),
(3070,'8146','POIL'),
(3080,'8413','CHECK_PLAN'),
(3090,'8590','PDATE_TREAT'),
(3091,'17290','STCodes - Selection trait codes'),
(3092,'8780','Roguing - applied (Y/N)'),
(4010,'3001','Project_Prefix_Scale-Project Prefix Scale to hold categorical values'),
(4011,'3002','Target_Region_Scale-Target Region Scale to hold categorical values'),
(4012,'6050','Categorical values for Code for Project'),
(4013,'17278','Categorical values for Name of Mega_Environment'),
(4014,'17279','Categorical values for Code of FB_Type'),
(4015,'17280','Categorical values for Code of Trial_Type'),
(100000,'Limit','Limit of shared ontology IDs');
                                                                                                                                    
/*Data for the table `cvterm` */                                                                                                    
                                                                                                                                    
INSERT  INTO `cvterm`(`cvterm_id`,`cv_id`,`name`,`definition`,`dbxref_id`,`is_obsolete`,`is_relationshiptype`) VALUES
(1000,1000,'IBDB structure','Terms defining elements and relationships in the IBDB data model',NULL,0,0),
(1001,1000,'IBDB class','Terms in this class specify groupings of terms in an ontology',NULL,0,0),
(1002,1000,'IBDB data type','Terms which describe the data type of avariable',NULL,0,0),
(1003,1000,'IBDB element','Terms which describe the data model element and schema storage location for values of a variable',NULL,0,0),
(1010,1000,'Study Information','Study element with label levels stored in projectprop.value study constant values in phenotype',NULL,0,0),
(1011,1000,'Study name','Study name stored in project.name',NULL,0,0),
(1012,1000,'Study title','Study title stored in project.description',NULL,0,0),
(1015,1000,'Dataset Information','Dataset element with label values stored in projectprop.value',NULL,0,0),
(1016,1000,'Dataset name','Dataset name stored in project.description',NULL,0,0),
(1017,1000,'Dataset description','Dataset description stored in project.description',NULL,0,0),
(1020,1000,'Trial environment information','Trial environment informationtrial condition labels stored in nd_geolocationprop.value and trial constant values stored in phenotype',NULL,0,0),
(1021,1000,'Trialinstance','Trial instance number stored in nd_geolocation.description',NULL,0,0),
(1022,1000,'Latitude','Georeference data stored innd_geolocation.latitude',NULL,0,0),
(1023,1000,'Longitude','Georeference data stored in nd_geolocation.longitude',NULL,0,0),
(1024,1000,'Datum','Georeference geodetic datup stored in nd_geolocation.geodetic_datum',NULL,0,0),
(1025,1000,'Altitude','Georeference altitude stored in nd_geolocation.altitude',NULL,0,0),
(1030,1000,'Trial design information','Field trial design and layout information stored in nd_experimentprop.value',NULL,0,0),
(1035,1000,'Treatment factor','Label variable containing levels of a non-germplasm treatment factor stored in nd_experimentprop.value',NULL,0,0),
(1037,1000,'Sub-sampling factor','Label variable containing levels of sub sample units within plots stored in nd_experimentprop.value',NULL,0,0),
(1040,1000,'Germplasm entry','Germplasm entry information stored in stockprop.value',NULL,0,0),
(1041,1000,'Entry number','Germplasm entry number unique within in a study stored in stock.uniquename',NULL,0,0),
(1042,1000,'Entry GID','GMS germplasm identifier stored in stock.dbxref_id',NULL,0,0),
(1043,1000,'Observation variate','Phenotypic data stored in phenotype.value',NULL,0,0),
(1044,1000,'stored in','Relates a variable to the schema element whereits valuesare stored',NULL,0,1),
(1045,1011,'Crop research ontology','Crop research ontology class',NULL,0,0),
(1046,1000,'Entry designation','GMS germplasm name stored in stock.name',NULL,0,0),
(1047,1000,'Entry code','Germplasm entry code assigned within a study storedinstock.value',NULL,0,0),
(1048,1000,'Categorical variate','Categorical variate with values stored in phenotype.cvalue_id',NULL,0,0),
(1050,1011,'Study condition','Study condition class',NULL,0,0),
(1055,1011,'Dataset Condition','Dataset condition class',NULL,0,0),
(1060,1000,'Variable description','Description of  a variable',NULL,0,0),
(1070,1000,'Standardvariableid','Standard variable id',NULL,0,0),
(1080,1011,'Trial environment','Environmental condition class',NULL,0,0),
(1085,1011,'Trial management','Trial management term class',NULL,0,0),
(1086,1011,'Variate condition','Variate condition label',NULL,0,0),
(1087,1011,'Germplasm','Germplasm term class',NULL,0,0),
(1090,1031,'Class','Class of terms in a cv',NULL,0,0),
(1100,1011,'Trial Design','Trial Design class',NULL,0,0),
(1105,1000,'has type','Relates a data type to a standard variable',NULL,0,1),
(1110,1031,'Numeric variable','Variable with numeric values either continuous or integer',NULL,0,0),
(1111,1000,'alias','term alias',NULL,0,0),
(1113,1000,'Minimum value','Minimum value allowed fora numeric variable',NULL,0,0),
(1115,1000,'Maximum value','Maximum value allowed for a numeric variable',NULL,0,0),
(1116,1000,'Expression','Formula for computation of a standard variable',NULL,0,0),
(1117,1031,'Date variable','Date - numeric value in format yyyymmdd with least significant parts set to zero acording to precision',NULL,0,0),
(1118,1031,'Numeric DBID variable','Integer database ID (may be negative)',NULL,0,0),
(1120,1031,'Character variable','Variable with character values',NULL,0,0),
(1125,1000,'Timestamp variable','Character variable in format yyyy-mm-dd:hh:mm:ss:nnn with least significant parts omitted acording to precision',NULL,0,0),
(1128,1000,'Character DBID variable','Character database ID',NULL,0,0),
(1130,1031,'Categorical variable','Variable with discrete class values(numericor character all treated as character)',NULL,0,0),
(1131,1031,'Person','Datatype which represents person',NULL,0,0),
(1132,1031,'Location','Datatype which represents location',NULL,0,0),
(1133,1031,'Study','Datatype which represents study',NULL,0,0),
(1134,1031,'Dataset','Datatype which represents dataset',NULL,0,0),
(1135,1031,'Germplasm List','Datatype which represents germplasm list',NULL,0,0),
(1136,1031,'Breeding Method','Datatype which represents breeding method',NULL,0,0),
(1140,1000,'is a sub-folder of','Relates a folderproject to its parent folder project',NULL,0,1),
(1145,1000,'is a study in','Relates a study project to its parent folder project',NULL,0,1),
(1150,1000,'is a dataset of','Relates a dataset project to its study project',NULL,0,1),
(1155,1000,'Plot','Field plot type of experiment',NULL,0,0),
(1160,1000,'Sample','Sample type of experiment',NULL,0,0),
(1170,1000,'Average','Average type of experiment',NULL,0,0),
(1180,1000,'Summary','Summary type of experiment',NULL,0,0),
(1190,1000,'has value','Relationship between a standard categorical variable and its valid values',NULL,0,1),
(1200,1000,'has property','Relationship between a standard variable anda property tem',NULL,0,1),
(1210,1000,'has method','Relationship between a standard variable and a method tem',NULL,0,1),
(1220,1000,'has scale','Relationship between a standard variable and a scale tem',NULL,0,1),
(1225,1000,'is a','Hierarchical relationship between terms',NULL,0,1),
(1226,1000,'Crop ontology term ID','ID string from the crop ontology database',NULL,0,0),
(1227,1000,'Abbreviated English name','Abbreviated term name in English',NULL,0,0),
(1230,1000,'Alternative English name','Alternative English name',NULL,0,0),
(1240,1000,'Preferred French name','Preferred French name',NULL,0,0),
(1250,1000,'Alternative French name','Alternative French name',NULL,0,0),
(1251,1000,'Abbreviated French name','Abbreviated French name',NULL,0,0),
(1252,1000,'Preferred Spanish name','Preferred Spanish name',NULL,0,0),
(1253,1000,'Alternative Spanish name','Alternative Spanish name',NULL,0,0),
(1254,1000,'Abbreviated Spanish name','Abbreviated Spanish name',NULL,0,0),
(1255,1000,'Preferred Chinese name','Preferred Chinese name',NULL,0,0),
(1256,1000,'Alternative Chinesename','Alternative Chinese name',NULL,0,0),
(1257,1000,'Abbreviated Chinese name','Abbreviated Chinese name',NULL,0,0),
(1259,1000,'Obsolete name','Term name no longer in use',NULL,0,0),
(1260,1011,'Seed storage','Seed storage term class',NULL,0,0),
(1270,1011,'Breedingprocess','Breeding process term class',NULL,0,0),
(1280,1011,'Abiotic condition','Abiotic condition term class',NULL,0,0),
(1290,1011,'Biotic condition','Biotic condition term class',NULL,0,0),
(1300,1011,'Site condition','Site condition term class',NULL,0,0),
(1310,1011,'Soil condition','Soil condition term class',NULL,0,0),
(1320,1011,'Climatic condition','Climatic condition term class',NULL,0,0),
(1321,1011,'Molecular property','Molecular property',NULL,0,0),
(1330,1011,'Crop trait ontology','Crop Ontology Trait class',NULL,0,0),
(1340,1011,'Agronomic','Agronomic',NULL,0,0),
(1345,1011,'Physiological','Physiological trait',NULL,0,0),
(1350,1011,'Morphological','Morphological',NULL,0,0),
(1360,1011,'Biotic stress','Biotic stress',NULL,0,0),
(1364,1011,'Biochemical trait','Class for biochemical traits',NULL,0,0),
(1370,1011,'Quality','Quality trait',NULL,0,0),
(1380,1011,'Passport','Passport',NULL,0,0),
(1390,1011,'Disease resistance','Disease resistance',NULL,0,0),
(1400,1011,'Insect and pest resistance','Insect and pest resistance',NULL,0,0),
(1410,1011,'Abiotic stress','Abiotic stress',NULL,0,0),
(1420,1000,'Order','Specifies the order property for the valid values ofa categorical variable',NULL,0,0),
(1430,1011,'Yield component','Yield component trait',NULL,0,0),
(1440,1011,'Phenology','Phenological trait',NULL,0,0),
(1450,1011,'Post harvest','Post harvest trait',NULL,0,0),
(1460,1011,'Breeding methods','Breeding Method Class',NULL,0,0),
(1470,1011,'Generative breeding methods','Breeding methods which increasde the genetic variability of a strain',NULL,0,0),
(1480,1011,'Derivative breeding methods','Breeding methods which reduce or focus genetic variability of a strain',NULL,0,0),
(1490,1011,'Bulking breeding methods','Derivative breeding methods which produce a single strain from a source',NULL,0,0),
(1510,1011,'Non-bulking breedingmethods','Derivative breeding methods which may produce strains from a source',NULL,0,0),
(1520,1011,'Maintenance methods','Germplasm management methods which maintain the genetic variability of a strain',NULL,0,0),
(1530,1011,'Seed increase methods','Methods designed to increase seed stocks of a strain',NULL,0,0),
(1540,1011,'Seed acquisation methods','Methods used to acquire samples ofgermplasm',NULL,0,0),
(1550,1011,'Cultivar formation methods','Methods indicating strains that have been produced for cultivation onfarms',NULL,0,0),
(1560,1011,'Crossing methods','Methods involving directed pollination',NULL,0,0),
(1570,1011,'Mutation methods','Methods exploiting natural or induced mutation to increase genetic variability',NULL,0,0),
(1580,1011,'Cytogenetic manipulation','Methods usingcytogenetics to manage genetic variability',NULL,0,0),
(1590,1011,'Genetic Modification','Genetic engineering methods usedtoincreasegeneticvariation',NULL,0,0),
(1700,1000,'LOTS AVAILABLE','Available inventory',NULL,0,0),
(1701,1000,'BREEDING METHOD NAME','Breeding methodname',NULL,0,0),
(1702,1000,'BREEDING METHOD ABBREVIATION','Breeding method abbreviation',NULL,0,0),
(1703,1000,'BREEDING METHOD NUMBER','Breeding method number',NULL,0,0),
(1704,1000,'BREEDING METHOD GROUP','Breeding method group',NULL,0,0),
(1705,1000,'FEMALE PEDIGREE','Pedigree of female parent',NULL,0,0),
(1706,1000,'CROSS-FEMALE PREFERRED NAME','Cross-female preferred name',NULL,0,0),
(1707,1000,'MALE PEDIGREE','Pedigree of male parent',NULL,0,0),
(1708,1000,'CROSS-MALE PREFERRED NAME','Cross-male preferred name',NULL,0,0),
(1709,1000,'GERMPLASM DATE','Germplasm Date',NULL,0,0),
(1711,1000,'PREFERRED ID','Preferred ID',NULL,0,0),
(1712,1000,'PREFERRED NAME','Preferred Name',NULL,0,0),
(1713,1000,'SEED RES','Seed reservation',NULL,0,0),
(1714,1000,'COMMENT','Comment on inventory',NULL,0,0),
(1715,1000,'LOT_ID','LOT Identification',NULL,0,0),
(1716,1000,'NEW RES','Newly reserved inventory',NULL,0,0),
(1717,1000,'RES','Reserved inventory',NULL,0,0),
(1718,1000,'TOTAL','Total inventory',NULL,0,0),
(1719,1000,'UNITS','Inventory units',NULL,0,0),
(1720,1000,'LOCATION','Lot location',NULL,0,0),
(1721,1000,'SCALE','Inventory Scale',NULL,0,0),
(1722,1000,'AMOUNT','Inventory Amount',NULL,0,0),
(1723,1000,'FEMALE PARENT','Name of Female Parent',NULL,0,0),
(1724,1000,'MALE PARENT','Name of Male Parent',NULL,0,0),
(1725,1000,'FGID','GID of Female Parent',NULL,0,0),
(1726,1000,'MGID','GID of Male Parent',NULL,0,0),
(1727,1000,'STOCKID','ID of an inventory deposit',NULL,0,0),
(1728,1000,'DUPLICATE','Duplicate notes',NULL,0,0),
(1729,1000,'BULK WITH','Stock IDs of stock list for bulking',NULL,0,0),
(1730,1000,'BULK COMPL?','Is bulking completed?',NULL,0,0),
(1731,1000,'GROUP ID','Group ID of a germplasm',NULL,0,0),
(1732,1000,'FEMALE PLOT','Female Plot Number',NULL,0,0),
(1733,1000,'MALE PLOT','Male Plot Number',NULL,0,0),
(1734,1000,'CROSSING DATE','Crossing date',NULL,0,0),
(1735,1000,'MALE NURSERY','Male Nursery',NULL,0,0),
(1800,1000,'variable type','Variable type to determine possiblevariable usage',NULL,0,0),
(1801,1041,'Analysis','Variable to be used only in analysis (for example derived variables)',NULL,0,0),
(1802,1041,'Trial Condition','Observations made of conditions in an individual environment involved in a trial',NULL,0,0),
(1803,1041,'Nursery Condition','Observations made of conditions in a nursery',NULL,0,0),
(1804,1041,'Germplasm Descriptor','Information to berecordedabout each germplasm in a study',NULL,0,0),
(1805,1041,'Study Detail','Administrative details to be tracked per study',NULL,0,0),
(1806,1041,'Environment Detail','Administrative details to be tracked per environment',NULL,0,0),
(1807,1041,'Selection Method','How material is chosen for advancing to the next generation',NULL,0,0),
(1808,1041,'Trait','Characteristics of a germplasm to berecorded during a study',NULL,0,0),
(1809,1041,'Treatment Factor','Treatments to be applied to members of a trial',NULL,0,0),
(1810,1041,'Experimental Design','Design to be applied to experiments',NULL,0,0),
(1900,1000,'has analysis variable','Relationship between astandard variable and a derived analysis variable',NULL,0,1),
(1901,1030,'Person id','Person scale to hold Person data type',NULL,0,0),
(1902,1030,'Person name','Person name scale to hold Person data type',NULL,0,0),
(1903,1030,'Location id','Location scale to hold Location data type',NULL,0,0),
(1904,1030,'Location name','Location name scale to hold Location data type',NULL,0,0),
(1905,1030,'Datatset id','Datatset scale to hold Datatset data type',NULL,0,0),
(1906,1030,'Datatset name','Datatset name scale to hold Datatset datatype',NULL,0,0),
(1907,1030,'Germplasm id','Germplasm scale to hold Germplasm List data type',NULL,0,0),
(1908,1030,'Germplasm name','Germplasm name scale to hold Germplasm List data type',NULL,0,0),
(1909,1030,'Breeding method id','Breeding method scale to hold Breedingmethoddata type',NULL,0,0),
(1910,1030,'Breeding method name','Breeding method name scale to hold Breeding method data type',NULL,0,0),
(2000,1010,'Project','Project or program',NULL,0,0),
(2002,1010,'User','Database user',NULL,0,0),
(2010,1010,'Study','Experiment, nursery, survey  within a project or program',NULL,0,0),
(2012,1010,'Study title','Title of the study',NULL,0,0),
(2014,1010,'Studyobjective','Objective of the study',NULL,0,0),
(2015,1010,'Study status','Status of the study (active, locked, deleted)',NULL,0,0),
(2020,1010,'Dataset','Dataset within a study',NULL,0,0),
(2030,1010,'Dataset title','Title or description of a dataset',NULL,0,0),
(2040,1010,'Creation date','Date an entity was created',NULL,0,0),
(2045,1010,'Update date','Date updated',NULL,0,0),
(2050,1010,'Start date','Startdate of the study',NULL,0,0),
(2052,1010,'End date','End date of the study',NULL,0,0),
(2053,1010,'Observation time','Observation time',NULL,0,0),
(2054,1010,'Planting date','Planting date',NULL,0,0),
(2056,1010,'Transplanting date','Transplanting date',NULL,0,0),
(2058,1010,'Harvest date','Harvest date',NULL,0,0),
(2060,1010,'Measurement date','Measurement date',NULL,0,0),
(2065,1010,'Comment','Comment',NULL,0,0),
(2070,1010,'Institute','Institute',NULL,0,0),
(2080,1010,'Person','Person',NULL,0,0),
(2090,1010,'Ownership','Ownership and intellectual property status',NULL,0,0),
(2100,1010,'Trial instance','Identifier for an individual experiment ina multi environemt trial',NULL,0,0),
(2105,1010,'Nursery','Nursery',NULL,0,0),
(2110,1010,'Location','Location',NULL,0,0),
(2120,1010,'Field plot','Identifier for a plot within a trial',NULL,0,0),
(2122,1010,'Plot size','Plot size',NULL,0,0),
(2123,1010,'Rows per plot','Rowsperplot',NULL,0,0),
(2124,1010,'Harvest area','Harvest area',NULL,0,0),
(2126,1010,'Row length','Row length',NULL,0,0),
(2128,1010,'Row spacing','Row spacing',NULL,0,0),
(2129,1010,'Plant spacing','Plant spacing',NULL,0,0),
(2130,1010,'Sample unit','Sample unit',NULL,0,0),
(2140,1010,'Experimental design','Experimental design',NULL,0,0),
(2141,1010,'ED - nrep','Experimental design parameter - numberofreps',NULL,0,0),
(2142,1010,'ED - block size','Experimental design parameter - block size',NULL,0,0),
(2143,1010,'ED - rep arrangement','Experimental design parameter - rep arrangement',NULL,0,0),
(2144,1010,'ED - reps per column','Experimental design parameter - reps per column',NULL,0,0),
(2145,1010,'ED - rows in reps','Experimental design parameter - rows in reps',NULL,0,0),
(2146,1010,'ED - cols inreps','Experimental design parameter - columns in reps',NULL,0,0),
(2147,1010,'ED - rows to latinize','Experimental design parameter- contiguous rows to latinize',NULL,0,0),
(2148,1010,'ED - cols to latinize','Experimental design parameter - contiguous columns to latinize',NULL,0,0),
(2149,1010,'ED - ranges in reps','Experimental design parameter - ranges in reps',NULL,0,0),
(2150,1010,'Replication factor','Identifier for each replication within an experiment',NULL,0,0),
(2151,1010,'ED - blocks to latinize','Experimentaldesign parameter - contiguous blocks to latinize',NULL,0,0),
(2152,1010,'ED - plot order','Experimental design parameter - plot order in layout',NULL,0,0),
(2153,1010,'ED - check start','Experimental design parameter - check entry start position',NULL,0,0),
(2154,1010,'ED - check interval','Experimental design parameter - number of test plots between checks',NULL,0,0),
(2155,1010,'ED - check plan','Experimental design parameter - singel or multiple check plots',NULL,0,0),
(2160,1010,'Blocking factor','Identifier for each blockwithin a trial or replication',NULL,0,0),
(2170,1010,'Row in layout','Identifier for a row in the trial layout',NULL,0,0),
(2180,1010,'Column in layout','Identifier for a column in the trial layout',NULL,0,0),
(2182,1010,'Plots sown','Plots sown',NULL,0,0),
(2190,1010,'Sample order','Sequence order for sampling or measurements',NULL,0,0),
(2191,1010,'BLOCK_ID_PROP','BLOCK_ID_PROP',NULL,0,0),
(2200,1010,'Germplasm entry','Germplasm entry',NULL,0,0),
(2204,1010,'Germplasm stock id','ID associated with a seed/propagule inventory deposit',NULL,0,0),
(2205,1010,'Germplasm id','Germplasm identifier',NULL,0,0),
(2206,1010,'Germplasm group','Germplasm group',NULL,0,0),
(2207,1010,'Cross history','Pedigree string',NULL,0,0),
(2208,1010,'Seed source','Seed source',NULL,0,0),
(2209,1010,'Entry type','Entry type',NULL,0,0),
(2220,1010,'Topography','This refers to the profile in elevation of the land surface on a broad scale. the reference is fao (1990).',NULL,0,0),
(2230,1010,'Landform','The landform refers to the shape of the land surface in the area in which the collecting site is located (adapted from fao, 1990).',NULL,0,0),
(2240,1010,'Geomorphology','Description of the geomorphology of the immediate surroundings of the collecting site (adapted from fao, 1990).',NULL,0,0),
(2250,1010,'Slope','Land slope',NULL,0,0),
(2260,1010,'Altitude','Altitude',NULL,0,0),
(2270,1010,'Latitude','Latitude',NULL,0,0),
(2280,1010,'Longitude','Longitude',NULL,0,0),
(2285,1010,'Geodeticdatum','Geodetic datum used for georeference',NULL,0,0),
(2290,1010,'Soil type','Soil type',NULL,0,0),
(2300,1010,'Soil texture','Soil texture',NULL,0,0),
(2305,1010,'Soil depth','Soil depth',NULL,0,0),
(2310,1010,'Soil clay','Soil clay content',NULL,0,0),
(2320,1010,'Soil sand','Soil sand content',NULL,0,0),
(2325,1010,'Soil silt','Soil silt content',NULL,0,0),
(2330,1010,'Soil organic','Soil organic content',NULL,0,0),
(2340,1010,'Soil acidity','Soil acidity',NULL,0,0),
(2350,1010,'Soil salinity','Soil salinity',NULL,0,0),
(2360,1010,'Soil moisture','Soil moisture',NULL,0,0),
(2370,1010,'Soil color','Soil color',NULL,0,0),
(2380,1010,'Soil erosion','Soilerosion',NULL,0,0),
(2390,1010,'Soil fertility','Soil fertility',NULL,0,0),
(2400,1010,'Soil toxicity','Soil toxicity',NULL,0,0),
(2403,1010,'Soil nutrient','Soil nutrient',NULL,0,0),
(2405,1010,'Fertilizer use','Fertilizer application',NULL,0,0),
(2410,1010,'Nitrogen','Nitrogen',NULL,0,0),
(2420,1010,'Phosphorus','Phosphorus',NULL,0,0),
(2430,1010,'Potassium','Potassium',NULL,0,0),
(2440,1010,'Micronutrient','Micronutrient',NULL,0,0),
(2450,1010,'Ecosystem','Ecosystem',NULL,0,0),
(2451,1010,'Environment','Environment',NULL,0,0),
(2452,1010,'Season','Growing season',NULL,0,0),
(2460,1010,'Farming system','Farming system',NULL,0,0),
(2470,1010,'Rainfall','Rainfall',NULL,0,0),
(2475,1010,'Water quality','Water quality',NULL,0,0),
(2477,1010,'Flooding','Flooding',NULL,0,0),
(2478,1010,'Submergence','Submergence',NULL,0,0),
(2480,1010,'Temperature','Temperature',NULL,0,0),
(2481,1010,'Minimum temperature','Minimum temperature',NULL,0,0),
(2482,1010,'Maximum temperature','Maximum temperature',NULL,0,0),
(2490,1010,'Light conditions','Light conditions',NULL,0,0),
(2495,1010,'Solar radiation','Solar radiation',NULL,0,0),
(2500,1010,'Irrigation','Irrigation applied',NULL,0,0),
(2510,1010,'Plant protection','Plantprotection applied',NULL,0,0),
(2515,1010,'Weed protection','Weed protection applied',NULL,0,0),
(2520,1010,'Insectprotection','Insect protection applied',NULL,0,0),
(2530,1010,'Disease protection','Disease protection applied',NULL,0,0),
(2540,1010,'Pest protection','Pest protection applied',NULL,0,0),
(2550,1010,'Insect damage','Insect damage',NULL,0,0),
(2560,1010,'Disease damage','Disease damage',NULL,0,0),
(2570,1010,'Drought stress','Drought stress',NULL,0,0),
(2580,1010,'Heat stress','Heat stress',NULL,0,0),
(2590,1010,'Evaporation','Evaporation',NULL,0,0),
(2600,1010,'Transpiration','The amount of water transpired by leaf stomata',NULL,0,0),
(2610,1010,'Seed storage location','Seed storage location',NULL,0,0),
(2620,1010,'Inventory amount','Amount of inventory storedor withdrawn',NULL,0,0),
(2630,1010,'Seed storage units','Seed storage units',NULL,0,0),
(2640,1010,'Seed germination','The physiological and developmental changes that occur in a seed commencing with water uptake (imbibition) and terminating with the elongation ofthe embryonic axis.',NULL,0,0),
(2650,1010,'Seed storage date','Seed storage date',NULL,0,0),
(2655,1010,'IP status','Ownership and useage/distribution restrictions on germplasm',NULL,0,0),
(2657,1010,'IMS lot','Combination of germplasm id, storage location, storageunits',NULL,0,0),
(2660,1010,'Selections','Indicates if propagules from any source germplas are advanced and depending on the methodhow may lines are advanced',NULL,0,0),
(2670,1010,'Breeding method','Breeding or maintenance method of germplasm',NULL,0,0),
(2680,1010,'Seed harvested','Seed harvested',NULL,0,0),
(2690,1010,'Tillage system','Tillage system',NULL,0,0),
(2700,1010,'Thresher method','Thresher method',NULL,0,0),
(2710,1010,'Sowing method','Sowing method',NULL,0,0),
(2720,1010,'Sowing depth','Sowing depth',NULL,0,0),
(2730,1010,'Seed distribution','Seed distribution',NULL,0,0),
(2740,1010,'Roguing','Roguing',NULL,0,0),
(2750,1010,'Plot width','Plot width',NULL,0,0),
(2760,1010,'Plot length','Plot length',NULL,0,0),
(2770,1010,'Planting density','Planting density',NULL,0,0),
(2780,1010,'Mechanical weed control','Mechanical weed control',NULL,0,0),
(2790,1010,'Harvest method','Harvest method',NULL,0,0),
(2800,1010,'Fieldbook','Fieldbook type',NULL,0,0),
(3001,1040,'Project_Prefix','Project Prefix BCID Variable',NULL,0,0),
(3002,1040,'Target_Region','Target Region Variable',NULL,0,0),
(3003,1030,'Project_Prefix_Scale','Project Prefix Scale to hold categorical values',NULL,0,0),
(3004,1030,'Target_Region_Scale','Target Region Scale to hold categorical values',NULL,0,0),
(3005,1010,'Breeding Project','Breeding Project',NULL,0,0),
(3006,1010,'Target Region','Target Region',NULL,0,0),
(3010,4010,'PA','Project Prefix 1',NULL,0,0),
(3011,4010,'PB','Project Prefix 2',NULL,0,0),
(3012,4010,'PC','Project Prefix 3',NULL,0,0),
(3013,4012,'P1','Project 1',NULL,0,0),
(3014,4013,'ME1','Mega_Environment 1',NULL,0,0),
(3015,4014,'FB1','FB_Type 1',NULL,0,0),
(3016,4015,'TT1','Trial_Type 1',NULL,0,0),
(3074,4011,'R1','Region 1',NULL,0,0),
(3075,4011,'R2','Region 2',NULL,0,0),
(3076,4011,'R3','Region 3',NULL,0,0),
(3077,4011,'R4','Region 4',NULL,0,0),
(4000,1020,'Not specified','Method not specified',NULL,0,0),
(4010,1020,'Conducted','Procedure or experiment conducted',NULL,0,0),
(4020,1020,'Applied','Factor applied',NULL,0,0),
(4021,1020,'Applied at plot level','Applied at plot level',NULL,0,0),
(4025,1020,'Planted','Field planted',NULL,0,0),
(4030,1020,'Assigned','Term, name or id assigned',NULL,0,0),
(4040,1020,'Enumerated','Levels enumerated - 1,2,3',NULL,0,0),
(4050,1020,'Selected','Selected',NULL,0,0),
(4060,1020,'Described','Described',NULL,0,0),
(4070,1020,'Ph meter','Ph meter method',NULL,0,0),
(4080,1020,'Counted','Counting method',NULL,0,0),
(4090,1020,'Weighed','Weighing method',NULL,0,0),
(4100,1020,'Field trial','Field trial method',NULL,0,0),
(4110,1020,'Observed','Value recorded after observation',NULL,0,0),
(4111,1020,'Observation 1','First observation',NULL,0,0),
(4112,1020,'Observation 2','Second observation',NULL,0,0),
(4113,1020,'Observation 3','Third observation',NULL,0,0),
(4120,1020,'Chemical assay','Chemical assay',NULL,0,0),
(4130,1020,'Average','Average of values',NULL,0,0),
(4140,1020,'TillSytem METHOD','Tillage Sytem METHOD',NULL,0,0),
(4150,1020,'ThresherMethod METHOD','Thresher Method METHOD',NULL,0,0),
(4160,1020,'SowingMethod METHOD','SowingMethod METHOD',NULL,0,0),
(4170,1020,'SowingDepth METHOD','SowingDepth METHOD',NULL,0,0),
(4180,1020,'SeedDistrib METHOD','SeedDistrib METHOD',NULL,0,0),
(4190,1020,'PlotWid METHOD','PlotWid METHOD',NULL,0,0),
(4200,1020,'PlotLng METHOD','PlotLng METHOD',NULL,0,0),
(4210,1020,'PlantingDensity METHOD','PlantingDensity METHOD',NULL,0,0),
(4250,1020,'MecWeedCtrlMETHOD','MecWeedCtrl METHOD',NULL,0,0),
(4260,1020,'IrrigMethod METHOD','IrrigMethod METHOD',NULL,0,0),
(4270,1020,'HarvestMethod METHOD','HarvestMethod METHOD',NULL,0,0),
(4280,1020,'Trial_Abbr METHOD','Trial_Abbr METHOD',NULL,0,0),
(4290,1020,'Measured','Measured observation',NULL,0,0),
(4300,1020,'Method for GM','Methodfor Grand mean',NULL,0,0),
(4310,1020,'Method for LSD1','Methodfor Least SignificantDiference 1%',NULL,0,0),
(4320,1020,'Method forPvalue','Method for pValue test for zero treatment effect',NULL,0,0),
(4330,1020,'Method for WaldDF','WaldDF  (system generated method)',NULL,0,0),
(4340,1020,'Method for WaldStatistic','WaldStatistic  (system generatedmethod)',NULL,0,0),
(4350,1020,'Method for CV','Method for Coefficient of variation',NULL,0,0),
(4360,1020,'Method for MSE','Method for Mean square error statistic',NULL,0,0),
(4370,1020,'Method for MaxLSD','MaxLSD  (system generated method)',NULL,0,0),
(4380,1020,'Method for MinLSD','MinLSD  (system generated method)',NULL,0,0),
(4390,1020,'Method for MeanLSD','MeanLSD  (system generated method)',NULL,0,0),
(4400,1020,'Method for MaxSED','MaxSED  (system generated method)',NULL,0,0),
(4410,1020,'Method forMinSED','MinSED (system generated method)',NULL,0,0),
(4420,1020,'Method for MeanSED','MeanSED  (system generated method)',NULL,0,0),
(4430,1020,'Method forMaxRep','MaxRep  (system generated method)',NULL,0,0),
(4440,1020,'Method for MinRep','MinRep  (system generated method)',NULL,0,0),
(4450,1020,'Method for MeanRep','MeanRep  (system generated method)',NULL,0,0),
(4460,1020,'Method for UpperQuartile','UpperQuartile(system generated method)',NULL,0,0),
(4470,1020,'Method for LowerQuartile','LowerQuartile  (system generated method)',NULL,0,0),
(4480,1020,'Method for Median','Median  (systemgenerated method)',NULL,0,0),
(4490,1020,'Methodfor Range','Range (system generated method)',NULL,0,0),
(4520,1020,'Method for SD','SD  (system generated method)',NULL,0,0),
(4530,1020,'Method for Variance','Variance  (system generated method)',NULL,0,0),
(4540,1020,'Method for NumMissing','NumMissing  (system generated method)',NULL,0,0),
(4550,1020,'Method for NumValues','NumValues  (system generated method)',NULL,0,0),
(4560,1020,'Method for NREP','Method for Number of Reps',NULL,0,0),
(4570,1020,'Method for EDF','Method forError Degrees of Freedom',NULL,0,0),
(6000,1030,'DBCV','Controlledvocabulary from adatabase',NULL,0,0),
(6010,1030,'DBID','Identifier from a database',NULL,0,0),
(6014,1030,'Breeding generation','Breeding generation of a population',NULL,0,0),
(6015,1030,'BMETH_CODE','Breeding method code (from the METHODS list)',NULL,0,0),
(6016,1030,'LOC_ABBR','Location abbreviation (from LOCATION.LABBR)',NULL,0,0),
(6020,1030,'Text','Text',NULL,0,0),
(6025,1030,'CSSI','Comma delimited string of integers',NULL,0,0),
(6030,1030,'Name','Name',NULL,0,0),
(6035,1030,'Number per plant','Number per plant',NULL,0,0),
(6036,1030,'Number per m**2','Number per square meter',NULL,0,0),
(6040,1030,'Number','Number',NULL,0,0),
(6041,1030,'Decimal + for N, - for S','The decimal latitude coordinate of the georeference, using positive and negative sign to indicate N and S, respectively',NULL,0,0),
(6042,1030,'Decimal + for E, - for W','The decimal longitude coordinate of the georeference, using positive and negativesign to indicate Eand W, respectively.',NULL,0,0),
(6045,1030,'Nested number','Number unique across the groups of a nesting factor',NULL,0,0),
(6050,1030,'Code for Project','Code',NULL,0,0),
(6060,1030,'Date (yyyymmdd)','Date (yyyymmdd)',NULL,0,0),
(6064,1030,'Year-month (yyyymm)','Year and month (yyyymm)',NULL,0,0),
(6065,1030,'Year (yyyy)','Year (yyyy)',NULL,0,0),
(6066,1030,'Month (mm)','Month (mm)',NULL,0,0),
(6067,1030,'Day (dd)','Day (dd)',NULL,0,0),
(6070,1030,'Type','Type',NULL,0,0),
(6080,1030,'Status','Status',NULL,0,0),
(6084,1030,'ml','millilitres',NULL,0,0),
(6085,1030,'cm','centimeters',NULL,0,0),
(6086,1030,'m','meters',NULL,0,0),
(6087,1030,'g','grams',NULL,0,0),
(6088,1030,'kg','kilograms',NULL,0,0),
(6089,1030,'l','litres',NULL,0,0),
(6090,1030,'Kg/ha','Kg/ha scale',NULL,0,0),
(6095,1030,'m**2','meters squared',NULL,0,0),
(6100,1030,'pH','pH scale',NULL,0,0),
(6105,1030,'Packets','Number of packets',NULL,0,0),
(6110,1030,'Accession name','Unique accession number or name in a genebank or germplasm collection',NULL,0,0),
(6115,1030,'Pedigree string','Pedigree string',NULL,0,0),
(6120,1030,'Degree centigrade','Degree centigrade',NULL,0,0),
(6130,1030,'mm*2','square millimeters',NULL,0,0),
(6140,1030,'PlotCoordinate','Plot Coordinate',NULL,0,0),
(6150,1030,'Roguing_Y_N scale','Y=Yes, N=No',NULL,0,0),
(6160,1030,'seed/plot','seed per plot',NULL,0,0),
(6170,1030,'seed/m2','seed per square m',NULL,0,0),
(6180,1030,'g/plot','grams per plot',NULL,0,0),
(6190,1030,'t','tonnes',NULL,0,0),
(8005,1040,'STUDY_NAME','Study - assigned (DBCV)',NULL,0,0),
(8006,1040,'STUDY_STATUS','Studystatus - Assigned(code)',NULL,0,0),
(8007,1040,'STUDY_TITLE','Study title - assigned (text)',NULL,0,0),
(8008,1040,'STUDY_DATE','Date the study was created',NULL,0,0),
(8009,1040,'STUDY_UPDATE','Date the study was last updated - assigned (YYYYMMDD)',NULL,0,0),
(8010,1040,'USER_NAME','Study user- assigned (DBCV)',NULL,0,0),
(8021,1040,'Dataset_UID','ID of the user entering the dataset - assigned (DBID)',NULL,0,0),
(8030,1040,'STUDY_OBJECTIVE','Objective -described (text)',NULL,0,0),
(8040,1040,'PM_KEY','Project management key - assigned (text)',NULL,0,0),
(8045,1040,'PCODE','Project code - identifies the project to which a list or study belongs',NULL,0,0),
(8048,1000,'creation date','Creation Datetime',NULL,0,0),
(8049,1000,'last update date','Date time of when variable was updated',NULL,0,0),
(8050,1040,'START_DATE','Start date - assigned (date)',NULL,0,0),
(8060,1040,'END_DATE','End date -assigned (date)',NULL,0,0),
(8065,1040,'NURSERY_TYPE','Type of nursery -assigned (type)',NULL,0,0),
(8066,1040,'Generation','Nursery generation',NULL,0,0),
(8070,1040,'STUDY_TYPE','Study type - assigned (type)',NULL,0,0),
(8071,1040,'STUDY_CODE','Study code - assigned (text)',NULL,0,0),
(8080,1040,'STUDY_INSTITUTE','Study institute -conducted (DBCV)',NULL,0,0),
(8090,1040,'INSTITUTE_ID','Study institute ID - conducted (DBID)',NULL,0,0),
(8100,1040,'PI_NAME','Principal investigator - assigned (DBCV)',NULL,0,0),
(8110,1040,'PI_ID','Principal investigator - assigned (DBID)',NULL,0,0),
(8115,1040,'PI_NAME_TEXT','Principalinvestigator- assigned (Name)',NULL,0,0),
(8120,1040,'STUDY_IP','Study IP status - assigned (status)',NULL,0,0),
(8130,1040,'RELEASE_DATE','Studyrelease - assigned (date)',NULL,0,0),
(8131,1040,'NREP','Number of replications in an experiment',NULL,0,0),
(8132,1040,'BSIZE','Block Size for incomplete block designs',NULL,0,0),
(8133,1040,'RMAP','Replications will be arranged in the field as: 1. single row, 2. single column, or 3. adjacent columns',NULL,0,0),
(8134,1040,'NREPC','Number of reps in each column, running from left toright: (notedas numbers separated by colmmas, e.g. 1,1,1)',NULL,0,0),
(8135,1040,'EXPT_DESIGN','Experimentaldesign - assigned (type)',NULL,0,0),
(8136,1040,'NRREP','Number of rows in replications:',NULL,0,0),
(8137,1040,'NCREP','Number of columns in replications:',NULL,0,0),
(8138,1040,'NRLAT','Number of contiguous rows to latinize:',NULL,0,0),
(8139,1040,'NCLAT','Number of contiguous columns to latinize:',NULL,0,0),
(8140,1040,'DATASET_ID','Data set ID - assigned (DBID)',NULL,0,0),
(8142,1040,'NBLAT','Number of contiguous blocks to latinize',NULL,0,0),
(8143,3060,'1','Reps in single row',NULL,0,0),
(8144,3060,'2','Reps in single column',NULL,0,0),
(8145,3060,'3','Reps in adjacent columns',NULL,0,0),
(8146,1040,'POIL','Plot order in layout',NULL,0,0),
(8147,3070,'1','Plotorder by rows',NULL,0,0),
(8148,3070,'2','Plot order by columns',NULL,0,0),
(8149,3070,'3','Serpentine by rows',NULL,0,0),
(8150,1040,'DATASET_NAME','Dataset name - assigned (DBCV)',NULL,0,0),
(8151,3070,'4','Serpentine by columns',NULL,0,0),
(8155,1040,'DATASET_TITLE','Dataset title - assigned (Text)',NULL,0,0),
(8160,1040,'DATASET_TYPE','Dataset type -assigned (type)',NULL,0,0),
(8165,1040,'EXPT_DESIGN_SOURCE','Sourceof the experimental design. For examplethe name of csv file used for custom or preset designs.',NULL,0,0),
(8170,1040,'TRIAL_INSTANCE','Trial instance - enumerated (number)',NULL,0,0),
(8180,1040,'LOCATION_NAME','Location - selected (DBCV)',NULL,0,0),
(8185,1040,'TRIAL_CODE','Trial code - assigned (text)',NULL,0,0),
(8186,1040,'Trial_Location','Location - assigned (Name)',NULL,0,0),
(8189,1040,'LOCATION_ABBR','Location code - assigned (LOC_ABBR)',NULL,0,0),
(8190,1040,'LOCATION_ID','Location - selected (DBID)',NULL,0,0),
(8191,1040,'SITE_LAT','Latitude of site - observed (decimal + for N, - for S)',NULL,0,0),
(8192,1040,'SITE_LONG','Longitude of site - observed (decimal + for E , - for W)',NULL,0,0),
(8193,1040,'SITE_DATUM','Geodetic datum for lat, long - observed (text)',NULL,0,0),
(8194,1040,'SITE_ALT','Altitude of site - observed (m)',NULL,0,0),
(8195,1040,'SITE_CODE','Site code - assigned (text)',NULL,0,0),
(8196,1040,'SITE_NAME','Site name - Assigned (text)',NULL,0,0),
(8200,1040,'PLOT_NO','Field plot - enumerated (number)',NULL,0,0),
(8201,1040,'PLOT_ID','Field plot id - assigned (text)',NULL,0,0),
(8210,1040,'REP_NO','Replication - assigned (number)',NULL,0,0),
(8220,1040,'BLOCK_NO','Block - assigned (number)',NULL,0,0),
(8221,1040,'SUB_BLOCK','Sub-block or incomplete block in a field design - assigned (number)',NULL,0,0),
(8222,1040,'SUB_PLOT','Sub-plot sampling unit within a field plot -assigned (number)',NULL,0,0),
(8230,1040,'ENTRY_NO','Germplasm entry - enumerated (number)',NULL,0,0),
(8240,1040,'GID','Germplasm identifier - assigned (DBID)',NULL,0,0),
(8241,1040,'NFERT_NO','Nitrogen fertilizer treatment level (1,2, ...)',NULL,0,0),
(8250,1040,'DESIGNATION','Germplasm identifier - assigned (DBCV)',NULL,0,0),
(8251,1040,'STUDY_BM_CODE','Breeding method applied to all plots in a study (CODE)',NULL,0,0),
(8252,1040,'BM_CODE_VTE','Breeding methodobserved on each plot (CODE)',NULL,0,0),
(8253,1040,'PLOT_BM_CODE','Breeding method applied to each plot in a study (CODE)',NULL,0,0),
(8255,1040,'ENTRY_TYPE','Entry type (test/check)- assigned (type)',NULL,0,0),
(8256,1040,'STUDY_BMETH','Breeding method applied to all plots (DBCV)',NULL,0,0),
(8257,1040,'STUDY_BM_ID','ID of breeding method applied to all plots (DBID)',NULL,0,0),
(8258,1040,'PLOT_BMETH','Breeding method applied to each plot (DBCV)',NULL,0,0),
(8259,1040,'PLOT_BM_ID','ID of breeding method appliedto each plot (DBID)',NULL,0,0),
(8260,1040,'NFert_kg_ha','N fertilizer treatment - applied (kg/ha)',NULL,0,0),
(8261,1040,'BMETH_VTE','Breeding method observed on each plot (DBCV)',NULL,0,0),
(8262,1040,'BM_ID_VTE','ID of breeding method observed on each plot (DBID)',NULL,0,0),
(8263,1040,'NPSEL','Number of plants selected - counted (number)',NULL,0,0),
(8264,1040,'SEED_AMOUNT_g','Seed inventory amount deposited or withdrawn (g)',NULL,0,0),
(8266,1040,'SEED_AMOUNT_No','Seed inventoryamount deposited or withdrawn (no)',NULL,0,0),
(8267,1040,'SEED_AMOUNT_kg','Seed inventory amount deposited or withdrawn (kg)',NULL,0,0),
(8268,1040,'SEED_AMOUNT_Packets','Seed inventory amountdeposited or withdrawn (packets)',NULL,0,0),
(8269,1040,'StockID','IDof an inventory deposit',NULL,0,0),
(8270,1040,'SITE_SOIL_PH','Soil acidity - ph meter (pH)',NULL,0,0),
(8300,1040,'ENTRY_CODE','Germplasm ID - Assigned (Code)',NULL,0,0),
(8310,1040,'ACCNO','Germplasm ID - Assigned (Accession name)',NULL,0,0),
(8320,1040,'GERM_SOURCE','Germplasm ID - Selected (Name)',NULL,0,0),
(8330,1040,'GROUPGID','Germplasm group - Assigned (DBID)',NULL,0,0),
(8340,1040,'GROUP','Germplasm group - Assigned (Text)',NULL,0,0),
(8350,1040,'PLOT_CODE','Field plot - Assigned (Code)',NULL,0,0),
(8360,1040,'SEED_SOURCE','Seed source - Selected (Code)',NULL,0,0),
(8369,1040,'Crop_Season_Start_Month','Crop season start month (YYYYMM)',NULL,0,0),
(8370,1040,'CROP_SEASON','Season - Assigned (Text)',NULL,0,0),
(8371,1040,'Crop_season_Code','Season - Assigned (Code)',NULL,0,0),
(8372,1040,'COOPERATOR_ID','COOPERATOR ID -Assigned (DBID)',NULL,0,0),
(8373,1040,'COOPERATOR','COOPERATOR NAME',NULL,0,0),
(8377,1040,'CROSS','The pedigree string of the germplasm',NULL,0,0),
(8378,1040,'SOURCE','The seed source of the germplasm - selected (Name)',NULL,0,0),
(8380,1040,'PLOT_NNO','Plot number distinct over trials - enumerated (nested number)',NULL,0,0),
(8383,1040,'SEEDING_DATE','Date Seeded - applied (yyyymmdd)',NULL,0,0),
(8384,1040,'TranspltD_date','Date Transplanted -applied (yyyymmdd)',NULL,0,0),
(8386,1040,'NoRows_integer','Number of rows/plot used throught a trial or nursery',NULL,0,0),
(8387,1040,'RowSpacing_cm','Spacing between rows used throughout a trial or nursery',NULL,0,0),
(8388,1040,'PLOT_ROWS','Number of plant rows per plot (each plot may differ)',NULL,8386,0),
(8390,1040,'NOTES','Field notes - observed (text)',NULL,0,0),
(8391,1040,'Notes_1','First comment (used for one of a series of notes needed for anyreason)',NULL,0,0),
(8392,1040,'Notes_2','Second comment (used for one of a series of notes needed for any reason)',NULL,0,0),
(8393,1040,'Notes_3','Thirdcomment (used for one of a series of notes needed for any reason)',NULL,0,0),
(8400,1040,'FIELDMAP COLUMN','Column coordinate of plot in fieldplan',NULL,0,0),
(8410,1040,'FIELDMAP RANGE','Row coordinate of plot in fieldplan',NULL,0,0),
(8411,1040,'CHECK_START','Plotposition where first check will be inserted',NULL,0,0),
(8412,1040,'CHECK_INTERVAL','Number of plots between check insertion points',NULL,0,0),
(8413,1040,'CHECK_PLAN','Check insertion method - 1=insert each check in turn, 2= insert all checks ateach position',NULL,0,0),
(8414,3080,'1','Insert each check in turn',NULL,0,0),
(8415,3080,'2','Insert all checks ateach position',NULL,0,0),
(8580,1011,'General','General trait class',NULL,0,0),
(8581,1040,'ROW','Row number within a row-column design',NULL,0,0),
(8582,1040,'COL','Column number within a row-column design',NULL,0,0),
(8583,1040,'BLOCK_ID','ID of a Block within a field',NULL,0,0),
(8584,1040,'BLOCK_NAME','Name of a Block within a field',NULL,0,0),
(8590,1040,'PlantingDTreat_text','Planting date treatment',NULL,0,0),
(8600,1040,'PlantingDTreat_number','Planting date treatment level (1,2, …)',NULL,0,0),
(8611,3090,'Early','Early planting date',NULL,0,0),
(8612,3090,'Late','Late planting date',NULL,0,0),
(8620,1040,'PlantingDensity_kg_ha','Planting density as seed or propagule rate at planting',NULL,0,0),
(8630,1040,'GermiTest_date','Date of germination test',NULL,0,0),
(8640,1040,'Mega_Environment','MEGA is the Mega Environment for a Cross origin, a text string of up to 3 letters.',NULL,0,0),
(8650,1040,'FB_Type','Fieldbook type',NULL,0,0),
(8660,1040,'Cooperator_Email','Cooperator Email',NULL,0,0),
(8670,1040,'Trial_Type','Code for trial type or series',NULL,0,0),
(8680,1040,'STUDY_ABBR','Trial name abbreviation',NULL,0,0),
(8690,1040,'HarvestMethod_text','Harvest method (hand, combine)',NULL,0,0),
(8700,1040,'IrrigMethod_text','Irrigation method',NULL,0,0),
(8710,1040,'SEED_AMOUNT_t','Seed inventory amount deposited or withdrawn (t)',NULL,0,0),
(8720,1040,'PlantingDensity_g_plot','Planting density as seedor propagule rate at planting',NULL,0,0),
(8730,1040,'TillSytem_text','Tillage system (conventional, reduced, no-till)',NULL,0,0),
(8740,1040,'PlantingDensity_seed_m2','Planting density asseed or propagule rate at planting',NULL,0,0),
(8750,1040,'PlantingDensity_seed_plot','Planting density as seed orpropagule rate at planting',NULL,0,0),
(8760,1040,'PlotLng_m','Plot length',NULL,0,0),
(8770,1040,'PlotWid_m','Plot width',NULL,0,0),
(8780,1040,'Roguing_Y_N','Roguing (removingundesirable plants) (yes/no)',NULL,0,0),
(8790,1040,'SeedDistrib_text','Seed distribution (solid rows, pairedrows, broadcast)',NULL,0,0),
(8800,1040,'SowingDepth_cm','Sowing depth',NULL,0,0),
(8810,1040,'SowingMethod_text','Sowing method (hand, planter)',NULL,0,0),
(8820,1040,'ThresherMethod_text','Thresher method (hand, stationary, combine)',NULL,0,0),
(8830,1040,'MecWeedCtrl_date','Mechanical weed control',NULL,0,0),
(8831,1040,'NBLKS','Number of blocks in an experimental design.',NULL,0,0),
(8832,1010,'ED - number of blocks','ED - number of blocks',NULL,0,0),
(8833,1010,'EREP','Number of repetitions ',NULL,0,0),
(8834,1040,'EREP_N','Number of repetitions of each entry in the germplasm list',NULL,0,0),
(8835,1010,'INBRED LINE','parental line',NULL,0,0),
(8836,1040,'LINE_GID','GID of the parental line being tested in each hybrid',NULL,0,0),
(8837,1040,'LINE_NAME','Designation ofthe parental line being tested in each hybrid',NULL,0,0),
(8838,1010,'TESTER LINE','tester used in the formation of each hybrid',NULL,0,0),
(8839,1040,'TESTER_GID','GID of thetester used in the formation of each hybrid',NULL,0,0),
(8840,1040,'TESTER_NAME','Designation of the tester used in the formation ofeach hybrid',NULL,0,0),
(10000,2010,'N','Nursery',NULL,0,0),
(10001,2010,'HB','Hybridization nursery',NULL,0,0),
(10002,2010,'PN','Pedigree nursery',NULL,0,0),
(10003,2010,'CN','Characterization nursery',NULL,0,0),
(10005,2010,'OYT','Observational yield trial',NULL,0,0),
(10010,2010,'T','Trial',NULL,0,0),
(10015,2010,'RYT','Replicated yield trial',NULL,0,0),
(10017,2010,'OFT','On farm trial',NULL,0,0),
(10020,2010,'S','Survey',NULL,0,0),
(10030,2010,'E','Experiment',NULL,0,0),
(10040,2030,'C','Copy right',NULL,0,0),
(10050,2030,'O','Open commons',NULL,0,0),
(10055,2040,'UNREP','Unreplicated demonstration',NULL,0,0),
(10060,2020,'SC','Study conditions',NULL,0,0),
(10070,2020,'MD','Means data for each trial instance',NULL,0,0),
(10080,2020,'SD','Environment conditions and summary data',NULL,0,0),
(10090,2020,'PD','Plot data',NULL,0,0),
(10091,2020,'SS','Sub-sample data',NULL,0,0),
(10092,2020,'WD','Weather data',NULL,0,0),
(10093,2020,'OM','Means over trial instances',NULL,0,0),
(10100,2040,'CRD','Completely randomized design',NULL,0,0),
(10110,2040,'RCBD','Randomized complete block design',NULL,0,0),
(10120,2040,'Alpha','Alpha lattice',NULL,0,0),
(10130,2040,'RIBD','Resolvable incomplete block design',NULL,0,0),
(10140,2040,'NRIBD','Non resolvable incomplete block design',NULL,0,0),
(10145,2040,'RRCD','Resolvable row-column design',NULL,0,0),
(10150,2040,'NRRCD','Non resolvable row-column design',NULL,0,0),
(10160,2040,'Augmented','Augmented design',NULL,0,0),
(10165,2040,'SP','Split-plot design',NULL,0,0),
(10166,2040,'RIBDL','Resolvable Incomplete Block Design (Latinized)',NULL,0,0),
(10167,2040,'RRCDL','Resolvable Row-and-Column Design (Latinized)',NULL,0,0),
(10168,2040,'EGDGN','Externally generated design',NULL,0,0),
(10170,2050,'T','Test entry',NULL,0,0),
(10180,2050,'C','Check entry',NULL,0,0),
(10190,2050,'D','Disease check',NULL,0,0),
(10200,2050,'S','Stress check',NULL,0,0),
(10210,3040,'SEG','Segregating nursery',NULL,0,0),
(10220,3040,'HAP','Haploid nursery',NULL,0,0),
(10230,3040,'DHN','Double haploid nursery',NULL,0,0),
(10240,3040,'OBS','Observational nursery',NULL,0,0),
(10250,3040,'BSN','Biotic stress nursery',NULL,0,0),
(10260,3040,'ASN','Abiotic stress nursery',NULL,0,0),
(10270,3040,'PTN','Parent test nursery',NULL,0,0),
(10280,3040,'ILN','Inbred line nursery',NULL,0,0),
(10290,2070,'0','Dry season',NULL,0,0),
(10300,2070,'1','Wet season',NULL,0,0),
(12951,3050,'PR','Parent',NULL,0,0),
(12952,3050,'F1','F1 generation',NULL,0,0),
(12953,3050,'F2','F2 generation',NULL,0,0),
(12954,3050,'F3','F3generation',NULL,0,0),
(12955,3050,'F4','F4 generation',NULL,0,0),
(12956,3050,'F5','F5 generation',NULL,0,0),
(12957,3050,'F6','F6 generation',NULL,0,0),
(12958,3050,'AD','Advanced generation',NULL,0,0),
(12959,3050,'MX','Mixed generations',NULL,0,0),
(12961,3050,'OT','Other',NULL,0,0),
(16000,1020,'Dry and weigh','Dry and weigh',NULL,0,0),
(16010,1020,'Soil to tip at maturity','Soilto tip at maturity',NULL,0,0),
(16020,1020,'Count days after sowing','Count days after sowing',NULL,0,0),
(16030,1020,'Visual assessment','Visual assessment',NULL,0,0),
(16040,1020,'Counting','Counting',NULL,0,0),
(16050,1020,'Visual assessment atseedling stage','Visual assessment at seedlingstage',NULL,0,0),
(16060,1020,'Visual assessment at maturity','Visual assessment at maturity',NULL,0,0),
(16070,1020,'Weigh 1000 dry grains','Weigh 1000 dry grains',NULL,0,0),
(16075,1020,'Weigh 100 dry grains','Weigh 100 dry grains',NULL,0,0),
(16080,1020,'Calculateyield/biomas','Calculate yield/biomas',NULL,0,0),
(16090,1020,'LS MEAN','Least squares mean of plot data',NULL,0,0),
(16091,1020,'Statistical analysis','Value resulting from a statistical analysis',NULL,0,0),
(16095,1020,'ERROR ESTIMATE','Estimated unit errorsfrom statistical analysis',NULL,0,0),
(16100,1020,'Method forSEM','Standard error of a mean',NULL,0,0),
(16110,1020,'Method for LSD','Leastsignificant difference 5%',NULL,0,0),
(16120,1020,'Method for MIN','Minimum of a set of values',NULL,0,0),
(16130,1020,'Method for MAX','Maximum of a set of values',NULL,0,0),
(16140,1020,'Method for H','Heritability calculation',NULL,0,0),
(17010,1030,'t/ha','Tonnesper hectare',NULL,0,0),
(17021,1030,'mm','milimeter',NULL,0,0),
(17050,1030,'Percent','Percent',NULL,0,0),
(17070,1030,'Index','Index',NULL,0,0),
(17080,1030,'g/1000 grains','g/1000 grains',NULL,0,0),
(17090,1030,'g/100 grains','g/100 grains',NULL,0,0),
(17100,1030,'Number/square meter','Number/square meter',NULL,0,0),
(17110,1030,'Ratio','Ratio of numbers',NULL,0,0),
(17120,1030,'cm/day','cm per day',NULL,0,0),
(17130,1030,'Mpa','Megapascal',NULL,0,0),
(17140,1030,'pg/g','Picogram per gram',NULL,0,0),
(17150,1030,'uF','Microfarad',NULL,0,0),
(17160,1030,'rank','Rank order',NULL,0,0),
(17261,1030,'Type of NURSERY_TYPE','Type of NURSERY_TYPE_generated',NULL,0,0),
(17262,1030,'Type of STUDY_TYPE','Type of STUDY_TYPE_generated',NULL,0,0),
(17263,1030,'Code of STUDY_CODE','Code of STUDY_CODE_generated',NULL,0,0),
(17264,1030,'Code of RMAP','Code of RMAP_generated',NULL,0,0),
(17265,1030,'Type of EXPT_DESIGN','Type of EXPT_DESIGN_generated',NULL,0,0),
(17266,1030,'Code of POIL','Codeof POIL_generated',NULL,0,0),
(17267,1030,'Type of DATASET_TYPE','Type of DATASET_TYPE_generated',NULL,0,0),
(17268,1030,'Code of SITE_CODE','Code of SITE_CODE_generated',NULL,0,0),
(17269,1030,'Type of ENTRY_TYPE','Type of ENTRY_TYPE_generated',NULL,0,0),
(17270,1030,'Code of ENTRY_CODE','Code of ENTRY_CODE_generated',NULL,0,0),
(17271,1030,'Code of PLOT_CODE','Code of PLOT_CODE_generated',NULL,0,0),
(17272,1030,'Code of SEED_SOURCE','Code of SEED_SOURCE_generated',NULL,0,0),
(17273,1030,'Code of Crop_season_Code','Code of Crop_season_Code_generated',NULL,0,0),
(17274,1030,'Date (yyyymmdd) of SEEDING_DATE','Date (yyyymmdd)of SEEDING_DATE_generated',NULL,0,0),
(17275,1030,'Date (yyyymmdd) of TranspltD_date','Date (yyyymmdd) ofTranspltD_date_generated',NULL,0,0),
(17276,1030,'Code of CHECK_PLAN','Code of CHECK_PLAN_generated',NULL,0,0),
(17277,1030,'Text of PlantingDTreat_text','Text of PlantingDTreat_text_generated',NULL,0,0),
(17278,1030,'Name of Mega_Environment','Name of Mega_Environment_generated',NULL,0,0),
(17279,1030,'Code of FB_Type','Code of FB_Type_generated',NULL,0,0),
(17280,1030,'Code of Trial_Type','Code of Trial_Type_generated',NULL,0,0),
(17283,1010,'Selection Criteria','Value indicating trait(s) under selection for a particular advancement',NULL,0,0),
(17284,1030,'STCodes','Selection trait codes',NULL,0,0),
(17285,3091,'DT','Drought tolerance',NULL,0,0),
(17286,3091,'HT','Heat tolerance',NULL,0,0),
(17287,3091,'DH','Drought and heat tolerance',NULL,0,0),
(17288,3091,'NU','Nitrogen use efficiency',NULL,0,0),
(17289,3091,'RR','Rust resistance',NULL,0,0),
(17290,1040,'Selection_Trait','Values indicate trait(s) under selection in a particular advancement process',NULL,0,0),
(17291,3092,'Y','Yes',NULL,0,0),
(17292,3092,'N','No',NULL,0,0),
(100000,1000,'Max_CvtermID','Maximum cvterm id for the crop. Next cvterm ids are institute-specific.',NULL,0,0);
                                                                                                                                    
/*Data for the table `cvterm_relationship` */                                                                                       
                                                                                                                                    
INSERT  INTO `cvterm_relationship`(`cvterm_relationship_id`,`type_id`,`subject_id`,`object_id`) VALUES
(8471,1105,1000,1090),
(8440,1225,1001,1000),
(8468,1105,1001,1090),
(8441,1225,1002,1000),
(8469,1105,1002,1090),
(8442,1225,1003,1000),
(8470,1105,1003,1090),
(8420,1225,1010,1003),
(8421,1225,1011,1003),
(8422,1225,1012,1003),
(8423,1225,1015,1003),
(8424,1225,1016,1003),
(8425,1225,1017,1003),
(8426,1225,1020,1003),
(8427,1225,1021,1003),
(8428,1225,1022,1003),
(8429,1225,1023,1003),
(8430,1225,1024,1003),
(8431,1225,1025,1003),
(1006,1225,1030,1003),
(1007,1225,1035,1003),
(1008,1225,1037,1003),
(8433,1225,1040,1003),
(8434,1225,1041,1003),
(8435,1225,1042,1003),
(8436,1225,1043,1003),
(8443,1225,1044,1000),
(8387,1225,1045,1001),
(5121,1105,1045,1090),
(8437,1225,1046,1003),
(8438,1225,1047,1003),
(8439,1225,1048,1003),
(1000,1225,1050,1045),
(5122,1105,1050,1090),
(1001,1225,1055,1045),
(5119,1105,1055,1090),
(8444,1225,1060,1000),
(8445,1225,1070,1000),
(1010,1225,1080,1045),
(5123,1105,1080,1090),
(1020,1225,1085,1045),
(5124,1105,1085,1090),
(1002,1225,1086,1045),
(5118,1105,1086,1090),
(1030,1225,1087,1045),
(5125,1105,1087,1090),
(8412,1225,1090,1002),
(8394,1225,1100,1045),
(8475,1105,1100,1090),
(8446,1225,1105,1000),
(8413,1225,1110,1002),
(8447,1225,1113,1000),
(8448,1225,1115,1000),
(8414,1225,1117,1002),
(8415,1225,1118,1002),
(8416,1225,1120,1002),
(8417,1225,1125,1002),
(8418,1225,1128,1002),
(8419,1225,1130,1002),
(8449,1225,1140,1000),
(8450,1225,1150,1000),
(8451,1225,1155,1000),
(8452,1225,1160,1000),
(8453,1225,1170,1000),
(8454,1225,1180,1000),
(8455,1225,1190,1000),
(8456,1225,1200,1000),
(8457,1225,1210,1000),
(8458,1225,1220,1000),
(8459,1225,1225,1000),
(8706,1225,1226,1000),
(8698,1225,1227,1000),
(8460,1225,1230,1000),
(8461,1225,1240,1000),
(8462,1225,1250,1000),
(8699,1225,1251,1000),
(8700,1225,1252,1000),
(8701,1225,1253,1000),
(8702,1225,1254,1000),
(8703,1225,1255,1000),
(8704,1225,1256,1000),
(8705,1225,1257,1000),
(5127,1105,1260,1090),
(1050,1225,1260,1100),
(5128,1105,1270,1090),
(1060,1225,1270,1100),
(1070,1225,1280,1080),
(5129,1105,1280,1090),
(1080,1225,1290,1080),
(5131,1105,1290,1090),
(5132,1105,1300,1090),
(1090,1225,1300,1280),
(5133,1105,1310,1090),
(1100,1225,1310,1280),
(5134,1105,1320,1090),
(1110,1225,1320,1280),
(1111,1225,1321,1045),
(1321,1105,1321,1090),
(8403,1225,1330,1001),
(15000,1105,1330,1090),
(8464,1105,1340,1090),
(15010,1225,1340,1330),
(8691,1105,1345,1090),
(15011,1225,1345,1330),
(8473,1105,1350,1090),
(15020,1225,1350,1330),
(8465,1105,1360,1090),
(15030,1225,1360,1330),
(9060,1105,1364,1090),
(9061,1225,1364,1330),
(8467,1105,1370,1090),
(15031,1225,1370,1330),
(8474,1105,1380,1090),
(15032,1225,1380,1330),
(8466,1105,1390,1090),
(15033,1225,1390,1360),
(8472,1105,1400,1090),
(15034,1225,1400,1360),
(8463,1105,1410,1090),
(15035,1225,1410,1330),
(8476,1225,1420,1000),
(8718,1105,1430,1090),
(8719,1225,1430,1340),
(8720,1105,1440,1090),
(8721,1225,1440,1340),
(8722,1105,1450,1090),
(8723,1225,1450,1340),
(1112,1225,1460,1045),
(1125,1105,1460,1090),
(1126,1105,1470,1090),
(1113,1225,1470,1460),
(1127,1105,1480,1090),
(1114,1225,1480,1460),
(1128,1105,1490,1090),
(1115,1225,1490,1480),
(1129,1105,1510,1090),
(1116,1225,1510,1480),
(1130,1105,1520,1090),
(1117,1225,1520,1460),
(1131,1105,1530,1090),
(1118,1225,1530,1520),
(1132,1105,1540,1090),
(1119,1225,1540,1520),
(1133,1105,1550,1090),
(1120,1225,1550,1520),
(1134,1105,1560,1090),
(1121,1225,1560,1470),
(1135,1105,1570,1090),
(1122,1225,1570,1470),
(1136,1105,1580,1090),
(1123,1225,1580,1470),
(1137,1105,1590,1090),
(1124,1225,1590,1470),
(17355,1105,1901,1131),
(17356,1105,1902,1131),
(17357,1105,1903,1132),
(17358,1105,1904,1132),
(17359,1105,1905,1134),
(17360,1105,1906,1134),
(17361,1105,1907,1135),
(17362,1105,1908,1135),
(17363,1105,1909,1136),
(17364,1105,1910,1136),
(1200,1225,2000,1050),
(17342,1225,2002,1050),
(17343,1225,2002,1055),
(1202,1225,2002,1086),
(1210,1225,2010,1050),
(1220,1225,2012,1050),
(1230,1225,2014,1050),
(8707,1225,2015,1050),
(1240,1225,2020,1055),
(1241,1225,2030,1055),
(1245,1225,2040,1050),
(1516,1225,2045,1050),
(1250,1225,2050,1050),
(1260,1225,2052,1050),
(1252,1225,2053,1080),
(1270,1225,2054,1080),
(1280,1225,2056,1080),
(1290,1225,2058,1080),
(1300,1225,2060,1080),
(1305,1225,2065,8580),
(1310,1225,2070,1050),
(17344,1225,2080,1050),
(1320,1225,2080,1080),
(17352,1225,2080,1300),
(1330,1225,2090,1050),
(1340,1225,2100,1080),
(17353,1225,2100,1300),
(1350,1225,2105,1050),
(1360,1225,2110,1080),
(1370,1225,2120,1100),
(1380,1225,2122,1080),
(1390,1225,2123,1080),
(17345,1225,2123,1100),
(1400,1225,2124,1080),
(1410,1225,2126,1080),
(1420,1225,2128,1080),
(1430,1225,2129,1080),
(1440,1225,2130,1100),
(1450,1225,2140,1100),
(8992,1225,2141,1100),
(8993,1225,2142,1100),
(8994,1225,2143,1100),
(8995,1225,2144,1100),
(8996,1225,2145,1100),
(8997,1225,2146,1100),
(8998,1225,2147,1100),
(8999,1225,2148,1100),
(9000,1225,2149,1100),
(1460,1225,2150,1100),
(9001,1225,2151,1100),
(9002,1225,2152,1100),
(9019,1225,2153,1100),
(9020,1225,2154,1100),
(9021,1225,2155,1100),
(1470,1225,2160,1100),
(1480,1225,2170,1100),
(1490,1225,2180,1100),
(1500,1225,2182,1100),
(1510,1225,2190,1100),
(17341,1225,2191,1080),
(1520,1225,2200,1087),
(9088,1225,2204,1087),
(1530,1225,2205,1087),
(1535,1225,2206,1087),
(1540,1225,2207,1087),
(1550,1225,2208,1087),
(1555,1225,2209,1087),
(1570,1225,2220,1300),
(1580,1225,2230,1300),
(1590,1225,2240,1300),
(1600,1225,2250,1300),
(1610,1225,2260,1080),
(1620,1225,2270,1080),
(1630,1225,2280,1080),
(1631,1225,2285,1080),
(1640,1225,2290,1310),
(1650,1225,2300,1310),
(1660,1225,2305,1310),
(1670,1225,2310,1310),
(1680,1225,2320,1310),
(1690,1225,2325,1310),
(1700,1225,2330,1310),
(1710,1225,2340,1310),
(1720,1225,2350,1310),
(1730,1225,2360,1310),
(1740,1225,2370,1310),
(1750,1225,2380,1310),
(1760,1225,2390,1310),
(1770,1225,2400,1310),
(1780,1225,2403,1310),
(1790,1225,2405,1085),
(1800,1225,2410,1085),
(1810,1225,2420,1085),
(1820,1225,2430,1085),
(1830,1225,2440,1085),
(1840,1225,2450,1300),
(1850,1225,2451,1080),
(17351,1225,2451,1300),
(1860,1225,2452,1300),
(1870,1225,2460,1300),
(1880,1225,2470,1320),
(1890,1225,2475,1300),
(1900,1225,2477,1320),
(1910,1225,2478,1320),
(1920,1225,2480,1320),
(1930,1225,2481,1320),
(1940,1225,2482,1320),
(1950,1225,2490,1320),
(1955,1225,2495,1320),
(1960,1225,2500,1085),
(1970,1225,2510,1085),
(1980,1225,2515,1085),
(1990,1225,2520,1085),
(2000,1225,2530,1085),
(2010,1225,2540,1085),
(2020,1225,2550,1290),
(2030,1225,2560,1290),
(2040,1225,2570,1320),
(2050,1225,2580,1320),
(2060,1225,2590,1320),
(2070,1225,2600,1345),
(2080,1225,2610,1260),
(2090,1225,2620,1260),
(17354,1225,2620,1530),
(2100,1225,2630,1260),
(2110,1225,2640,1340),
(17350,1225,2640,1530),
(2120,1225,2650,1260),
(2130,1225,2655,1087),
(2140,1225,2657,1260),
(2150,1225,2660,1270),
(2160,1225,2670,1270),
(2170,1225,2680,1270),
(2166,1225,2690,1085),
(2167,1225,2700,1085),
(2168,1225,2710,1085),
(2169,1225,2720,1085),
(2178,1225,2730,1085),
(2171,1225,2740,1085),
(2172,1225,2750,1085),
(2173,1225,2760,1085),
(2174,1225,2770,1085),
(2175,1225,2780,1085),
(2176,1225,2790,1085),
(2177,1225,2800,1300),
(17488,1220,3001,3003),
(17486,1200,3001,3005),
(17484,1210,3001,4030),
(17489,1220,3002,3004),
(17487,1200,3002,3006),
(17485,1210,3002,4030),
(17473,1105,3003,1130),
(17475,1190,3003,3010),
(17476,1190,3003,3011),
(17477,1190,3003,3012),
(17474,1105,3004,1130),
(17478,1190,3004,3074),
(17479,1190,3004,3075),
(17480,1190,3004,3076),
(17481,1190,3004,3077),
(17482,1225,3005,1270),
(17483,1225,3006,1080),
(17365,1105,6000,1110),
(17366,1105,6010,1120),
(17372,1105,6014,1130),
(8890,1190,6014,12951),
(8891,1190,6014,12952),
(8892,1190,6014,12953),
(8893,1190,6014,12954),
(8894,1190,6014,12955),
(8895,1190,6014,12956),
(8896,1190,6014,12957),
(8897,1190,6014,12958),
(8898,1190,6014,12959),
(8899,1190,6014,12961),
(17388,1105,6015,1120),
(17383,1105,6016,1120),
(17368,1105,6020,1120),
(17379,1105,6025,1120),
(17375,1105,6030,1120),
(17426,1105,6035,1110),
(17427,1105,6036,1110),
(17377,1105,6040,1110),
(17384,1105,6041,1110),
(17385,1105,6042,1110),
(17404,1105,6045,1110),
(17370,1105,6050,1130),
(3000,1190,6050,3013),
(3010,1190,17278,3014),
(3020,1190,17279,3015),
(3030,1190,17280,3016),
(17369,1105,6060,1117),
(17402,1105,6064,1110),
(17395,1105,6065,1110),
(17396,1105,6066,1110),
(17397,1105,6067,1110),
(17367,1105,6070,1130),
(8714,1190,6070,12960),
(8715,1190,6070,12970),
(8716,1190,6070,12980),
(8717,1190,6070,12990),
(17376,1105,6080,1130),
(10040,1190,6080,10040),
(10050,1190,6080,10050),
(17428,1105,6084,1110),
(17407,1105,6085,1110),
(17386,1105,6086,1110),
(17391,1105,6087,1110),
(17392,1105,6088,1110),
(17429,1105,6089,1110),
(17390,1105,6090,1110),
(17430,1105,6095,1110),
(17394,1105,6100,1110),
(17393,1105,6105,1110),
(17399,1105,6110,1120),
(17431,1105,6115,1110),
(17432,1105,6120,1110),
(17433,1105,6130,1110),
(17408,1105,6140,1110),
(17418,1105,6150,1130),
(17471,1190,6150,17291),
(17472,1190,6150,17292),
(17417,1105,6160,1110),
(17416,1105,6170,1110),
(17415,1105,6180,1110),
(17414,1105,6190,1110),
(8001,1200,8005,2010),
(8005,1210,8005,4030),
(8006,1220,8005,6030),
(8711,1200,8006,2015),
(8712,1210,8006,4030),
(8713,1220,8006,6070),
(8007,1200,8007,2012),
(8008,1210,8007,4030),
(8009,1220,8007,6020),
(8041,1200,8008,2040),
(8043,1210,8008,4030),
(8045,1220,8008,6060),
(8881,1200,8009,2045),
(8882,1210,8009,4030),
(8883,1220,8009,6060),
(8004,1220,8010,1902),
(8000,1200,8010,2002),
(8002,1210,8010,4030),
(8015,1220,8021,1901),
(8011,1200,8021,2002),
(8013,1210,8021,4030),
(8020,1200,8030,2014),
(8022,1210,8030,4060),
(8024,1220,8030,6020),
(8030,1200,8040,3005),
(8032,1210,8040,4030),
(8034,1220,8040,6020),
(9296,1200,8045,3005),
(9297,1210,8045,4030),
(9298,1220,8045,6050),
(8040,1200,8050,2050),
(8042,1210,8050,4030),
(8044,1220,8050,6060),
(8050,1200,8060,2052),
(8052,1210,8060,4030),
(8054,1220,8060,6060),
(8867,1200,8065,2105),
(8868,1210,8065,4030),
(8869,1220,8065,17261),
(8887,1200,8066,2105),
(8888,1210,8066,4030),
(8889,1220,8066,6014),
(8060,1200,8070,2010),
(8062,1210,8070,4030),
(8064,1220,8070,17262),
(8688,1200,8071,2010),
(8689,1210,8071,4030),
(8690,1220,8071,17263),
(8070,1200,8080,2070),
(8072,1210,8080,4010),
(8074,1220,8080,6020),
(8080,1200,8090,2070),
(8082,1210,8090,4010),
(8084,1220,8090,6040),
(8094,1220,8100,1902),
(8090,1200,8100,2080),
(8092,1210,8100,4030),
(8104,1220,8110,1901),
(8100,1200,8110,2080),
(8102,1210,8110,4030),
(17306,1200,8115,2080),
(17307,1210,8115,4030),
(17308,1220,8115,6030),
(8110,1200,8120,2090),
(8112,1210,8120,4030),
(8114,1220,8120,6080),
(8120,1200,8130,2090),
(8122,1210,8130,4030),
(8124,1220,8130,6060),
(8930,1200,8131,2141),
(8931,1210,8131,4030),
(8932,1220,8131,6040),
(8936,1200,8132,2142),
(8937,1210,8132,4030),
(8938,1220,8132,6040),
(8942,1200,8133,2143),
(8943,1210,8133,4030),
(8944,1220,8133,17264),
(8951,1200,8134,2144),
(8952,1210,8134,4030),
(8953,1220,8134,6025),
(8125,1200,8135,2140),
(8127,1210,8135,4030),
(8129,1220,8135,17265),
(8957,1200,8136,2145),
(8958,1210,8136,4030),
(8959,1220,8136,6040),
(8963,1200,8137,2146),
(8964,1210,8137,4030),
(8965,1220,8137,6040),
(8969,1200,8138,2147),
(8970,1210,8138,4030),
(8971,1220,8138,6040),
(8975,1200,8139,2148),
(8976,1210,8139,4030),
(8977,1220,8139,6040),
(8134,1220,8140,1905),
(8130,1200,8140,2020),
(8132,1210,8140,4030),
(8987,1200,8142,2151),
(8988,1210,8142,4030),
(8989,1220,8142,6040),
(9006,1200,8146,2152),
(9007,1210,8146,4030),
(9008,1220,8146,17266),
(8144,1220,8150,1906),
(8140,1200,8150,2020),
(8142,1210,8150,4030),
(8141,1200,8155,2030),
(8143,1210,8155,4030),
(8145,1220,8155,6020),
(8150,1200,8160,2020),
(8152,1210,8160,4030),
(8154,1220,8160,17267),
(17457,1200,8165,2140),
(17458,1210,8165,4030),
(17459,1220,8165,6020),
(8160,1200,8170,2100),
(8162,1210,8170,4040),
(8164,1220,8170,6040),
(8174,1220,8180,1904),
(8170,1200,8180,2110),
(8172,1210,8180,4030),
(8695,1200,8185,2100),
(8696,1210,8185,4030),
(8697,1220,8185,6020),
(17312,1200,8186,2110),
(17313,1210,8186,4030),
(17314,1220,8186,6030),
(8861,1200,8189,2110),
(8862,1210,8189,4030),
(8863,1220,8189,6016),
(8184,1220,8190,1903),
(8180,1200,8190,2110),
(8182,1210,8190,4030),
(8646,1200,8191,2270),
(8647,1210,8191,4110),
(8648,1220,8191,6041),
(8652,1200,8192,2280),
(8653,1210,8192,4110),
(8654,1220,8192,6042),
(8658,1200,8193,2285),
(8659,1210,8193,4110),
(8660,1220,8193,6020),
(8664,1200,8194,2260),
(8665,1210,8194,4110),
(8666,1220,8194,6086),
(8171,1200,8195,2110),
(8173,1210,8195,4030),
(8175,1220,8195,17268),
(8591,1200,8196,2110),
(8592,1210,8196,4030),
(8593,1220,8196,6020),
(8190,1200,8200,2120),
(8192,1210,8200,4040),
(8194,1220,8200,6040),
(17491,1200,8201,2120),
(17492,1210,8201,4030),
(17490,1220,8201,6020),
(8200,1200,8210,2150),
(8202,1210,8210,4040),
(8204,1220,8210,6040),
(8210,1200,8220,2160),
(8212,1210,8220,4040),
(8214,1220,8220,6040),
(8516,1200,8221,2160),
(8517,1210,8221,4030),
(8518,1220,8221,6040),
(8522,1200,8222,2130),
(8523,1210,8222,4030),
(8524,1220,8222,6040),
(8220,1200,8230,2200),
(8222,1210,8230,4040),
(8224,1220,8230,6040),
(8234,1220,8240,1907),
(8230,1200,8240,2205),
(8232,1210,8240,4030),
(9065,1200,8241,2410),
(9066,1210,8241,4020),
(9067,1220,8241,6040),
(8244,1220,8250,1908),
(8240,1200,8250,2205),
(8242,1210,8250,4030),
(8849,1200,8251,2670),
(8850,1210,8251,4020),
(8851,1220,8251,6015),
(8855,1200,8252,2670),
(8856,1210,8252,4110),
(8857,1220,8252,6015),
(8924,1200,8253,2670),
(8925,1210,8253,4021),
(8926,1220,8253,6015),
(8245,1200,8255,2209),
(8246,1210,8255,4030),
(8247,1220,8255,17269),
(8729,1220,8256,1910),
(8727,1200,8256,2670),
(8728,1210,8256,4020),
(8735,1220,8257,1909),
(8733,1200,8257,2670),
(8734,1210,8257,4020),
(8741,1220,8258,1910),
(8739,1200,8258,2670),
(8740,1210,8258,4021),
(8747,1220,8259,1909),
(8745,1200,8259,2670),
(8746,1210,8259,4021),
(8250,1200,8260,2410),
(8252,1210,8260,4020),
(8254,1220,8260,6090),
(8753,1220,8261,1910),
(8751,1200,8261,2670),
(8752,1210,8261,4110),
(8759,1220,8262,1909),
(8757,1200,8262,2670),
(8758,1210,8262,4110),
(8763,1200,8263,2660),
(8764,1210,8263,4080),
(8765,1220,8263,6040),
(8769,1200,8264,2620),
(8770,1210,8264,4090),
(8771,1220,8264,6087),
(8775,1200,8266,2620),
(8776,1210,8266,4080),
(8777,1220,8266,6040),
(8910,1200,8267,2620),
(8911,1210,8267,4090),
(8912,1220,8267,6088),
(8916,1200,8268,2620),
(8917,1210,8268,4080),
(8918,1220,8268,6105),
(9087,1220,8269,1907),
(9085,1200,8269,2204),
(9086,1210,8269,4030),
(8260,1200,8270,2340),
(8262,1210,8270,4290),
(8264,1220,8270,6100),
(8546,1200,8300,2200),
(8556,1210,8300,4030),
(8566,1220,8300,17270),
(8547,1200,8310,2205),
(8557,1210,8310,4030),
(8567,1220,8310,6110),
(8548,1200,8320,2205),
(8558,1210,8320,4050),
(8568,1220,8320,6030),
(8569,1220,8330,1907),
(8549,1200,8330,2206),
(8559,1210,8330,4030),
(8550,1200,8340,2206),
(8560,1210,8340,4030),
(8570,1220,8340,6020),
(8551,1200,8350,2120),
(8561,1210,8350,4030),
(8571,1220,8350,17271),
(8552,1200,8360,2208),
(8562,1210,8360,4050),
(8572,1220,8360,17272),
(8902,1200,8369,2452),
(8903,1210,8369,4030),
(8904,1220,8369,6064),
(8553,1200,8370,2452),
(8563,1210,8370,4030),
(8573,1220,8370,6020),
(8554,1200,8371,2452),
(8564,1210,8371,4030),
(8574,1220,8371,17273),
(8315,1220,8372,1901),
(8282,1200,8372,2080),
(8299,1210,8372,4010),
(8316,1220,8373,1902),
(8283,1200,8373,2080),
(8300,1210,8373,4010),
(8287,1200,8377,2207),
(8304,1210,8377,4030),
(8320,1220,8377,6020),
(8288,1200,8378,2208),
(8305,1210,8378,4050),
(8321,1220,8378,6030),
(8291,1200,8380,2120),
(8307,1210,8380,4040),
(8323,1220,8380,6045),
(8294,1200,8383,2054),
(8310,1210,8383,4020),
(8326,1220,8383,17274),
(8295,1200,8384,2056),
(8311,1210,8384,4020),
(8327,1220,8384,17275),
(8297,1200,8386,2123),
(8313,1210,8386,4100),
(8329,1220,8386,6040),
(8298,1200,8387,2128),
(8314,1210,8387,4100),
(8330,1220,8387,6085),
(9014,1200,8388,2123),
(9015,1210,8388,4100),
(9016,1220,8388,6040),
(8778,1200,8390,2065),
(8779,1210,8390,4110),
(8780,1220,8390,6020),
(9042,1200,8391,2065),
(9043,1210,8391,4111),
(9044,1220,8391,6020),
(9048,1200,8392,2065),
(9049,1210,8392,4112),
(9050,1220,8392,6020),
(9054,1200,8393,2065),
(9055,1210,8393,4113),
(9056,1220,8393,6020),
(8792,1200,8400,2180),
(8793,1210,8400,4030),
(17339,1220,8400,6140),
(8797,1200,8410,2170),
(8798,1210,8410,4030),
(17340,1220,8410,6140),
(9023,1200,8411,2153),
(9024,1210,8411,4100),
(9025,1220,8411,6040),
(9029,1200,8412,2154),
(9030,1210,8412,4100),
(9031,1220,8412,6040),
(9037,1200,8413,2155),
(9038,1210,8413,4030),
(9039,1220,8413,17276),
(1138,1105,8580,1090),
(8831,1225,8580,1330),
(17317,1200,8581,2170),
(17318,1210,8581,4040),
(17319,1220,8581,6040),
(17323,1200,8582,2180),
(17324,1210,8582,4040),
(17325,1220,8582,6040),
(17331,1220,8583,1903),
(17329,1200,8583,2191),
(17330,1210,8583,4030),
(17337,1220,8584,1904),
(17335,1200,8584,2191),
(17336,1210,8584,4030),
(9077,1200,8590,2054),
(9078,1210,8590,4020),
(9079,1220,8590,17277),
(9071,1200,8600,2054),
(9072,1210,8600,4020),
(9073,1220,8600,6040),
(9111,1200,8620,2770),
(9133,1210,8620,4210),
(9155,1220,8620,6090),
(9112,1200,8630,2640),
(9134,1210,8630,4030),
(9156,1220,8630,6060),
(9113,1200,8640,2451),
(9135,1210,8640,4030),
(9157,1220,8640,17278),
(9114,1200,8650,2800),
(9136,1210,8650,4050),
(9158,1220,8650,17279),
(9115,1200,8660,2080),
(9137,1210,8660,4020),
(9159,1220,8660,6020),
(9116,1200,8670,2100),
(9138,1210,8670,4030),
(9160,1220,8670,17280),
(9117,1200,8680,2010),
(9139,1210,8680,4280),
(9161,1220,8680,6030),
(9118,1200,8690,2790),
(9140,1210,8690,4270),
(9162,1220,8690,6020),
(9119,1200,8700,2500),
(9141,1210,8700,4260),
(9163,1220,8700,6020),
(9120,1200,8710,2620),
(9142,1210,8710,4090),
(9164,1220,8710,6190),
(9121,1200,8720,2770),
(9143,1210,8720,4210),
(9165,1220,8720,6180),
(9122,1200,8730,2690),
(9144,1210,8730,4140),
(9166,1220,8730,6020),
(9123,1200,8740,2770),
(9145,1210,8740,4210),
(9167,1220,8740,6170),
(9124,1200,8750,2770),
(9146,1210,8750,4210),
(9168,1220,8750,6160),
(9125,1200,8760,2760),
(9147,1210,8760,4200),
(9169,1220,8760,6086),
(9126,1200,8770,2750),
(9148,1210,8770,4190),
(9170,1220,8770,6086),
(9127,1200,8780,2740),
(9149,1210,8780,4020),
(9171,1220,8780,6150),
(9128,1200,8790,2730),
(9150,1210,8790,4180),
(9172,1220,8790,6020),
(9129,1200,8800,2720),
(9151,1210,8800,4170),
(9173,1220,8800,6085),
(9130,1200,8810,2710),
(9152,1210,8810,4160),
(9174,1220,8810,6020),
(9131,1200,8820,2700),
(9153,1210,8820,4150),
(9175,1220,8820,6020),
(9132,1200,8830,2780),
(9154,1210,8830,4250),
(9176,1220,8830,6060),
(9300,1210,8831,4030),
(9301,1220,8831,6040),
(9299,1200,8831,8832),
(9302,1225,8832,1100),
(9303,1225,8833,1087),
(9307,1210,8834,4030),
(9308,1220,8834,6040),
(9306,1200,8834,8833),
(9304,1225,8835,1087),
(9311,1220,8836,1907),
(9310,1210,8836,4030),
(9309,1200,8836,8835),
(9314,1220,8837,1908),
(9313,1210,8837,4030),
(9312,1200,8837,8835),
(9305,1225,8838,1087),
(9317,1220,8839,1907),
(9316,1210,8839,4030),
(9315,1200,8839,8838),
(9320,1220,8840,1908),
(9319,1210,8840,4030),
(9318,1200,8840,8838),
(17419,1105,17010,1110),
(17434,1105,17021,1110),
(17421,1105,17050,1110),
(17424,1105,17070,1110),
(17435,1105,17080,1110),
(17436,1105,17090,1110),
(17437,1105,17100,1110),
(17425,1105,17110,1110),
(17438,1105,17120,1110),
(17439,1105,17130,1110),
(17440,1105,17140,1110),
(17441,1105,17150,1110),
(17442,1105,17160,1110),
(17371,1105,17261,1130),
(8870,1190,17261,10210),
(8871,1190,17261,10220),
(8872,1190,17261,10230),
(8873,1190,17261,10240),
(8874,1190,17261,10250),
(8875,1190,17261,10260),
(8876,1190,17261,10270),
(8877,1190,17261,10280),
(17373,1105,17262,1130),
(10000,1190,17262,10000),
(10001,1190,17262,10001),
(10002,1190,17262,10002),
(10003,1190,17262,10003),
(10005,1190,17262,10005),
(10010,1190,17262,10010),
(10015,1190,17262,10015),
(10017,1190,17262,10017),
(10020,1190,17262,10020),
(10030,1190,17262,10030),
(17374,1105,17263,1120),
(17378,1105,17264,1130),
(8945,1190,17264,8143),
(8946,1190,17264,8144),
(8947,1190,17264,8145),
(17380,1105,17265,1130),
(10055,1190,17265,10055),
(10100,1190,17265,10100),
(10110,1190,17265,10110),
(10120,1190,17265,10120),
(10130,1190,17265,10130),
(10140,1190,17265,10140),
(10145,1190,17265,10145),
(10150,1190,17265,10150),
(10160,1190,17265,10160),
(10115,1190,17265,10165),
(8990,1190,17265,10166),
(8991,1190,17265,10167),
(17460,1190,17265,10168),
(17381,1105,17266,1130),
(9009,1190,17266,8147),
(9010,1190,17266,8148),
(9011,1190,17266,8149),
(9012,1190,17266,8151),
(17382,1105,17267,1130),
(10060,1190,17267,10060),
(10070,1190,17267,10070),
(10080,1190,17267,10080),
(10090,1190,17267,10090),
(8906,1190,17267,10091),
(8907,1190,17267,10092),
(8908,1190,17267,10093),
(17387,1105,17268,1120),
(17389,1105,17269,1130),
(8382,1190,17269,10170),
(8383,1190,17269,10180),
(8384,1190,17269,10190),
(8385,1190,17269,10200),
(17398,1105,17270,1120),
(17400,1105,17271,1120),
(17401,1105,17272,1120),
(17403,1105,17273,1130),
(8575,1190,17273,10290),
(8576,1190,17273,10300),
(17405,1105,17274,1110),
(17406,1105,17275,1110),
(17409,1105,17276,1130),
(9040,1190,17276,8414),
(9041,1190,17276,8415),
(17410,1105,17277,1130),
(9080,1190,17277,8611),
(9081,1190,17277,8612),
(17411,1105,17278,1130),
(17412,1105,17279,1130),
(17413,1105,17280,1130),
(17461,1225,17283,1270),
(17462,1105,17284,1130),
(17463,1190,17284,17285),
(17464,1190,17284,17286),
(17465,1190,17284,17287),
(17466,1190,17284,17288),
(17467,1190,17284,17289),
(17468,1210,17290,4020),
(17469,1200,17290,17283),
(17470,1220,17290,17284),
(100000,1225,100000,1000);
                                                                                                                                    
/*Data for the table `cvtermprop` */                                                                                                
                                                                                                                                    
INSERT  INTO `cvtermprop`(`cvtermprop_id`,`cvterm_id`,`type_id`,`value`,`rank`) VALUES
(8488,1901,8048,'2016-01-28T19:36:53.000Z',0),
(8489,1902,8048,'2016-01-28T19:36:53.000Z',0),
(8490,1903,8048,'2016-01-28T19:36:53.000Z',0),
(8491,1904,8048,'2016-01-28T19:36:53.000Z',0),
(8492,1905,8048,'2016-01-28T19:36:53.000Z',0),
(8493,1906,8048,'2016-01-28T19:36:53.000Z',0),
(8494,1907,8048,'2016-01-28T19:36:53.000Z',0),
(8495,1908,8048,'2016-01-28T19:36:53.000Z',0),
(8496,1909,8048,'2016-01-28T19:36:53.000Z',0),
(8497,1910,8048,'2016-01-28T19:36:53.000Z',0),
(8261,2000,8048,'2016-01-28T19:36:53.000Z',0),
(8262,2002,8048,'2016-01-28T19:36:53.000Z',0),
(8263,2010,8048,'2016-01-28T19:36:53.000Z',0),
(8264,2012,8048,'2016-01-28T19:36:53.000Z',0),
(8265,2014,8048,'2016-01-28T19:36:53.000Z',0),
(8266,2015,8048,'2016-01-28T19:36:53.000Z',0),
(8267,2020,8048,'2016-01-28T19:36:53.000Z',0),
(8268,2030,8048,'2016-01-28T19:36:53.000Z',0),
(8269,2040,8048,'2016-01-28T19:36:53.000Z',0),
(8270,2045,8048,'2016-01-28T19:36:53.000Z',0),
(8271,2050,8048,'2016-01-28T19:36:53.000Z',0),
(8272,2052,8048,'2016-01-28T19:36:53.000Z',0),
(8273,2053,8048,'2016-01-28T19:36:53.000Z',0),
(8274,2054,8048,'2016-01-28T19:36:53.000Z',0),
(8275,2056,8048,'2016-01-28T19:36:53.000Z',0),
(8276,2058,8048,'2016-01-28T19:36:53.000Z',0),
(8277,2060,8048,'2016-01-28T19:36:53.000Z',0),
(8278,2065,8048,'2016-01-28T19:36:53.000Z',0),
(8279,2070,8048,'2016-01-28T19:36:53.000Z',0),
(8280,2080,8048,'2016-01-28T19:36:53.000Z',0),
(8281,2090,8048,'2016-01-28T19:36:53.000Z',0),
(8282,2100,8048,'2016-01-28T19:36:53.000Z',0),
(8283,2105,8048,'2016-01-28T19:36:53.000Z',0),
(8284,2110,8048,'2016-01-28T19:36:53.000Z',0),
(8285,2120,8048,'2016-01-28T19:36:53.000Z',0),
(8286,2122,8048,'2016-01-28T19:36:53.000Z',0),
(8287,2123,8048,'2016-01-28T19:36:53.000Z',0),
(8288,2124,8048,'2016-01-28T19:36:53.000Z',0),
(8289,2126,8048,'2016-01-28T19:36:53.000Z',0),
(8290,2128,8048,'2016-01-28T19:36:53.000Z',0),
(8291,2129,8048,'2016-01-28T19:36:53.000Z',0),
(8292,2130,8048,'2016-01-28T19:36:53.000Z',0),
(8293,2140,8048,'2016-01-28T19:36:53.000Z',0),
(8294,2141,8048,'2016-01-28T19:36:53.000Z',0),
(8295,2142,8048,'2016-01-28T19:36:53.000Z',0),
(8296,2143,8048,'2016-01-28T19:36:53.000Z',0),
(8297,2144,8048,'2016-01-28T19:36:53.000Z',0),
(8298,2145,8048,'2016-01-28T19:36:53.000Z',0),
(8299,2146,8048,'2016-01-28T19:36:53.000Z',0),
(8300,2147,8048,'2016-01-28T19:36:53.000Z',0),
(8301,2148,8048,'2016-01-28T19:36:53.000Z',0),
(8302,2149,8048,'2016-01-28T19:36:53.000Z',0),
(8303,2150,8048,'2016-01-28T19:36:53.000Z',0),
(8304,2151,8048,'2016-01-28T19:36:53.000Z',0),
(8305,2152,8048,'2016-01-28T19:36:53.000Z',0),
(8306,2153,8048,'2016-01-28T19:36:53.000Z',0),
(8307,2154,8048,'2016-01-28T19:36:53.000Z',0),
(8308,2155,8048,'2016-01-28T19:36:53.000Z',0),
(8309,2160,8048,'2016-01-28T19:36:53.000Z',0),
(8310,2170,8048,'2016-01-28T19:36:53.000Z',0),
(8311,2180,8048,'2016-01-28T19:36:53.000Z',0),
(8312,2182,8048,'2016-01-28T19:36:53.000Z',0),
(8313,2190,8048,'2016-01-28T19:36:53.000Z',0),
(8314,2191,8048,'2016-01-28T19:36:53.000Z',0),
(8315,2200,8048,'2016-01-28T19:36:53.000Z',0),
(8316,2204,8048,'2016-01-28T19:36:53.000Z',0),
(8317,2205,8048,'2016-01-28T19:36:53.000Z',0),
(8318,2206,8048,'2016-01-28T19:36:53.000Z',0),
(8319,2207,8048,'2016-01-28T19:36:53.000Z',0),
(8320,2208,8048,'2016-01-28T19:36:53.000Z',0),
(8321,2209,8048,'2016-01-28T19:36:53.000Z',0),
(8323,2220,8048,'2016-01-28T19:36:53.000Z',0),
(8324,2230,8048,'2016-01-28T19:36:53.000Z',0),
(8325,2240,8048,'2016-01-28T19:36:53.000Z',0),
(8326,2250,8048,'2016-01-28T19:36:53.000Z',0),
(8327,2260,8048,'2016-01-28T19:36:53.000Z',0),
(8328,2270,8048,'2016-01-28T19:36:53.000Z',0),
(8329,2280,8048,'2016-01-28T19:36:53.000Z',0),
(8330,2285,8048,'2016-01-28T19:36:53.000Z',0),
(8331,2290,8048,'2016-01-28T19:36:53.000Z',0),
(8332,2300,8048,'2016-01-28T19:36:53.000Z',0),
(8333,2305,8048,'2016-01-28T19:36:53.000Z',0),
(8334,2310,8048,'2016-01-28T19:36:53.000Z',0),
(8335,2320,8048,'2016-01-28T19:36:53.000Z',0),
(8336,2325,8048,'2016-01-28T19:36:53.000Z',0),
(8337,2330,8048,'2016-01-28T19:36:53.000Z',0),
(8338,2340,8048,'2016-01-28T19:36:53.000Z',0),
(8339,2350,8048,'2016-01-28T19:36:53.000Z',0),
(8340,2360,8048,'2016-01-28T19:36:53.000Z',0),
(8341,2370,8048,'2016-01-28T19:36:53.000Z',0),
(8342,2380,8048,'2016-01-28T19:36:53.000Z',0),
(8343,2390,8048,'2016-01-28T19:36:53.000Z',0),
(8344,2400,8048,'2016-01-28T19:36:53.000Z',0),
(8345,2403,8048,'2016-01-28T19:36:53.000Z',0),
(8346,2405,8048,'2016-01-28T19:36:53.000Z',0),
(8347,2410,8048,'2016-01-28T19:36:53.000Z',0),
(8348,2420,8048,'2016-01-28T19:36:53.000Z',0),
(8349,2430,8048,'2016-01-28T19:36:53.000Z',0),
(8350,2440,8048,'2016-01-28T19:36:53.000Z',0),
(8351,2450,8048,'2016-01-28T19:36:53.000Z',0),
(8352,2451,8048,'2016-01-28T19:36:53.000Z',0),
(8353,2452,8048,'2016-01-28T19:36:53.000Z',0),
(8354,2460,8048,'2016-01-28T19:36:53.000Z',0),
(8355,2470,8048,'2016-01-28T19:36:53.000Z',0),
(8356,2475,8048,'2016-01-28T19:36:53.000Z',0),
(8357,2477,8048,'2016-01-28T19:36:53.000Z',0),
(8358,2478,8048,'2016-01-28T19:36:53.000Z',0),
(8359,2480,8048,'2016-01-28T19:36:53.000Z',0),
(8360,2481,8048,'2016-01-28T19:36:53.000Z',0),
(8361,2482,8048,'2016-01-28T19:36:53.000Z',0),
(8362,2490,8048,'2016-01-28T19:36:53.000Z',0),
(8363,2495,8048,'2016-01-28T19:36:53.000Z',0),
(8364,2500,8048,'2016-01-28T19:36:53.000Z',0),
(8365,2510,8048,'2016-01-28T19:36:53.000Z',0),
(8366,2515,8048,'2016-01-28T19:36:53.000Z',0),
(8367,2520,8048,'2016-01-28T19:36:53.000Z',0),
(8368,2530,8048,'2016-01-28T19:36:53.000Z',0),
(8369,2540,8048,'2016-01-28T19:36:53.000Z',0),
(8370,2550,8048,'2016-01-28T19:36:53.000Z',0),
(8371,2560,8048,'2016-01-28T19:36:53.000Z',0),
(8372,2570,8048,'2016-01-28T19:36:53.000Z',0),
(8373,2580,8048,'2016-01-28T19:36:53.000Z',0),
(8374,2590,8048,'2016-01-28T19:36:53.000Z',0),
(8375,2600,8048,'2016-01-28T19:36:53.000Z',0),
(8376,2610,8048,'2016-01-28T19:36:53.000Z',0),
(8377,2620,8048,'2016-01-28T19:36:53.000Z',0),
(8378,2630,8048,'2016-01-28T19:36:53.000Z',0),
(8379,2640,8048,'2016-01-28T19:36:53.000Z',0),
(8380,2650,8048,'2016-01-28T19:36:53.000Z',0),
(8381,2655,8048,'2016-01-28T19:36:53.000Z',0),
(8382,2657,8048,'2016-01-28T19:36:53.000Z',0),
(8383,2660,8048,'2016-01-28T19:36:53.000Z',0),
(8384,2670,8048,'2016-01-28T19:36:53.000Z',0),
(8385,2680,8048,'2016-01-28T19:36:53.000Z',0),
(8386,2690,8048,'2016-01-28T19:36:53.000Z',0),
(8387,2700,8048,'2016-01-28T19:36:53.000Z',0),
(8388,2710,8048,'2016-01-28T19:36:53.000Z',0),
(8389,2720,8048,'2016-01-28T19:36:53.000Z',0),
(8390,2730,8048,'2016-01-28T19:36:53.000Z',0),
(8391,2740,8048,'2016-01-28T19:36:53.000Z',0),
(8392,2750,8048,'2016-01-28T19:36:53.000Z',0),
(8393,2760,8048,'2016-01-28T19:36:53.000Z',0),
(8394,2770,8048,'2016-01-28T19:36:53.000Z',0),
(8395,2780,8048,'2016-01-28T19:36:53.000Z',0),
(8396,2790,8048,'2016-01-28T19:36:53.000Z',0),
(8397,2800,8048,'2016-01-28T19:36:53.000Z',0),
(8780,3001,1800,'Study Detail',0),
(8781,3002,1800,'Study Detail',0),
(8413,4000,8048,'2016-01-28T19:36:53.000Z',0),
(8414,4010,8048,'2016-01-28T19:36:53.000Z',0),
(8415,4020,8048,'2016-01-28T19:36:53.000Z',0),
(8416,4025,8048,'2016-01-28T19:36:53.000Z',0),
(8417,4030,8048,'2016-01-28T19:36:53.000Z',0),
(8418,4040,8048,'2016-01-28T19:36:53.000Z',0),
(8419,4050,8048,'2016-01-28T19:36:53.000Z',0),
(8420,4060,8048,'2016-01-28T19:36:53.000Z',0),
(8421,4070,8048,'2016-01-28T19:36:53.000Z',0),
(8422,4080,8048,'2016-01-28T19:36:53.000Z',0),
(8423,4090,8048,'2016-01-28T19:36:53.000Z',0),
(8424,4100,8048,'2016-01-28T19:36:53.000Z',0),
(8425,4110,8048,'2016-01-28T19:36:53.000Z',0),
(8426,4111,8048,'2016-01-28T19:36:53.000Z',0),
(8427,4112,8048,'2016-01-28T19:36:53.000Z',0),
(8428,4113,8048,'2016-01-28T19:36:53.000Z',0),
(8429,4120,8048,'2016-01-28T19:36:53.000Z',0),
(8430,4130,8048,'2016-01-28T19:36:53.000Z',0),
(8431,4140,8048,'2016-01-28T19:36:53.000Z',0),
(8432,4150,8048,'2016-01-28T19:36:53.000Z',0),
(8433,4160,8048,'2016-01-28T19:36:53.000Z',0),
(8434,4170,8048,'2016-01-28T19:36:53.000Z',0),
(8435,4180,8048,'2016-01-28T19:36:53.000Z',0),
(8436,4190,8048,'2016-01-28T19:36:53.000Z',0),
(8437,4200,8048,'2016-01-28T19:36:53.000Z',0),
(8438,4210,8048,'2016-01-28T19:36:53.000Z',0),
(8439,4250,8048,'2016-01-28T19:36:53.000Z',0),
(8440,4260,8048,'2016-01-28T19:36:53.000Z',0),
(8441,4270,8048,'2016-01-28T19:36:53.000Z',0),
(8442,4280,8048,'2016-01-28T19:36:53.000Z',0),
(8443,4290,8048,'2016-01-28T19:36:53.000Z',0),
(8444,4300,8048,'2016-01-28T19:36:53.000Z',0),
(8445,4310,8048,'2016-01-28T19:36:53.000Z',0),
(8446,4320,8048,'2016-01-28T19:36:53.000Z',0),
(8447,4330,8048,'2016-01-28T19:36:53.000Z',0),
(8448,4340,8048,'2016-01-28T19:36:53.000Z',0),
(8449,4350,8048,'2016-01-28T19:36:53.000Z',0),
(8450,4360,8048,'2016-01-28T19:36:53.000Z',0),
(8451,4370,8048,'2016-01-28T19:36:53.000Z',0),
(8452,4380,8048,'2016-01-28T19:36:53.000Z',0),
(8453,4390,8048,'2016-01-28T19:36:53.000Z',0),
(8454,4400,8048,'2016-01-28T19:36:53.000Z',0),
(8455,4410,8048,'2016-01-28T19:36:53.000Z',0),
(8456,4420,8048,'2016-01-28T19:36:53.000Z',0),
(8457,4430,8048,'2016-01-28T19:36:53.000Z',0),
(8458,4440,8048,'2016-01-28T19:36:53.000Z',0),
(8459,4450,8048,'2016-01-28T19:36:53.000Z',0),
(8460,4460,8048,'2016-01-28T19:36:53.000Z',0),
(8461,4470,8048,'2016-01-28T19:36:53.000Z',0),
(8462,4480,8048,'2016-01-28T19:36:53.000Z',0),
(8463,4490,8048,'2016-01-28T19:36:53.000Z',0),
(8464,4520,8048,'2016-01-28T19:36:53.000Z',0),
(8465,4530,8048,'2016-01-28T19:36:53.000Z',0),
(8466,4540,8048,'2016-01-28T19:36:53.000Z',0),
(8467,4550,8048,'2016-01-28T19:36:53.000Z',0),
(8468,4560,8048,'2016-01-28T19:36:53.000Z',0),
(8469,4570,8048,'2016-01-28T19:36:53.000Z',0),
(8498,6000,8048,'2016-01-28T19:36:53.000Z',0),
(8499,6010,8048,'2016-01-28T19:36:53.000Z',0),
(8500,6014,8048,'2016-01-28T19:36:53.000Z',0),
(8501,6015,8048,'2016-01-28T19:36:53.000Z',0),
(8502,6016,8048,'2016-01-28T19:36:53.000Z',0),
(8503,6020,8048,'2016-01-28T19:36:53.000Z',0),
(8504,6025,8048,'2016-01-28T19:36:53.000Z',0),
(8505,6030,8048,'2016-01-28T19:36:53.000Z',0),
(8506,6035,8048,'2016-01-28T19:36:53.000Z',0),
(8507,6036,8048,'2016-01-28T19:36:53.000Z',0),
(8508,6040,8048,'2016-01-28T19:36:53.000Z',0),
(8509,6041,8048,'2016-01-28T19:36:53.000Z',0),
(8510,6042,8048,'2016-01-28T19:36:53.000Z',0),
(8511,6045,8048,'2016-01-28T19:36:53.000Z',0),
(8512,6050,8048,'2016-01-28T19:36:53.000Z',0),
(8513,6060,8048,'2016-01-28T19:36:53.000Z',0),
(8514,6064,8048,'2016-01-28T19:36:53.000Z',0),
(8515,6065,8048,'2016-01-28T19:36:53.000Z',0),
(8516,6066,8048,'2016-01-28T19:36:53.000Z',0),
(8517,6067,8048,'2016-01-28T19:36:53.000Z',0),
(8518,6070,8048,'2016-01-28T19:36:53.000Z',0),
(8519,6080,8048,'2016-01-28T19:36:53.000Z',0),
(8520,6084,8048,'2016-01-28T19:36:53.000Z',0),
(8521,6085,8048,'2016-01-28T19:36:53.000Z',0),
(8522,6086,8048,'2016-01-28T19:36:53.000Z',0),
(8523,6087,8048,'2016-01-28T19:36:53.000Z',0),
(8524,6088,8048,'2016-01-28T19:36:53.000Z',0),
(8525,6089,8048,'2016-01-28T19:36:53.000Z',0),
(8526,6090,8048,'2016-01-28T19:36:53.000Z',0),
(8527,6095,8048,'2016-01-28T19:36:53.000Z',0),
(8528,6105,8048,'2016-01-28T19:36:53.000Z',0),
(8529,6110,8048,'2016-01-28T19:36:53.000Z',0),
(8530,6115,8048,'2016-01-28T19:36:53.000Z',0),
(8531,6120,8048,'2016-01-28T19:36:53.000Z',0),
(8532,6130,8048,'2016-01-28T19:36:53.000Z',0),
(8533,6140,8048,'2016-01-28T19:36:53.000Z',0),
(8534,6150,8048,'2016-01-28T19:36:53.000Z',0),
(8535,6160,8048,'2016-01-28T19:36:53.000Z',0),
(8536,6170,8048,'2016-01-28T19:36:53.000Z',0),
(8537,6180,8048,'2016-01-28T19:36:53.000Z',0),
(8538,6190,8048,'2016-01-28T19:36:53.000Z',0),
(8011,8005,1800,'Study Detail',0),
(8012,8006,1800,'Study Detail',0),
(8013,8007,1800,'Study Detail',0),
(8014,8008,1800,'Study Detail',0),
(8015,8009,1800,'Study Detail',0),
(8016,8010,1800,'Study Detail',0),
(8018,8021,1800,'Study Detail',0),
(8019,8030,1800,'Study Detail',0),
(8020,8040,1800,'Study Detail',0),
(8021,8045,1800,'Study Detail',0),
(8022,8050,1800,'Study Detail',0),
(8023,8060,1800,'Study Detail',0),
(8024,8065,1800,'Study Detail',0),
(8025,8066,1800,'Study Detail',0),
(8026,8070,1800,'Study Detail',0),
(8027,8071,1800,'Study Detail',0),
(8028,8080,1800,'Study Detail',0),
(8029,8090,1800,'Study Detail',0),
(8030,8100,1800,'Study Detail',0),
(8031,8110,1800,'Study Detail',0),
(8032,8115,1800,'Study Detail',0),
(8033,8120,1800,'Study Detail',0),
(8034,8130,1800,'Study Detail',0),
(8036,8131,1800,'Experimental Design',1),
(8038,8132,1800,'Experimental Design',1),
(8040,8133,1800,'Experimental Design',1),
(8042,8134,1800,'Experimental Design',1),
(8043,8135,1800,'Environment Detail',3),
(8044,8135,1800,'Study Detail',1),
(8046,8136,1800,'Experimental Design',1),
(8048,8137,1800,'Experimental Design',1),
(8050,8138,1800,'Experimental Design',1),
(8052,8139,1800,'Experimental Design',1),
(8053,8140,1800,'Study Detail',0),
(8055,8142,1800,'Experimental Design',1),
(8057,8146,1800,'Experimental Design',1),
(8058,8150,1800,'Study Detail',0),
(8059,8155,1800,'Study Detail',0),
(8060,8160,1800,'Study Detail',0),
(8772,8165,1800,'Environment Detail',3),
(8773,8165,1800,'Study Detail',0),
(8061,8170,1800,'Environment Detail',0),
(8062,8170,1800,'Study Detail',3),
(8063,8180,1800,'Environment Detail',0),
(8065,8185,1800,'Environment Detail',0),
(8066,8185,1800,'Study Detail',3),
(8067,8186,1800,'Environment Detail',0),
(8068,8186,1800,'Study Detail',3),
(8069,8189,1800,'Environment Detail',0),
(8071,8190,1800,'Environment Detail',0),
(8073,8191,1800,'Environment Detail',0),
(8074,8191,1800,'Study Detail',3),
(8075,8192,1800,'Environment Detail',0),
(8076,8192,1800,'Study Detail',3),
(8077,8193,1800,'Environment Detail',0),
(8078,8193,1800,'Study Detail',3),
(8079,8194,1800,'Environment Detail',0),
(8080,8194,1800,'Study Detail',3),
(8081,8195,1800,'Environment Detail',0),
(8082,8195,1800,'Study Detail',3),
(8083,8196,1800,'Environment Detail',0),
(8084,8196,1800,'Study Detail',3),
(8085,8200,1800,'Experimental Design',0),
(8783,8201,1800,'Germplasm Descriptor',0),
(8086,8210,1800,'Experimental Design',0),
(8087,8220,1800,'Experimental Design',0),
(8088,8221,1800,'Experimental Design',0),
(8089,8221,1800,'Treatment Factor',3),
(8090,8222,1800,'Experimental Design',0),
(8091,8222,1800,'Treatment Factor',3),
(8092,8230,1800,'Germplasm Descriptor',0),
(8093,8240,1800,'Germplasm Descriptor',0),
(8094,8241,1800,'Experimental Design',3),
(8095,8241,1800,'Treatment Factor',1),
(8096,8250,1800,'Germplasm Descriptor',0),
(8097,8251,1800,'Study Detail',0),
(8098,8252,1800,'Selection Method',0),
(8099,8253,1800,'Experimental Design',0),
(8100,8255,1800,'Germplasm Descriptor',0),
(8101,8256,1800,'Study Detail',0),
(8102,8257,1800,'Study Detail',0),
(8103,8258,1800,'Experimental Design',0),
(8104,8259,1800,'Experimental Design',0),
(8105,8260,1800,'Experimental Design',3),
(8106,8260,1800,'Treatment Factor',1),
(8107,8261,1800,'Selection Method',0),
(8108,8262,1800,'Selection Method',0),
(8109,8263,1800,'Selection Method',0),
(8112,8265,1800,'Study Detail',3),
(8116,8269,1800,'Germplasm Descriptor',0),
(8118,8270,1800,'Nursery Condition',3),
(8117,8270,1800,'Trial Condition',0),
(8125,8300,1800,'Germplasm Descriptor',0),
(8126,8310,1800,'Germplasm Descriptor',0),
(8127,8320,1800,'Germplasm Descriptor',0),
(8128,8330,1800,'Germplasm Descriptor',0),
(8129,8340,1800,'Germplasm Descriptor',0),
(8130,8350,1800,'Experimental Design',0),
(8131,8360,1800,'Germplasm Descriptor',0),
(8132,8369,1800,'Environment Detail',0),
(8133,8369,1800,'Study Detail',3),
(8134,8370,1800,'Environment Detail',0),
(8135,8370,1800,'Study Detail',3),
(8136,8371,1800,'Environment Detail',0),
(8137,8371,1800,'Study Detail',3),
(8138,8372,1800,'Environment Detail',0),
(8139,8372,1800,'Study Detail',3),
(8140,8373,1800,'Environment Detail',0),
(8141,8373,1800,'Study Detail',3),
(8142,8377,1800,'Germplasm Descriptor',0),
(8143,8378,1800,'Germplasm Descriptor',0),
(8144,8380,1800,'Experimental Design',0),
(8145,8383,1800,'Environment Detail',0),
(8146,8383,1800,'Study Detail',3),
(8147,8384,1800,'Environment Detail',0),
(8148,8384,1800,'Study Detail',3),
(8151,8386,1800,'Environment Detail',3),
(8152,8386,1800,'Study Detail',1),
(8153,8387,1800,'Environment Detail',3),
(8154,8387,1800,'Study Detail',1),
(8155,8388,1800,'Experimental Design',0),
(8156,8388,1800,'Treatment Factor',3),
(8157,8390,1800,'Trait',0),
(8158,8391,1800,'Trait',0),
(8159,8392,1800,'Trait',0),
(8160,8393,1800,'Trait',0),
(8161,8400,1800,'Experimental Design',0),
(8162,8410,1800,'Experimental Design',0),
(8164,8411,1800,'Experimental Design',1),
(8166,8412,1800,'Experimental Design',1),
(8168,8413,1800,'Experimental Design',1),
(8169,8581,1800,'Experimental Design',0),
(8170,8582,1800,'Experimental Design',0),
(8171,8583,1800,'Environment Detail',0),
(8172,8583,1800,'Study Detail',3),
(8173,8584,1800,'Environment Detail',0),
(8174,8584,1800,'Study Detail',3),
(8175,8590,1800,'Treatment Factor',0),
(8176,8600,1800,'Experimental Design',3),
(8177,8600,1800,'Treatment Factor',1),
(8178,8620,1800,'Environment Detail',0),
(8179,8620,1800,'Study Detail',3),
(8180,8630,1800,'Trait',0),
(8181,8640,1800,'Environment Detail',0),
(8182,8640,1800,'Study Detail',3),
(8183,8650,1800,'Environment Detail',3),
(8184,8650,1800,'Study Detail',1),
(8185,8660,1800,'Environment Detail',0),
(8186,8660,1800,'Study Detail',3),
(8187,8670,1800,'Environment Detail',3),
(8188,8670,1800,'Study Detail',1),
(8189,8680,1800,'Study Detail',0),
(8190,8690,1800,'Environment Detail',0),
(8191,8690,1800,'Study Detail',3),
(8192,8700,1800,'Environment Detail',0),
(8193,8700,1800,'Study Detail',3),
(8195,8720,1800,'Environment Detail',0),
(8196,8720,1800,'Study Detail',3),
(8197,8730,1800,'Environment Detail',0),
(8198,8730,1800,'Study Detail',3),
(8199,8740,1800,'Environment Detail',0),
(8200,8740,1800,'Study Detail',3),
(8201,8750,1800,'Environment Detail',0),
(8202,8750,1800,'Study Detail',3),
(8203,8760,1800,'Environment Detail',0),
(8204,8760,1800,'Study Detail',3),
(8205,8770,1800,'Environment Detail',0),
(8206,8770,1800,'Study Detail',3),
(8207,8780,1800,'Environment Detail',0),
(8208,8780,1800,'Study Detail',3),
(8209,8790,1800,'Environment Detail',0),
(8210,8790,1800,'Study Detail',3),
(8211,8800,1800,'Environment Detail',0),
(8212,8800,1800,'Study Detail',3),
(8213,8810,1800,'Environment Detail',0),
(8214,8810,1800,'Study Detail',3),
(8215,8820,1800,'Environment Detail',0),
(8216,8820,1800,'Study Detail',3),
(8217,8830,1800,'Environment Detail',0),
(8218,8830,1800,'Study Detail',3),
(8782,8831,1800,'Experimental Design',0),
(8784,8834,1800,'Germplasm Descriptor',0),
(8785,8836,1800,'Germplasm Descriptor',0),
(8786,8837,1800,'Germplasm Descriptor',0),
(8787,8839,1800,'Germplasm Descriptor',0),
(8788,8840,1800,'Germplasm Descriptor',0),
(8470,16000,8048,'2016-01-28T19:36:53.000Z',0),
(8471,16010,8048,'2016-01-28T19:36:53.000Z',0),
(8472,16020,8048,'2016-01-28T19:36:53.000Z',0),
(8473,16030,8048,'2016-01-28T19:36:53.000Z',0),
(8474,16040,8048,'2016-01-28T19:36:53.000Z',0),
(8475,16050,8048,'2016-01-28T19:36:53.000Z',0),
(8476,16060,8048,'2016-01-28T19:36:53.000Z',0),
(8477,16070,8048,'2016-01-28T19:36:53.000Z',0),
(8478,16075,8048,'2016-01-28T19:36:53.000Z',0),
(8479,16080,8048,'2016-01-28T19:36:53.000Z',0),
(8480,16090,8048,'2016-01-28T19:36:53.000Z',0),
(8481,16091,8048,'2016-01-28T19:36:53.000Z',0),
(8482,16095,8048,'2016-01-28T19:36:53.000Z',0),
(8483,16100,8048,'2016-01-28T19:36:53.000Z',0),
(8484,16110,8048,'2016-01-28T19:36:53.000Z',0),
(8485,16120,8048,'2016-01-28T19:36:53.000Z',0),
(8486,16130,8048,'2016-01-28T19:36:53.000Z',0),
(8487,16140,8048,'2016-01-28T19:36:53.000Z',0),
(8539,17010,8048,'2016-01-28T19:36:53.000Z',0),
(8540,17021,8048,'2016-01-28T19:36:53.000Z',0),
(8542,17050,8048,'2016-01-28T19:36:53.000Z',0),
(8543,17070,8048,'2016-01-28T19:36:53.000Z',0),
(8544,17080,8048,'2016-01-28T19:36:53.000Z',0),
(8545,17090,8048,'2016-01-28T19:36:53.000Z',0),
(8546,17100,8048,'2016-01-28T19:36:53.000Z',0),
(8547,17110,8048,'2016-01-28T19:36:53.000Z',0),
(8548,17120,8048,'2016-01-28T19:36:53.000Z',0),
(8549,17130,8048,'2016-01-28T19:36:53.000Z',0),
(8550,17140,8048,'2016-01-28T19:36:53.000Z',0),
(8551,17150,8048,'2016-01-28T19:36:53.000Z',0),
(8552,17160,8048,'2016-01-28T19:36:53.000Z',0),
(8553,17261,8048,'2016-01-28T19:36:53.000Z',0),
(8554,17262,8048,'2016-01-28T19:36:53.000Z',0),
(8555,17263,8048,'2016-01-28T19:36:53.000Z',0),
(8556,17264,8048,'2016-01-28T19:36:53.000Z',0),
(8557,17265,8048,'2016-01-28T19:36:53.000Z',0),
(8558,17266,8048,'2016-01-28T19:36:53.000Z',0),
(8559,17267,8048,'2016-01-28T19:36:53.000Z',0),
(8560,17268,8048,'2016-01-28T19:36:53.000Z',0),
(8561,17269,8048,'2016-01-28T19:36:53.000Z',0),
(8562,17270,8048,'2016-01-28T19:36:53.000Z',0),
(8563,17271,8048,'2016-01-28T19:36:53.000Z',0),
(8564,17272,8048,'2016-01-28T19:36:53.000Z',0),
(8565,17273,8048,'2016-01-28T19:36:53.000Z',0),
(8566,17274,8048,'2016-01-28T19:36:53.000Z',0),
(8567,17275,8048,'2016-01-28T19:36:53.000Z',0),
(8568,17276,8048,'2016-01-28T19:36:53.000Z',0),
(8569,17277,8048,'2016-01-28T19:36:53.000Z',0),
(8570,17278,8048,'2016-01-28T19:36:53.000Z',0),
(8571,17279,8048,'2016-01-28T19:36:53.000Z',0),
(8572,17280,8048,'2016-01-28T19:36:53.000Z',0),
(8573,17281,8048,'2016-01-28T19:36:53.000Z',0),
(8574,17282,8048,'2016-01-28T19:36:53.000Z',0),
(8774,17283,1226,'',0),
(8775,17283,8048,'2016-01-28T23:19:58.891Z',0),
(8776,17284,8048,'2016-01-28T23:23:59.302Z',0),
(8777,17290,1800,'Nursery Condition',0),
(8778,17290,1800,'Trait',3),
(8779,17290,8048,'2016-01-28T23:26:25.004Z',0),
(100000,100000,8048,'2016-10-28T23:26:25.004Z',0);
                                                                                                                                    
/*Data for the table `cvtermsynonym` */                                                                                             
                                                                                                                                    
insert  into `cvtermsynonym`(`cvtermsynonym_id`,`cvterm_id`,`synonym`,`type_id`) values
(1310,1310,'Soil properties',1230),
(2000,2000,'Project management key',1230),
(2001,2000,'Program',1230),
(2010,2010,'Study name',1230),
(2020,2020,'Dataset name',1230),
(2040,2014,'Study purpose',1230),
(2050,2050,'Start',1230),
(2054,2054,'Seeding date',1230),
(2055,2054,'Sowing date',1230),
(2056,2054,'Date seeded',1230),
(2060,2052,'End',1230),
(2070,2070,'Research station',1230),
(2080,2080,'Principle investigator',1230),
(2081,2080,'Cooperator',1230),
(2082,2080,'Researcher',1230),
(2083,2080,'Investigator',1230),
(2084,2080,'Project member',1230),
(2085,2080,'Project manager',1230),
(2090,2090,'IP status',1230),
(2100,2100,'Occurance',1230),
(2101,2100,'Series',1230),
(2105,2105,'Nursery id',1230),
(2110,2110,'Site',1230),
(2120,2120,'Plot',1230),
(2124,2124,'Rows harvested',1230),
(2129,2129,'Hill spacing',1230),
(2130,2130,'Quadrat',1230),
(2131,2130,'Sample',1230),
(2140,2140,'Design',1230),
(2141,2140,'Sampling design',1230),
(2160,2160,'Sub block',1230),
(2170,2170,'Row',1230),
(2180,2180,'Column',1230),
(2182,2182,'Rows sown',1230),
(2190,2205,'Germplasm identifier',1230),
(2191,2205,'Designation',1230),
(2192,2205,'Variety',1230),
(2193,2205,'Cultivar',1230),
(2194,2205,'Line',1230),
(2196,2205,'Entry source',1230),
(2197,2207,'Pedigree',1230),
(2198,2205,'Selection history',1230),
(2199,2208,'Stock id',1230),
(2200,2205,'Heterotic group',1230),
(2201,2205,'Accessionid',1230),
(2202,2205,'Unique id',1230),
(2203,2200,'Entry id',1230),
(2205,2205,'Germplasm identification',1230),
(2350,2350,'Salinity',1230),
(2360,2360,'Soil drainage',1230),
(2410,2410,'Nitrogen fertilizer',1230),
(2420,2420,'Phosphorusfertilizer',1230),
(2430,2430,'Potassium fertilizer',1230),
(2440,2440,'Micronutrient fertilizer',1230),
(2452,2452,'Growing season',1230),
(2453,2452,'CropYear',1230),
(2460,2460,'Cultural practice',1230),
(2470,2470,'Precipitation',1230),
(2490,2490,'Daylight hours',1230),
(2491,2490,'Daylength',1230),
(2515,2515,'Herbicide application',1230),
(2620,2620,'Seed storage amount',1230),
(2621,2620,'Seed amount',1230),
(2622,2620,'Seed stock',1230),
(2640,2640,'Germination rate',1230),
(2655,2655,'Seed IP status',1230),
(2657,2657,'Seed lot',1230),
(2660,2660,'Lines selected',1230),
(2661,2660,'Plots selected',1230),
(2662,2660,'Families selected',1230),
(2663,4130,'Mean',1230),
(2670,2670,'Method',1230),
(2671,2670,'Maintenance method',1230),
(2672,2670,'Generative method',1230),
(2673,2670,'Derivative method',1230),
(2674,2670,'Crossing method',1230),
(2680,2490,'Sunshine hours',1230),
(2690,2065,'Remark',1230),
(2700,2209,'Check',1230),
(2710,2206,'Varietal group',1230),
(2712,2206,'Population code',1230),
(2720,2206,'Heterotic group',1230),
(3023,8310,'Accession number',1230),
(3024,8310,'Accession name',1230),
(3029,2570,'DEGREE OF MOISTURE STRESS',1230),
(3030,2477,'DEPTH OF FLOODING',1230),
(3031,2477,'WATER DEPTH',1230),
(3033,2310,'CLAY IN SOIL',1230),
(3035,2570,'MOISTURE STRESS',1230),
(3036,2053,'YEAR',1230),
(3037,2452,'CROP SEASON',1230),
(3048,2200,'ENTRY NUMBER',1230),
(3049,2340,'SOIL PH',1230),
(3050,2451,'WEATHER CONDITION',1230),
(3051,2500,'WATER MANAGEMENT',1230),
(3052,2470,'RAINY DAYS',1230),
(3053,2053,'MONTH',1230),
(3054,2053,'TIME OF MEASUREMENT/ OBSERVATION',1230),
(3068,2209,'LOCAL CHECK',1230),
(3073,2160,'BLOCK IN LAYOUT',1230),
(3074,2120,'PLOT IDENTIFICATION',1230),
(3075,2150,'REPLICATION',1230),
(3078,1340,'MATURITY',1230),
(3079,2670,'BMETH',1230),
(3080,2130,'SAMPLING UNIT',1230),
(3081,2130,'FIELD OBJECT',1230),
(3092,2160,'BLOCK NUMBER',1230),
(3093,2170,'ROW NUMBER',1230),
(3094,2180,'COLUMN NUMBER',1230),
(3095,2120,'PLOT NUMBER',1230),
(3096,2122,'HARVESTED PLOT',1230),
(3097,2122,'PLOT SIZE HARVESTED',1230),
(3098,2110,'COUNTRY',1230),
(3099,2100,'TRIAL',1230),
(3100,2056,'DATE TRANSPLANTED',1230),
(3101,2130,'SAMPLED PLANTS',1230),
(3102,2405,'AMOUNT OTHER FERTILIZER',1230),
(3109,2140,'SURVEY DESIGN',1230),
(3110,2140,'STUDY DESIGN',1230),
(3112,1340,'HEADING',1230),
(3116,2405,'FERTILIZER AMOUNT',1230),
(3117,2470,'RAINY PERIOD',1230),
(3118,2480,'ATMOSPHERIC TEMPERATURE',1230),
(3119,2054,'DATEOF PLANTING',1230),
(3124,2670,'BREEDSYS',1230),
(3125,1350,'MUCRO',1230),
(3126,2126,'LENGTH OF ROW',1230),
(3128,2056,'TRANSPLANTING',1230),
(3129,2570,'DEGREE_MOIST',1230),
(3130,2250,'LAND_INCLINATION',1230),
(3131,2530,'DISEASE_PROTECT',1230),
(3132,2520,'INSECT_PROTECT',1230),
(3135,2477,'FLOOD_DEPTH',1230),
(3136,2290,'SOIL_TYPE',1230),
(3137,2310,'CLAY_PCT',1230),
(3139,2477,'H2O_LEVEL',1230),
(3140,2053,'DAY',1230),
(3141,2477,'FLOOD_STAGE',1230),
(3142,2477,'FLOOD_DAYS',1230),
(3143,2477,'H20_ABOVE',1230),
(3144,2477,'H2O_LEVEL_TYPE',1230),
(3145,2475,'H2O_SOURCE_DIST',1230),
(3146,2475,'H2O_SOURCE_TYPE',1230),
(3147,2500,'BUNDED',1230),
(3148,2470,'DAYS_MOIST',1230),
(3149,2470,'STAGE_MOIST',1230),
(3150,2405,'FERTILIZER_NAME',1230),
(3151,2420,'APPLY_P2O5',1230),
(3152,2410,'APPLY_N',1230),
(3153,2123,'NO_OF_ROWS',1230),
(3154,2206,'SETNO',1230),
(3155,2070,'INSTITUTION',1230),
(3156,2150,'LAYOUT',1227),
(3157,2020,'DTYPE',1227),
(3158,2570,'MSTRES',1227),
(3161,2205,'VTY',1227),
(3162,2105,'NURS',1227),
(3163,2053,'YR',1227),
(3164,2452,'CSN',1227),
(3201,2110,'LOCN',1227),
(3202,2100,'TRAIL',1227),
(3234,2054,'SDATE',1227),
(3235,2451,'WEA',1227),
(3236,2500,'WMGT',1227),
(3238,2080,'COOP',1227),
(3240,2126,'ROWL',1227),
(3241,2128,'RSPC',1227),
(3242,2129,'HSPC',1227),
(3252,2010,'STUDY',1227),
(3256,2180,'COL',1227),
(3257,2160,'BLK',1227),
(3260,1340,'MAT',1227),
(3261,2123,'ROWP',1227),
(3264,2660,'NPSEL',1227),
(3266,2660,'Plants selected',1230),
(3288,2452,'SEASON',1227),
(3289,2054,'DOS',1227),
(3290,2056,'DOT',1227),
(3301,1340,'HEAD',1227),
(3308,2477,'WDEP',1227),
(3364,2054,'DOP',1227),
(3365,2080,'INV',1227),
(3380,2620,'STOCK',1227),
(3385,2670,'BREEDS',1227),
(3411,2070,'INST',1227),
(3412,2450,'ZONE',1227),
(3413,2110,'NURSER',1227),
(3414,2405,'FERT A',1227),
(3415,2054,'PDATE',1227),
(3416,2058,'HARV D',1227),
(3417,2515,'HERB T',1227),
(3418,2515,'HERBD',1227),
(3419,2515,'HERB R',1227),
(3420,2122,'PLOT S',1227),
(3421,2124,'AREA',1227),
(3422,2470,'PRECIP',1227),
(3425,2410,'SPAD',1227),
(3433,2200,'ENTRYC',1227),
(3434,2205,'GID',1227),
(3435,2200,'SOURCE',1227),
(3436,2200,'DESIGN',1227),
(3437,2200,'VTY',1227),
(3438,2105,'NRS',1227),
(3439,2053,'CS',1227),
(3440,2110,'LOC',1227),
(3441,2056,'TDATE',1227),
(3442,2470,'RNDYS',1227),
(3443,2470,'RAIN',1227),
(3444,2480,'TEMP',1227),
(3445,2405,'FERT T',1227),
(3446,2150,'REP',1227),
(3447,2160,'BLOCK',1227),
(3448,4030,'DATA T',1227),
(3449,2080,'COOP N',1227),
(3450,2070,'AGENCY',1227),
(3460,2053,'TIME',1227),
(3461,2122,'PSIZE',1227),
(3463,2065,'REM',1227),
(3464,2660,'PSEL',1227),
(3465,2130,'SU',1227),
(3466,2130,'FO',1227),
(3467,2470,'PRCP',1227),
(3468,2200,'CVR',1227),
(3469,2120,'PNO',1227),
(3470,2124,'PSIZE',1227),
(3471,2110,'CNTRY',1227),
(3472,2450,'ECO',1227),
(3473,2452,'SESN',1227),
(3474,2130,'SAMP',1227),
(3475,2065,'CMT',1227),
(3476,2140,'ED',1227),
(3477,2470,'RPRD',1227),
(3478,2480,'CPRD',1227),
(3483,2200,'GENTRY',1227),
(3484,2080,'PERS',1227),
(3485,2208,'SSOURC',1227),
(3486,2207,'CHIST',1227),
(3487,2205,'LRECID',1227),
(3489,2450,'Agro-ecological zone',1230),
(3490,2110,'NurserySite',1230),
(3491,2515,'Herbicide',1230),
(3492,2515,'Herbicide date',1230),
(3493,2515,'Herbicide rate',1230),
(3494,2124,'Plot area',1230),
(3495,2470,'Precipitation Amount',1230),
(3498,2410,'SPAD value',1230),
(3505,2053,'TEST YEAR',1230),
(3506,2200,'ENTRYCODE',1230),
(3507,2200,'DESIGNATION',1230),
(3508,2110,'Test Location',1230),
(3509,2405,'Fertilizer Type',1230),
(3510,2070,'Cooperator Institution',1230),
(3514,2124,'HARVESTED PLOT',1230),
(3515,2124,'PLOT SIZE HARVESTED',1230),
(3516,2480,'COLD PERIOD',1230),
(3519,2065,'Breeders notes',1230),
(3520,6087,'grams',1230),
(3521,6095,'Sq. meters',1230),
(3522,6087,'gram',1230),
(3523,2209,'Check lines',1230),
(3524,16030,'Visual rating',1230),
(3526,6040,'Integer',1230),
(3527,17050,'Percentage',1230),
(3528,6088,'Kilogram',1230),
(3529,6085,'Centimeter',1230),
(3530,16030,'Visual observation',1230),
(3531,2080,'Collaborator',1230),
(3532,8180,'TRIAL_LOCATION',1230),
(3533,8189,'COUNTRY_CODE',1230),
(3534,8131,'nblocks',1230),
(3535,8131,'nreplicates',1230),
(3536,8132,'blocksize',1230),
(3537,8134,'replatingroups',1230),
(3538,8136,'nrows',1230),
(3539,8137,'ncolumns',1230),
(3540,8138,'nrlatin',1230),
(3541,8139,'nclatin',1230),
(3542,8142,'nblatin',1230),
(3543,8383,'Planting_date',1230),
(3544,8373,'Collaborator',1230),
(3545,8386,'PLOT_ROWS',1230),
(3546,8260,'NFERT_TREAT',1230),
(3547,8265,'NFERT_MGMT',1230),
(3548,8384,'TRNSPL_DATE',1230),
(3549,8386,'ROWS_PLOT',1230),
(3550,8387,'ROW_SPACING',1230),
(3551,8330,'MGID',1230),
(3552,8371,'CROP_SESNCD',1230),
(3553,8369,'CROP_SESN_MONTH',1230),
(3554,8391,'NOTE_1',1230),
(3555,8392,'NOTE_2',1230),
(3556,8393,'NOTE_3',1230),
(3557,8600,'PDATE_NO',1230),
(3558,8590,'PDATE_TREAT',1230),
(3559,8186,'TRIAL_LOCATION_TEXT',1230),
(3563,8310,'ACCNO',1230),
(3564,8660,'Collaborator_Email',1230),
(3565,8372,'Collaborator_ID',1230),
(3566,8370,'CROP_SEASON',1230),
(3569,8377,'Cross_name',1230),
(3570,8377,'Pedigree',1230),
(3571,8250,'Designation',1230),
(3572,8230,'ENTNO',1230),
(3573,8230,'EntryNo',1230),
(3574,8300,'EntryCode',1230),
(3575,8255,'EntryType',1230),
(3576,8650,'Fieldbook_Type',1230),
(3577,8330,'Group_Gid',1230),
(3578,8700,'Irrigatio_ type',1230),
(3579,8190,'LID, Lid',1230),
(3580,8640,'MEGA',1230),
(3581,8378,'Origin',1230),
(3582,8269,'STOCKID',1230),
(3583,8186,'T_Loc',1230),
(3584,8680,'Trial_Abbr',1230),
(3585,8170,'TRIAL_INSTANCE',1230),
(3586,8170,'Trial occurrence',1230),
(3587,8170,'Occurrence',1230),
(3588,8385,'PLANT_DENSITY',1230),
(3593,2405,'Fertilizer',1230),
(100000,100000,'Limit',1230);
                                                                                                                                    
/*Data for the table `variable_overrides` */                                                                                        
                                                                                                                                    
insert  into `variable_overrides`(`id`,`program_uuid`,`cvterm_id`,`alias`,`expected_min`,`expected_max`) values
(1,NULL,8270,NULL,'1','14');
                                                                                                                                    
/*!40101 SET SQL_MODE=@OLD_SQL_MODE */;                                                                                             
/*!40014 SET FOREIGN_KEY_CHECKS=@OLD_FOREIGN_KEY_CHECKS */;                                                                         
/*!40014 SET UNIQUE_CHECKS=@OLD_UNIQUE_CHECKS */;                                                                                   
/*!40111 SET SQL_NOTES=@OLD_SQL_NOTES */;                                                                                           
