/*                                                                                                                                  
SQLyog Community v11.28 (64 bit)                                                                                                    
MySQL - 5.6.27 : Database - curated_new_om                                                                                          
*********************************************************************                                                               
*/                                                                                                                                 
                                                                                                                                    
/*!40101 SET NAMES utf8 */;                                                                                                         
                                                                                                                                    
/*!40101 SET SQL_MODE=''*/;                                                                                                         
                                                                                                                                    
/*!40014 SET @OLD_UNIQUE_CHECKS=@@UNIQUE_CHECKS, UNIQUE_CHECKS=0 */;                                                                
/*!40014 SET @OLD_FOREIGN_KEY_CHECKS=@@FOREIGN_KEY_CHECKS, FOREIGN_KEY_CHECKS=0 */;                                                 
/*!40101 SET @OLD_SQL_MODE=@@SQL_MODE, SQL_MODE='NO_AUTO_VALUE_ON_ZERO' */;                                                         
/*!40111 SET @OLD_SQL_NOTES=@@SQL_NOTES, SQL_NOTES=0 */;                                                                            
/*Data for the table `project` */                                                                                                   
                                                                                                                                    
insert  into `project`(`project_id`,`name`,`description`,`program_uuid`) values
(2000,'Templates','Trial and Nursery Templates',NULL),
(2001,'Basic Trial Template','Basic Trial Template',NULL),
(2002,'Basic Trial Template-ENVIRONMENT','ENVIRONMENT_Basic Trial Template',NULL),
(2003,'Basic Trial Template-PLOTDATA','MEASUREMENT EFECT_Basic Trial Template',NULL),
(2004,'Basic nursery template','Basic nursery template',NULL),
(2005,'Basic nursery template-ENVIRONMENT','ENVIRONMENT_Basic nursery template',NULL),
(2006,'Basic nurserytemplate-PLOTDATA','MEASUREMENT EFECT_Basic nursery template',NULL);
                                                                                                                                    
/*Data for the table `project_relationship` */                                                                                      
                                                                                                                                    
insert  into `project_relationship`(`project_relationship_id`,`subject_project_id`,`object_project_id`,`type_id`) values
(2000,2000,1,1140),
(2001,2001,2000,1145),
(2002,2002,2001,1150),
(2003,2003,2001,1150),
(2004,2004,2000,1145),
(2005,2005,2004,1150),
(2006,2006,2004,1150);
                                                                                                                                    
/*Data for the table `projectprop` */                                                                                               
                                                                                                                                    
insert  into `projectprop`(`projectprop_id`,`project_id`,`type_id`,`value`,`rank`) values
(16531,2003,1060,'Field plot id - assigned (text)',110),
(16532,2003,1070,'8201',110),
(16533,2003,1804,'PLOT_ID',110),
(16534,2006,1060,'Field plot id - assigned (text)',24),
(16535,2006,1070,'8201',24),
(16536,2006,1804,'PLOT_ID',24),
(160000,2001,1805,'STUDY_NAME',1),
(160001,2001,1060,'STUDY NAME',1),
(160002,2001,1070,'8005',1),
(160003,2001,1805,'STUDY_TITLE',2),
(160004,2001,1060,'TITLE ASSIGNED',2),
(160005,2001,1070,'8007',2),
(160006,2001,1805,'PM_KEY',3),
(160007,2001,1060,'PROJECT MANAGEMENT KEY',3),
(160008,2001,1070,'8040',3),
(160009,2001,8040,'0',3),
(160010,2001,1805,'STUDY_OBJECTIVE',4),
(160011,2001,1060,'OBJECTIVE DESCRIBED',4),
(160012,2001,1070,'8030',4),
(160013,2001,8030,'Provide templates to start creating trials and nurseries',4),
(160014,2001,1805,'START_DATE',5),
(160015,2001,1060,'STUDY START DATE',5),
(160016,2001,1070,'8050',5),
(160017,2001,8050,'20140627',5),
(160018,2001,1805,'END_DATE',6),
(160019,2001,1060,'STUDY END DATE',6),
(160020,2001,1070,'8060',6),
(160021,2001,8060,'20140627',6),
(160022,2001,1805,'STUDY_TYPE',7),
(160023,2001,1060,'TYPE OF STUDY',7),
(160024,2001,1070,'8070',7),
(160025,2001,8070,'10010',7),
(160026,2001,1805,'Study_UID',8),
(160027,2001,1060,'STUDY USER ID',8),
(160028,2001,1070,'8020',8),
(160029,2001,8020,NULL,8),
(160034,2001,1805,'PI_NAME',10),
(160035,2001,1060,'Name of the Principal Investigator',10),
(160036,2001,1070,'8100',10),
(160037,2001,8100,NULL,10),
(160038,2001,1805,'PI_ID',11),
(160039,2001,1060,'ID of the Principal Investigator',11),
(160040,2001,1070,'8110',11),
(160041,2001,8110,NULL,11),
(160042,2001,1805,'STUDY_UPDATE',12),
(160043,2001,1060,'Date the study was last updated',12),
(160044,2001,1070,'8009',12),
(160045,2001,8009,'20140724',12),
(160046,2002,1805,'DATASET_NAME',1),
(160047,2002,1060,'DATASET NAME',1),
(160048,2002,1070,'8150',1),
(160049,2002,1805,'DATASET_TITLE',2),
(160050,2002,1060,'DATASET_TITLE',2),
(160051,2002,1070,'8155',2),
(160052,2002,1805,'DATASET_TYPE',3),
(160053,2002,1060,'Dataset type',3),
(160054,2002,1070,'8160',3),
(160055,2002,8160,'10080',3),
(160056,2002,1806,'TRIAL_INSTANCE',4),
(160057,2002,1060,'TRIAL NUMBER',4),
(160058,2002,1070,'8170',4),
(160059,2002,1806,'COOPERATOR',5),
(160060,2002,1060,'COOPERATOR NAME',5),
(160061,2002,1070,'8373',5),
(160062,2002,1806,'COOPERATOR_ID',6),
(160063,2002,1060,'COOPERATOR ID',6),
(160064,2002,1070,'8372',6),
(160065,2002,1806,'LOCATION_NAME',7),
(160066,2002,1060,'TRIAL SITE NAME',7),
(160067,2002,1070,'8180',7),
(160068,2002,1806,'LOCATION_ID',8),
(160069,2002,1060,'TRIAL SITE ID',8),
(160070,2002,1070,'8190',8),
(160071,2002,1802,'SITE_SOIL_PH',9),
(160072,2002,1060,'Soil acidity - ph meter (pH)',9),
(160073,2002,1070,'8270',9),
(160220,2003,1805,'DATASET_NAME',1),
(160221,2003,1060,'DATASET NAME',1),
(160222,2003,1070,'8150',1),
(160223,2003,1805,'DATASET_TITLE',2),
(160224,2003,1060,'DATASET_TITLE',2),
(160225,2003,1070,'8155',2),
(160226,2003,1805,'DATASET_TYPE',3),
(160227,2003,1060,'Dataset type',3),
(160228,2003,1070,'8160',3),
(160229,2003,8160,'10090',3),
(160230,2003,1806,'TRIAL_INSTANCE',4),
(160231,2003,1060,'TRIAL NUMBER',4),
(160232,2003,1070,'8170',4),
(160233,2003,1804,'ENTRY_NO',8),
(160234,2003,1060,'The germplasm entry number',8),
(160235,2003,1070,'8230',8),
(160236,2003,1804,'DESIGNATION',9),
(160237,2003,1060,'The name of the germplasm',9),
(160238,2003,1070,'8250',9),
(160239,2003,1804,'GID',10),
(160240,2003,1060,'The GID of the germplasm',10),
(160241,2003,1070,'8240',10),
(160242,2003,1804,'CROSS',11),
(160243,2003,1060,'The pedigree string of the germplasm',11),
(160244,2003,1070,'8377',11),
(160245,2003,1804,'SOURCE',12),
(160246,2003,1060,'The seed source of the germplasm',12),
(160247,2003,1070,'8378',12),
(160248,2003,1804,'ENTRY_CODE',13),
(160249,2003,1060,'Germplasm entry code',13),
(160250,2003,1070,'8300',13),
(160251,2003,1810,'PLOT_NO',14),
(160252,2003,1060,'Plot number of test',14),
(160253,2003,1070,'8200',14),
(160254,2003,1810,'REP_NO',15),
(160255,2003,1060,'REPLICATION',15),
(160256,2003,1070,'8210',15),
(160257,2003,1810,'BLOCK_NO',16),
(160258,2003,1060,'INCOMPLETE BLOCK',16),
(160259,2003,1070,'8220',16),
(160260,2003,1808,'Awns_E_0to9',68),
(160261,2003,1060,'Observation of awn type whether awnless/awnletted (short awns)/awned (conspicious awns).',68),
(160262,2003,1070,'22992',68),
(160263,2003,1808,'ColdTol_E_pct',69),
(160264,2003,1060,'Observation of growth at temperatures lower than the optimum temperature.',69),
(160265,2003,1070,'23207',69),
(160266,2003,1808,'Hd_dto_day',70),
(160267,2003,1060,'Number of days required from sowing to spike emergence from the flag leaf of a plant or a group of plants. However, when planting in dry soils in dryland areas it is counted from the first day of rainfall or irrigation which is sufficient for germination.',70),
(160268,2003,1070,'22898',70),
(160272,2003,1808,'AphDmg_E_1to5',72),
(160273,2003,1060,'Scored for the damage caused by various species of aphids.',72),
(160274,2003,1070,'23208',72),
(160281,2003,1808,'ErlVig_E_1to5',75),
(160282,2003,1060,'Visual rating of vegetative growth using Zadok growth stages and determine whether it is earlyor late.',75),
(160283,2003,1070,'22682',75),
(160284,2003,1808,'FlrProt_NIRS_pct',76),
(160285,2003,1060,'Total protein percent (corrected to 14.0% moisture basis) in refined flour.',76),
(160286,2003,1070,'23230',76),
(160287,2003,1808,'FlrSDS_M_ml',77),
(160288,2003,1060,'Testing of refined flour quality by SDS-sedimentation, a parameter estimating gluten strength or gluten protein quality.',77),
(160289,2003,1070,'22880',77),
(160290,2003,1808,'GgtriInc_E_1to5',78),
(160291,2003,1060,'Scored for the plant response to the agentGaeumannomyces graminis var. tritici (Ggt)causing wheat take-all disease.',78),
(160292,2003,1070,'23212',78),
(160293,2003,1808,'GrwHabit_E_1to5',79),
(160294,2003,1060,'A qualitative description of the growth habit of the plant whether erect/semi-erect/prostrate/spreading/semi-spreading.',79),
(160295,2003,1070,'23213',79),
(160296,2003,1808,'GCol_E_1to5',80),
(160297,2003,1060,'Visual measurement of grain color whether white/red/purple at maturity.',80),
(160298,2003,1070,'22991',80),
(160299,2003,1808,'GMoi_E_pct',81),
(160300,2003,1060,'Moisture content of grain measured by grain moisture analyzer in percentage.',81),
(160301,2003,1070,'22692',81),
(160302,2003,1808,'GHrd_M_pct',82),
(160303,2003,1060,'Determination of grain quality whether very soft/medium soft/medium hard/ hard/very hard.',82),
(160304,2003,1070,'23232',82),
(160305,2003,1808,'GPlump_E_1to3',83),
(160306,2003,1060,'A qualitative trait measuring degreeof endosperm has filled.',83),
(160307,2003,1070,'23216',83),
(160308,2003,1808,'GProt_NIRS_pct',84),
(160309,2003,1060,'It is determined in percentage of protein (corrected to 12.5% moisture basis) in the whole wheat grain samples.',84),
(160310,2003,1070,'22885',84),
(160311,2003,1808,'GSize_E_1to3',85),
(160312,2003,1060,'Measurement of grain size in cm (centimeter).',85),
(160313,2003,1070,'23217',85),
(160314,2003,1808,'GrnSpk_Calc_GrnSpk',86),
(160315,2003,1060,'Count of total number of grains on an averageof five spikes.',86),
(160316,2003,1070,'22908',86),
(160317,2003,1808,'GrnSpl_Calc_GrnSpl',87),
(160318,2003,1060,'The total numbers of grains per spikelet.',87),
(160319,2003,1070,'23059',87),
(160320,2003,1808,'GY_Calc_kgha',88),
(160321,2003,1060,'Grain Yield',88),
(160322,2003,1070,'18000',88),
(160323,2003,1808,'GrwStg_Zdks_00to99',89),
(160324,2003,1060,'Visual observation of growth stages based on Zadok Decimal code.',89),
(160325,2003,1070,'22995',89),
(160326,2003,1808,'GluA1_M_text',90),
(160327,2003,1060,'Determination ofhigh molecular weight of glutenin subunit 1A in endosperm.',90),
(160328,2003,1070,'23236',90),
(160329,2003,1808,'GluB1_M_text',91),
(160330,2003,1060,'Determination of high molecular weight of glutenin subunit 1B in endosperm.',91),
(160331,2003,1070,'23237',91),
(160332,2003,1808,'GluD1_M_text',92),
(160333,2003,1060,'Determination of high molecular weight of glutenin subunit 1D in endosperm.',92),
(160334,2003,1070,'23238',92),
(160335,2003,1808,'Lodg_E_1to5',93),
(160336,2003,1060,'Indicates percentage of plants that lodged.',93),
(160337,2003,1070,'22681',93),
(160338,2003,1808,'LofVol_M_ml',94),
(160339,2003,1060,'Measurement of baking quality of flour.',94),
(160340,2003,1070,'23219',94),
(160341,2003,1808,'PgramSev_E_0to12',95),
(160342,2003,1060,'Scored for the plant response to the agent Puccinia graminis f.sp. tritici causing stem rust disease.',95),
(160343,2003,1070,'22757',95),
(160344,2003,1808,'PH_M_cm',96),
(160345,2003,1060,'Height of plant at maturity, measured in cm from ground to top of spike, excluding awns.',96),
(160346,2003,1070,'18020',96),
(160347,2003,1808,'PrecoSev_E_0to12',97),
(160348,2003,1060,'Scored for the plant response to the agent Puccinia recondita causing leaf rust disease.',97),
(160349,2003,1070,'22759',97),
(160350,2003,1808,'PH_E_1to5',98),
(160351,2003,1060,'Ratio of the plantheight determined from the plant to local check which represents the best locally adopted germplasm at each location grown in standard or normal environment.',98),
(160352,2003,1070,'22672',98),
(160353,2003,1808,'Hd_relat_1to5',99),
(160354,2003,1060,'Ratio of the heading days that determined from the plant to best local check which represents the best locally adopted germplasm at each locationgrown in standard or normal environment.',99),
(160355,2003,1070,'23223',99),
(160356,2003,1808,'Mat_relat_1to6',100),
(160357,2003,1060,'Ratio of the maturity days that determined from the plant to best local check which represents the best locally adopted germplasm at each location grown in standard or normal environment.',100),
(160358,2003,1070,'22696',100),
(160359,2003,1808,'SN_Calc_Spksm2',101),
(160360,2003,1060,'Count numbers of spike per meter square area.',101),
(160361,2003,1070,'22909',101),
(160362,2003,1808,'SpkLng_M_cm',102),
(160363,2003,1060,'Measurement of spike length in cm (centimeter).',102),
(160364,2003,1070,'23057',102),
(160365,2003,1808,'SplN_Ct_SplSpk',103),
(160366,2003,1060,'Number of spikelets per spike based on the average of five spikes.',103),
(160367,2003,1070,'23058',103),
(160368,2003,1808,'StayGreen_E_1to5',104),
(160369,2003,1060,'The color of plant and the photosynthetic organs remain green compared to turning yellow and or brown at the time of senescing.',104),
(160370,2003,1070,'23225',104),
(160371,2003,1808,'TestWt_M_kghl',105),
(160372,2003,1060,'Is the weight (Kg) per one hectoliter of clean grain.',105),
(160373,2003,1070,'22684',105),
(160377,2003,1808,'TilSpSpkInc_E_pct',107),
(160378,2003,1060,'Scored for the plant response to the agent Tilletia species causing bunt disease.',107),
(160379,2003,1070,'23228',107),
(160380,2003,1808,'UtritInc_E_1to9',108),
(160381,2003,1060,'Scored for loose smut incidence/severity/response in the plants caused by Ustilago tritici.',108),
(160382,2003,1070,'29201',108),
(160383,2003,1808,'NOTES',109),
(160384,2003,1060,'Field notes - observed (text)',109),
(160385,2003,1070,'8390',109),
(160386,2004,1805,'STUDY_NAME',1),
(160387,2004,1060,'STUDY NAME',1),
(160388,2004,1070,'8005',1),
(160389,2004,1805,'STUDY_TITLE',2),
(160390,2004,1060,'TITLE ASSIGNED',2),
(160391,2004,1070,'8007',2),
(160392,2004,1805,'PM_KEY',3),
(160393,2004,1060,'PROJECT MANAGEMENT KEY',3),
(160394,2004,1070,'8040',3),
(160395,2004,8040,'0',3),
(160396,2004,1805,'STUDY_OBJECTIVE',4),
(160397,2004,1060,'OBJECTIVE DESCRIBED',4),
(160398,2004,1070,'8030',4),
(160399,2004,8030,'Provide templates to start creating trials and nurseries',4),
(160400,2004,1805,'START_DATE',5),
(160401,2004,1060,'STUDY START DATE',5),
(160402,2004,1070,'8050',5),
(160403,2004,8050,'20140627',5),
(160404,2004,1805,'END_DATE',6),
(160405,2004,1060,'STUDY END DATE',6),
(160406,2004,1070,'8060',6),
(160407,2004,8060,'20140627',6),
(160408,2004,1805,'STUDY_TYPE',7),
(160409,2004,1060,'TYPE OF STUDY',7),
(160410,2004,1070,'8070',7),
(160411,2004,8070,'10000',7),
(160412,2004,1805,'Study_UID',8),
(160413,2004,1060,'STUDY USER ID',8),
(160414,2004,1070,'8020',8),
(160415,2004,8020,NULL,8),
(160420,2004,1805,'STUDY_UPDATE',10),
(160421,2004,1060,'Date the study was last updated',10),
(160422,2004,1070,'8009',10),
(160423,2004,8009,'20140724',10),
(160424,2004,1805,'PI_NAME',11),
(160425,2004,1060,'Name of the Principal Investigator',11),
(160426,2004,1070,'8100',11),
(160427,2004,8100,NULL,11),
(160428,2004,1805,'PI_ID',12),
(160429,2004,1060,'ID of the Principal Investigator',12),
(160430,2004,1070,'8110',12),
(160431,2004,8110,NULL,12),
(160432,2004,1805,'STUDY_BMETH',13),
(160433,2004,1060,'Breeding method to be applied to this nursery',13),
(160434,2004,1070,'8256',13),
(160435,2004,8256,NULL,13),
(160436,2004,1805,'STUDY_BM_ID',14),
(160437,2004,1060,'ID of Breeding method',14),
(160438,2004,1070,'8257',14),
(160439,2004,8257,NULL,14),
(160440,2005,1805,'DATASET_NAME',1),
(160441,2005,1060,'DATASET NAME',1),
(160442,2005,1070,'8150',1),
(160443,2005,1805,'DATASET_TITLE',2),
(160444,2005,1060,'DATASET_TITLE',2),
(160445,2005,1070,'8155',2),
(160446,2005,1805,'DATASET_TYPE',3),
(160447,2005,1060,'Dataset type',3),
(160448,2005,1070,'8160',3),
(160449,2005,8160,'10080',3),
(160450,2005,1806,'TRIAL_INSTANCE',4),
(160451,2005,1060,'TRIAL NUMBER',4),
(160452,2005,1070,'8170',4),
(160453,2005,1806,'LOCATION_NAME',15),
(160454,2005,1060,'NURSERY SITE NAME',15),
(160455,2005,1070,'8180',15),
(160456,2005,8180,NULL,15),
(160457,2005,1806,'LOCATION_ID',16),
(160458,2005,1060,'NURSERY SITE ID',16),
(160459,2005,1070,'8190',16),
(160460,2005,8190,NULL,16),
(160461,2006,1805,'DATASET_NAME',1),
(160462,2006,1060,'DATASET NAME',1),
(160463,2006,1070,'8150',1),
(160464,2006,1805,'DATASET_TITLE',2),
(160465,2006,1060,'DATASET_TITLE',2),
(160466,2006,1070,'8155',2),
(160467,2006,1805,'DATASET_TYPE',3),
(160468,2006,1060,'Dataset type',3),
(160469,2006,1070,'8160',3),
(160470,2006,8160,'10090',3),
(160471,2006,1806,'TRIAL_INSTANCE',4),
(160472,2006,1060,'TRIAL NUMBER',4),
(160473,2006,1070,'8170',4),
(160474,2006,1804,'ENTRY_NO',5),
(160475,2006,1060,'ENTRY NUMBER',5),
(160476,2006,1070,'8230',5),
(160477,2006,1804,'DESIGNATION',6),
(160478,2006,1060,'ENTRY DESIGNATION',6),
(160479,2006,1070,'8250',6),
(160480,2006,1804,'GID',7),
(160481,2006,1060,'GERMPLASM ID',7),
(160482,2006,1070,'8240',7),
(160483,2006,1804,'CROSS',8),
(160484,2006,1060,'The pedigree string of the germplasm',8),
(160485,2006,1070,'8377',8),
(160486,2006,1804,'SOURCE',9),
(160487,2006,1060,'The seed source of the germplasm',9),
(160488,2006,1070,'8378',9),
(160489,2006,1804,'ENTRY_TYPE',10),
(160490,2006,1060,'TYPE OF ENTRY',10),
(160491,2006,1070,'8255',10),
(160492,2006,1810,'PLOT_NO',11),
(160493,2006,1060,'PLOT NUMBER',11),
(160494,2006,1070,'8200',11),
(160495,2006,1808,'GY_Calc_kgha',12),
(160496,2006,1060,'The product of accumulating dry matter (i.e., biomass) and allocating a portion of the total aboveground biomass to the grain. It is measured in g/plot.',12),
(160497,2006,1070,'18000',12),
(160498,2006,1808,'PH_M_cm',13),
(160499,2006,1060,'Height of plant at maturity, measured in cm from ground to top of spike, excluding awns.',13),
(160500,2006,1070,'18020',13),
(160504,2006,1808,'Hd_dto_day',15),
(160505,2006,1060,'Number of days required from sowing to spike emergence from the flag leaf of a plant or a group of plants. However, when planting in dry soils in dryland areas it is counted from the first day of rainfall or irrigation which is sufficient for germination.',15),
(160506,2006,1070,'22898',15),
(160510,2006,1808,'ErlVig_E_1to5',17),
(160511,2006,1060,'Visual rating of vegetative growth using Zadok growth stages and determine whether it isearly or late.',17),
(160512,2006,1070,'22682',17),
(160513,2006,1808,'GrwHabit_E_1to5',18),
(160514,2006,1060,'A qualitative description of the growth habit of the plant whether erect/semi-erect/prostrate/spreading/semi-spreading.',18),
(160515,2006,1070,'23213',18),
(160516,2006,1808,'GrwStg_Zdks_00to99',19),
(160517,2006,1060,'Visual observation of growth stages based on Zadok Decimal code.',19),
(160518,2006,1070,'22995',19),
(160519,2006,1808,'SN_Calc_Spksm2',20),
(160520,2006,1060,'Count numbers of spike per meter square area.',20),
(160521,2006,1070,'22909',20),
(160522,2006,1808,'Lodg_E_pct',21),
(160523,2006,1060,'Indicates percentage of plants that lodged.',21),
(160524,2006,1070,'18060',21),
(160525,2006,1808,'NOTES',22),
(160526,2006,1060,'BREEDERS NOTES',22),
(160527,2006,1070,'8390',22),
(160528,2006,1807,'Selections',23),
(160529,2006,1060,'NUMBER OF PLANTS SELECTED',23),
(160530,2006,1070,'8263',23);
                                                                                                                                    
/*!40101 SET SQL_MODE=@OLD_SQL_MODE */;                                                                                             
/*!40014 SET FOREIGN_KEY_CHECKS=@OLD_FOREIGN_KEY_CHECKS */;                                                                         
/*!40014 SET UNIQUE_CHECKS=@OLD_UNIQUE_CHECKS */;                                                                                   
/*!40111 SET SQL_NOTES=@OLD_SQL_NOTES */;                                                                                           
