-- MySQL dump 10.13  Distrib 5.6.27, for Win64 (x86_64)                                                                             
--                                                                                                                                  
-- Host: localhost    Database: ibdbv2_chickpea_merged_nom                                                                          
-- ------------------------------------------------------                                                                           
-- Server version	5.6.27                                                                                                            
                                                                                                                                    
/*!40101 SET @OLD_CHARACTER_SET_CLIENT=@@CHARACTER_SET_CLIENT */;                                                                   
/*!40101 SET @OLD_CHARACTER_SET_RESULTS=@@CHARACTER_SET_RESULTS */;                                                                 
/*!40101 SET @OLD_COLLATION_CONNECTION=@@COLLATION_CONNECTION */;                                                                   
/*!40101 SET NAMES utf8 */;                                                                                                         
/*!40103 SET @OLD_TIME_ZONE=@@TIME_ZONE */;                                                                                         
/*!40103 SET TIME_ZONE='+00:00' */;                                                                                                 
/*!40014 SET @OLD_UNIQUE_CHECKS=@@UNIQUE_CHECKS, UNIQUE_CHECKS=0 */;                                                                
/*!40014 SET @OLD_FOREIGN_KEY_CHECKS=@@FOREIGN_KEY_CHECKS, FOREIGN_KEY_CHECKS=0 */;                                                 
/*!40101 SET @OLD_SQL_MODE=@@SQL_MODE, SQL_MODE='NO_AUTO_VALUE_ON_ZERO' */;                                                         
/*!40111 SET @OLD_SQL_NOTES=@@SQL_NOTES, SQL_NOTES=0 */;                                                                            
                                                                                                                                    
--                                                                                                                                  
-- Dumping data for table `cv`                                                                                                      
--                                                                                                                                  
                                                                                                                                    
LOCK TABLES `cv` WRITE;                                                                                                             
/*!40000 ALTER TABLE `cv` DISABLE KEYS */;                                                                                          
INSERT INTO `cv` (`cv_id`, `name`, `definition`) VALUES
(22788,'22788','BGMR_Est_1to9 : Botrytis grey mold resistance -BY- Botrytisgrey mold resistance - Method -IN- Disease resistance scale'),
(22795,'22795','CYSNR_Est_1to9 : Cyst nematode resistance -BY- Cyst nematode resistance - Method -IN- Disease resistance scale'),
(22801,'22801','GRV_Est_1to3 : Growth vigor -BY- Early growth vigor - Method -IN- Growth vigor category'),
(22802,'22802','FLCOL_Est_1to5 : Flower color -BY- Flower color - Method -IN- Flower color category'),
(22804,'22804','FLPED_Count_1to3 : Number of flowers per peduncle -BY- Number of flowers per peduncle - Method -IN- Flowering type'),
(22806,'22806','GRH_Est_1to5 : Growth habit -BY- Growth habit - Method -IN- Type of growth habit categories'),
(22808,'22808','LMR_Est_1to9 : Leaf miner resistance -BY- Leaf miner resistance - Method -IN- Disease resistance scale'),
(22814,'22814','PLPIG_Est_1to3 : Plant pigmentation -BY- Plant pigmentation - Method -IN- Plant pigmentation category'),
(22819,'22819','RTKNR_Est_1to9 : Root knot nematode resistance -BY- Root knot nematode resistance - Method -IN- Disease resistance scale'),
(22822,'22822','SDCOL_Est_1to21 :Seed color -BY- Seed color - Method -IN- Seed color category'),
(22826,'22826','SDSHP_Est_1to3 : Seed shape -BY- Seed shape - Method-IN- Type of seed shape'),
(22827,'22827','SDSRF_Est_1to3 : Seed surface -BY- Seed surface - Method -IN- Surface categories'),
(22833,'22833','VGRP_Est_1to3 : Variety group -BY- Variety group - Method -IN- variety group scale'),
(22834,'22834','VRLR_Est_1to9 : Viral(stunt) resistance -BY- Viral (stunt) resistance - Method -IN- Disease resistance scale'),
(22905,'22905','ABR_Est_1to9 : Ascochyta blight resistance -BY- Ascochyta blight resistance - Method -IN- Disease resistance scale'),
(22922,'22922','LFT_Est_1to3 : Leaf type-BY- Leaf type - Method -IN- leaf type categories'),
(22941,'22941','ALTBR_Est_1to9 : Alternaria blight resistance -BY- Alternaria blight resistance - Method -IN- Disease resistance scale'),
(22948,'22948','COLBR_Est_1to9 : Colletotrichum blight resistance -BY- Colletotrichum blight resistance - Method -IN- Disease resistance scale'),
(22950,'23619','TST_Est_1to5:Taste -BY- Taste - Method -IN- Taste categories'),
(22951,'23664','DOTSD_Est_1or2:Dots on seed coat -BY- Dots on seed coat - Method -IN- Presence scale'),
(22952,'23680','LFLM_Est_1to2:Leaflet margin -BY- Leaflet margin - Method -IN- Margin type categories'),
(22953,'23688','PLPUB_Est_1to3:Plant pubescence -BY- Plant pubescence - Method -IN- Pubescence categories');
/*!40000 ALTER TABLE `cv` ENABLE KEYS */;                                                                                           
UNLOCK TABLES;                                                                                                                      
                                                                                                                                    
--                                                                                                                                  
-- Dumping data for table `cvterm`                                                                                                  
--                                                                                                                                  
                                                                                                                                    
LOCK TABLES `cvterm` WRITE;                                                                                                         
/*!40000 ALTER TABLE `cvterm` DISABLE KEYS */;                                                                                      
INSERT INTO `cvterm` (`cvterm_id`, `cv_id`, `name`, `definition`, `dbxref_id`, `is_obsolete`, `is_relationshiptype`) VALUES
(20001,1010,'ISOLATE','-',NULL,0,0),
(20002,1010,'SPECIE OF STEMBORER USED','Specie of stemborer used to infest plants in IRSBN',NULL,0,0),
(20003,1010,'PROBLEM SOIL','Problem soil',NULL,0,0),
(20004,1010,'PEAT SOIL','Peat soil',NULL,0,0),
(20005,1010,'YIELD TESTING','Extentof testing, whether local, state or nationa',NULL,0,0),
(20006,1010,'DURATION OF MOISTURE STRESS','Duration of moisture stress',NULL,0,0),
(20007,1010,'LAND INCLINATION','Degree of land inclination for about 100 meters su',NULL,0,0),
(20008,1010,'ELECTRICAL CONDUCTIVITY','A measure of the amount of salts in a solution exp',NULL,0,0),
(20009,1010,'EXCHANGEABLE SODIUM','Amount of exchangeable sodium in soil',NULL,0,0),
(20010,1010,'PHYSICO_CHEMICAL STRESS','Physico-chemical stress present in soil',NULL,0,0),
(20011,1010,'STAGE ATMOISTURE STRESS','Plant growth stage at the time of moisture stress',NULL,0,0),
(20012,1010,'SOIL LAYER SAMPLED','Depth range of soil sample layer',NULL,0,0),
(20013,1010,'WATER SOURCE','The nearest source of water in the experimental fi',NULL,0,0),
(20014,1010,'DISTANCE FROM WATER SOURCE','The distance of the experimental field from the ne',NULL,0,0),
(20015,1010,'CATION EXCHANGE CAPACITY','Cation exchange capacity of soil',NULL,0,0),
(20016,1010,'EXCHANGEABLE POTASSIUM','Amount of exchangeable potassium in soil',NULL,0,0),
(20017,1010,'BRAY PHOSPHOROUS','Amount of bray phosphorous in soil',NULL,0,0),
(20018,1010,'ACTIVE MANGANESE','Amount of active manganese in soil',NULL,0,0),
(20019,1010,'ACTIVE IRON','Amount of active iron in soil',NULL,0,0),
(20020,1010,'JAROSITE DEPTH','Depth at which jarosite occurs for acid sulfate so',NULL,0,0),
(20021,1010,'PYRITE DEPTH','Depth at which pyrite occurs for acid sulfate soil',NULL,0,0),
(20022,1010,'TIME OF APPLICATION','-',NULL,0,0),
(20023,1010,'SEEDING RATE','The amount of seed planted per unit area of land.',NULL,0,0),
(20024,1010,'COLD PERIOD','-',NULL,0,0),
(20025,1010,'HILLS SAMPLED','-',NULL,0,0),
(20026,1010,'GALL MIDGE BIOTYPE','Gall midge biotype',NULL,0,0),
(20027,1010,'MUTAGEN','-',NULL,0,0),
(20028,1010,'Pod length','Length of pods measured in cm',NULL,0,0),
(20029,1010,'Pod weight','Weight of pods from a plant grown in the pot or field.',NULL,0,0),
(20030,1010,'Pods per plant','Is a count of the number of pods per plant grown in the pot or field.',NULL,0,0),
(20032,1010,'Seeds per pod','Average number of seeds per pod from a plant grown in the pot or field',NULL,0,0),
(20033,1010,'Apical primary branches number per plant\r\n','Number of apical primarybranches per plant',NULL,0,0),
(20034,1010,'Apical secondary branches number per plant\r\n','Number of apical secondary branches perplant',NULL,0,0),
(20035,1010,'Basal primary branches number per plant\r\n','Number of basal primary branches per plant\r\n',NULL,0,0),
(20036,1010,'Number of basal secondary branches per plant','Number of basal secondary branches counted per plant',NULL,0,0),
(20037,1010,'Growth habit','A qualitative description of the growth habit of the plant, whether erect/semi-erect/prostrate/spreading/semi-spreading',NULL,0,0),
(20038,1010,'Number of tertiary branches per plant','Number of tertiary branches counted per plant',NULL,0,0),
(20039,1010,'Plant width','Mean canopy spread (cm) of five representative plants at the end of flowering',NULL,0,0),
(20040,1010,'Plant pigmentation','A qualitative trait indicating the extent of anthocyanin pigmentation in the plant',NULL,0,0),
(20041,1010,'Number of flowers per peduncle','A qualitative trait indicating number of flowers per peduncle',NULL,0,0),
(20042,1010,'Flower color','A qualitative trait indicating flower color to be dark pink/pink/dark blue/blue/white',NULL,0,0),
(20043,1010,'Seed diameter','Seed diameter of fully dried seed',NULL,0,0),
(20044,1010,'Seed shape','A qualitative trait indicating seed shape to be either angular/pea shaped/owl\'s head in shape',NULL,0,0),
(20045,1010,'Seed color','A qualitative trait indicating seed coat color that could be black, brown, green, yellow, white and different shades and combinations of these colors.',NULL,0,0),
(20046,1010,'Seed surface','A qualitative trait describing seed surface that could take the values smooth/rough/tuberculated',NULL,0,0),
(20047,1010,'Dots on seed coat','A qualitative trait indicating the presence or absence of dots on the seed coat.',NULL,0,0),
(20048,1010,'100_seed weight','Measurement ingrams of 100 well-developed whole air-dried seeds',NULL,0,0),
(20049,1010,'Seed per plant','Number of seeds counted per plant',NULL,0,0),
(20050,1010,'Shoot dry weight','Weight of the shoot without roots',NULL,0,0),
(20051,1010,'Shoot sodium','Shoot sodium content in % from plants/subsetof plants at vegetative stage.',NULL,0,0),
(20052,1010,'Shoot potassium','Shoot potassium content in % from plants/subset of plants at vegetative stage.',NULL,0,0),
(20054,1010,'Collar rot resistance','Causative agent:Sclerotium rolfsii. It causes constriction of collar region and rotting. White strands grow over affected tissue. Sclerotia, small round fungal structures that look like mustard seeds, are seen on the dead tissues',NULL,0,0),
(20055,1010,'Botrytis grey mold resistance','Causative agent:Botrytis cinerea. It causes water soaked and irregular lesions on the pod that contain either small shriveled seeds or no seeds at all; lesions girdle the stem completely',NULL,0,0),
(20056,1010,'Fusarium wilt resistance','Causative agent:Fusarium oxysporum f.sp.ciceris. It causes seedlings to die, seedlings collapse and lie flat on the ground, when uprooted plants show uneven shrinking of the stemabove and below the collar region',NULL,0,0),
(20057,1010,'Colletotrichum blight resistance','Causative agent:Colletotrichum capsici. It causes elongated, sunken, dark brown spots on the lower part of the stem, wilting and drying due to severe infection',NULL,0,0),
(20058,1010,'Ascochyta blight resistance','Causative agent:Ascochyta rabiei. It causes dark brown lesions at the base of the stem of emerging seedlings, seen during the flowering and podding phases of blighted plants in the field, affected seedlings die',NULL,0,0),
(20059,1010,'Leaf miner resistance','Causative agent: Liriomyza cicerina. The leaflets are mined, have a reduced photosynthetic capacity and senesce prematurely.',NULL,0,0),
(20060,1010,'Pod borer resistance','Causative agent:Helicoverpa armigera. The insect feeds on all green parts and defoliate young crops, large larvae cut round holes in the pod wall and devour the seed inside. The extent of damage is measured in %',NULL,0,0),
(20061,1010,'Filled double pod number','Is a count of the number of filled chickpea double pods produced by a double podded line.',NULL,0,0),
(20062,1010,'Flowering duration','Number of days over which plants continue to flower',NULL,0,0),
(20063,1010,'Leaf type','A qualitative description of leaf trait of the plant, whether normal/simple/multipinnate',NULL,0,0),
(20064,1010,'Leaflet margin','A qualitative trait describing type of leaflet margin whether smooth or serrated',NULL,0,0),
(20065,1010,'Number of leaflets per leaf','Number of leaflets in a fully developed leaf',NULL,0,0),
(20066,1010,'plant hairiness','A qualitaive trait describing extent of hairiness of the shoot',NULL,0,0),
(20067,1010,'Days to first pod formation','Number of days from sowing to formation of first pod',NULL,0,0),
(20068,1010,'Cold tolerance','Degree of tolerance to cold',NULL,0,0),
(20069,1010,'Heat tolerance','Degree of tolerance to high temperature',NULL,0,0),
(20070,1010,'Dry root rot resistance','Causative agent:Rhizoctonia bataticola. It causes drying up of plants. Roots become brittle and minute sclerotia are seen on the exposed roots',NULL,0,0),
(20071,1010,'Alternaria blight resistance','Causative agent: Alternaria alternata. It causes water-soaked purple lesions on leaflets which later turn brown to dark brown',NULL,0,0),
(20072,1010,'Viral (stunt) resistance','Causative agent: Pea leaf roll virus. It causes stunted growth and discoloured (yellow, orange or brown) foliage',NULL,0,0),
(20073,1010,'Root knot nematode resistance','Causative agent: Meloidogyne spp.  It causes formation of galls on the root',NULL,0,0),
(20074,1010,'Cyst nematode resistance','Causative agent: Heterodera spp.  Syncytia are formed on the roots which become necrotic.',NULL,0,0),
(20075,1010,'Variety group','Type of chickpea - desi,kabuli or intermediate',NULL,0,0),
(20076,1010,'Protein %','Analysing the protein in the laboratory',NULL,0,0),
(20077,1010,'No. of fertile pods per plant','Number of pods with seed',NULL,0,0),
(20078,1010,'Cooking time','Cooking time for dry seed without soaking',NULL,0,0),
(20079,1010,'Taste','Taste of seed for Consuming',NULL,0,0),
(20080,1010,'Lod Score','Logarthm of Odds',NULL,0,0),
(20081,1010,'Stem Dry Weight','Stem Dry Weight of a sample',NULL,0,0),
(20082,1010,'Leaf Dry Weight','Leaf Dry Weight of a sample',NULL,0,0),
(20083,1010,'Rooting Depth','Maximum Rooting Depth',NULL,0,0),
(20084,1010,'Root Dry Weight','Root dry weight of a sample',NULL,0,0),
(20085,1010,'Root dry weight_Total plant dry weight','Ratio of Root Dry weight to that of the whole plant dry weight',NULL,0,0),
(20086,1010,'Root Length','Cumulative root length of a sample',NULL,0,0),
(20087,1010,'Root Length Density','The length of roots present ina unit volume of soil',NULL,0,0),
(20088,1010,'Root Surface Area','Surface of roots estimated through length and diameter measured through winrhizo software',NULL,0,0),
(20089,1010,'Root Volume','Volume of roots estimated through length and diameter measured eitherthrough winrhizo software or water displacement method.',NULL,0,0),
(20090,1010,'Canopy height','height of the canopy',NULL,0,0),
(20091,1010,'Carbon isotope discrimination','Ratio of carbon isotope in tissue relative to the air',NULL,0,0),
(20092,1010,'Specific leaf area','Leaf area per g dry weight of leaves',NULL,0,0),
(20093,1010,'SPAD Chlorophyll Meter Readings','Proportions that indicate chlorophyll density and/or leaf thickness measured through a SPAD chlorophyll meter.',NULL,0,0),
(20094,1010,'Transpiration efficiency','Ratio of shoot biomass produced per unit of water used',NULL,0,0),
(20095,1010,'Water use efficiency','Ratio of shoot biomass produced per unit of water lost from the field through both transpiration and evaporation',NULL,0,0),
(20096,1010,'Drought tolerance index','Standard residual after removing the effects of flowering time and yield potential advantages from the drought yields',NULL,0,0),
(20097,1010,'Plant height','Plant height',NULL,0,0),
(20098,1010,'Harvest index','Harvest index',NULL,0,0),
(22287,1030,'9 pt scale','-',NULL,0,0),
(22288,1030,'cm cm_3','-',NULL,0,0),
(22289,1030,'cm2','-',NULL,0,0),
(22290,1030,'cm2 g_1','-',NULL,0,0),
(22291,1030,'cm3','-',NULL,0,0),
(22292,1030,'d S_m','-',NULL,0,0),
(22293,1030,'Date (mm_dd_yyyy)','-',NULL,0,0),
(22294,1030,'dots on seed coat','-',NULL,0,0),
(22295,1030,'Flower color category','-',NULL,0,0),
(22296,1030,'Flowering type','-',NULL,0,0),
(22297,1030,'g kg_1 water','-',NULL,0,0),
(22298,1030,'group','-',NULL,0,0),
(22299,1030,'Layer of soil','-',NULL,0,0),
(22300,1030,'Leaf type category','Leaf typecategory',NULL,0,0),
(22301,1030,'level','-',NULL,0,0),
(22302,1030,'m eq_100g','-',NULL,0,0),
(22303,1030,'meq_100g','-',NULL,0,0),
(22304,1030,'mm hos_cm','-',NULL,0,0),
(22305,1030,'Months','-',NULL,0,0),
(22306,1030,'No. of days','-',NULL,0,0),
(22307,1030,'Not Specified','-',NULL,0,0),
(22308,1030,'Plant pigmentation category','-',NULL,0,0),
(22309,1030,'ppm','-',NULL,0,0),
(22310,1030,'Seed colorcategory','-',NULL,0,0),
(22311,1030,'seed surface category','-',NULL,0,0),
(22312,1030,'Type of growth habit','-',NULL,0,0),
(22313,1030,'type of margin','-',NULL,0,0),
(22314,1030,'Type of seed shape','-',NULL,0,0),
(22315,1030,'Y_N','-',NULL,0,0),
(22628,1020,'Measuring the weight of 100 counted seed','Measuring the weight of 100 counted seed',NULL,0,0),
(22629,1020,'1st Application','-',NULL,0,0),
(22630,1020,'2nd Application','-',NULL,0,0),
(22631,1020,'Measure electrical conductivity of soil sample at 30 days after transplanting, following standard procedure using the conductivity bridge meter','Measure electrical conductivity of soil sample at 30 days after transplanting, following standard procedure using the conductivity bridge meter',NULL,0,0),
(22632,1020,'3rd Application','-',NULL,0,0),
(22633,1020,'4th Application','-',NULL,0,0),
(22634,1020,'Measure electrical conductivity of soil sample at 60 days after transplanting, following standard procedure using the conductivity bridge meter','Measure electrical conductivity of soil sample at 60 days after transplanting, following standard procedure using the conductivity bridge meter',NULL,0,0),
(22635,1020,'Idenitifed through ABI sequencer and GENESCAN software','Idenitifed through ABI sequencer and GENESCAN software',NULL,0,0),
(22636,1020,'Water level in the field is usually higher than normal level in nearest open drain, creek, or river','Water level in the field is usually higher than normal level in nearest open drain, creek, or river',NULL,0,0),
(22637,1020,'For acid sulfate soils, indicate the depth at whichpyrite occurs','For acid sulfate soils, indicate the depth at which jarosite occurs',NULL,0,0),
(22639,1020,'Amplified Fragment Length Polymorphism _ type of PD used','Amplified Fragment Length Polymorphism - type of PD used',NULL,0,0),
(22640,1020,'Visual disease score on 1_ 9 scale (1=highly resistant and 9 = highly susceptible)','Visual disease score on 1- 9 scale (1=highly resistant and 9 =highly susceptible)',NULL,0,0),
(22641,1020,'Total rainfall for the year','Total rainfall for the year',NULL,0,0),
(22642,1020,'Mean number of apical primary branches from 3 or 5 randomly selected plants at maturity','Mean number of apical primary branches from 3 or 5 randomly selected plants at maturity',NULL,0,0),
(22643,1020,'Mean number','Mean number of apical secondary branches from 3 or 5 randomly selected plants at maturity',NULL,0,0),
(22644,1020,'Ascochyta blight resistance','Visual disease score on 1- 9 scale (1=highly resistant and 9 = highly susceptible)',NULL,0,0),
(22645,1020,'Researcher assigned to project','Researcher assigned to project',NULL,0,0),
(22646,1020,'Measure electrical conductivity of soil sample at transplanting, following standard procedure using the conductivity bridge meter.','Measure electrical conductivity of soil sample at transplanting, following standard procedure using the conductivity bridge meter.',NULL,0,0),
(22647,1020,'Atmospheric temperature measured at flowering stage for IRCTN only','Atmospheric temperature measured at flowering stage for IRCTN only',NULL,0,0),
(22648,1020,'Atmospheric temperature measured at maturity for IRCTN only','Atmospheric temperature measured at maturity for IRCTN only',NULL,0,0),
(22649,1020,'Atmospheric temperature measured at seedlingstage for IRCTN only','Atmospheric temperature measured at seedling stage for IRCTN only',NULL,0,0),
(22650,1020,'Atmospheric temperature measured at tillering stage for IRCTN only','Atmospheric temperature measured at tillering stage for IRCTN only',NULL,0,0),
(22651,1020,'Take daily values and get average over the whole month','Take average of daily temperature over the whole month',NULL,0,0),
(22653,1020,'Take average of maximum daily temperature over the whole month','Take average of maximum daily temperature over the whole month',NULL,0,0),
(22654,1020,'Take average of minimum daily temperature over the whole month','Take average of minimum daily temperature over the whole month',NULL,0,0),
(22655,1020,'Mean number of basal primary branches from 3 or 5 randomly selected plants at maturity','Mean number of basal primary branches from 3 or 5 randomly selected plants at maturity',NULL,0,0),
(22656,1020,'Mean number of basal secondary branches from 3 or 5 randomly selected plants at maturity','Mean number of basal secondary branches from 3 or 5randomly selected plants at maturity',NULL,0,0),
(22657,1020,'Taking weight of oven or sun dried plant (excluding roots)','Taking weight of oven or sun dried plant (excluding roots)',NULL,0,0),
(22658,1020,'Taking weight of oven or sun dried plant','Taking weight of oven or sun dried plant (excluding roots) of a plot',NULL,0,0),
(22659,1020,'Botrytis grey mold resistance','Visual disease score on 1- 9 scale (1=highly resistant and 9 = highly susceptible)',NULL,0,0),
(22660,1020,'Average canopy height of three_five plants','Average canopy height of three/five representative plants of an accession.',NULL,0,0),
(22661,1020,'Ratio of C13_C12 in leaf in relation to the air','Ratio of C13/C12 in leaf in relation to the air',NULL,0,0),
(22662,1020,'Cold tolerance index calculated','Cold tolerance index calculated by dividing the percentage of filled pods of the cold-stressed plants by that of the control plants.',NULL,0,0),
(22663,1020,'Percentage of plants died in a plot','Percentage of plants died in a plot due to collar rot',NULL,0,0),
(22664,1020,'Collection Site','-',NULL,0,0),
(22665,1020,'Colletotrichum blight resistance','Visual disease score on 1- 9 scale (1=highly resistant and 9 = highly susceptible)',NULL,0,0),
(22666,1020,'Breakdown soil into components:  sand, silt, clay','Breakdown soil into components:  sand, silt, clay',NULL,0,0),
(22667,1020,'Number of Minutes taken for seed to cook','Number of Minutes taken for seed to cook',NULL,0,0),
(22668,1020,'Describe the usual water level in the field for the current cropping season','Describe the usual water level in the field for the current cropping season',NULL,0,0),
(22669,1020,'Cyst nematode resistance','Visual disease score on 1- 9 scale (1=highly resistant and 9 = highly susceptible)',NULL,0,0),
(22670,1020,'Rainfall reading for the day','Rainfall reading for the day',NULL,0,0),
(22671,1020,'No. of days from sowing to 50% of plants flowering','Counting the number of days from sowing to 50% of plants started flowering',NULL,0,0),
(22672,1020,'Counting the number of days from sowing to appearance of first flower','Counting the number of days from sowing to appearance of first flower',NULL,0,0),
(22673,1020,'No. of days from sowing to first pod formation','Counting the number of days from sowing to first pod formation',NULL,0,0),
(22674,1020,'No. of days from sowing to maturity','Counting the number of days from sowing to maturity',NULL,0,0),
(22675,1020,'Molecular variants detected using radioactive labels','Molecular variants detected using radioactive labels',NULL,0,0),
(22676,1020,'Detected by radioactivity and scored by eye','Molecular variants detected using radioactive labels',NULL,0,0),
(22677,1020,'Molecular variants detected on a gel stained using the silver staining technique','Molecular variants detected on a gel stained using the silver staining technique',NULL,0,0),
(22678,1020,'Dots on seed coat','Visual observation (present, absent)',NULL,0,0),
(22679,1020,'Drought yield is assumed as a function of days to flowering, yield potential and residual in a multiple regression approach. The standardized residual is considered as drought tolerance index','Drought yield is assumed as a function of days to flowering, yield potential and residual in a multiple regression approach. The standardized residual is considered as drought tolerance index',NULL,0,0),
(22680,1020,'% of plants died in a plot due to dry root rot','Percentage of plants died in a plot due to dry root rot',NULL,0,0),
(22681,1020,'Determine soil pH from dry soil sample, with soil:water ratio of 1:1','Determine soil pH from dry soil sample, with soil:water ratio of 1:1',NULL,0,0),
(22682,1020,'Visual score on early growth vigor using 1_3 scale','Visual score on early growth vigor using 1-3 scale',NULL,0,0),
(22683,1020,'Molecular variants detected on a gel stained using ethidium bromide','Molecular variants detected on a gel stained using ethidium bromide',NULL,0,0),
(22684,1020,'Molecular variants detected using ethidium bromide scored by eye','Molecular variants detected using ethidium bromide scored by eye',NULL,0,0),
(22685,1020,'Position of plot in the field layout','Position of plot in the field layout',NULL,0,0),
(22686,1020,'Counting of number of filled double pods produced by a double_podded genotype','Counting of number of filled double pods produced by a double-podded genotype',NULL,0,0),
(22687,1020,'Water level in the field is usually below normal level during the cropping season, and field isthen flooded for a given number of days','Water level in the field is usually below normal level during the cropping season, and field is then flooded for a given number of days',NULL,0,0),
(22688,1020,'Visual observation','Visual observation',NULL,0,0),
(22689,1020,'No. of days from first flower to end of flowering','Counting the number of days from first flower to end of flowering',NULL,0,0),
(22690,1020,'% of plants died in a plot due to fusarium wilt','Percentage of plants died in a plot due to fusarium wilt',NULL,0,0),
(22691,1020,'Overall description of soil sample based on the relative amounts of sand, silt, loam, and clay','Overall description of soil sample based on the relative amounts of sand, silt, loam, and clay',NULL,0,0),
(22692,1020,'General Measure of Damage','-',NULL,0,0),
(22693,1020,'Designed for greenhouse experiment','Designed for greenhouse experiment',NULL,0,0),
(22694,1020,'Angle of primary branches at mid_pod filling stage','Visual observation (Angle of primary branches recorded at mid-pod filling stage on 1-5 scale)',NULL,0,0),
(22695,1020,'Proportion of grain yield over total bimass yield, expressed as a percentage.','Proportion of grain yield over total bimass yield, expressed as a percentage.',NULL,0,0),
(22696,1020,'Divide the % of filled pods by the control plants.','Heat tolerance index calculated by dividing the percentage of filled pods of the heat-stressed plants by that of the control plants.',NULL,0,0),
(22697,1020,'Inter Simple Sequence Repeats _ type of PD used','Inter Simple Sequence Repeats - type of PD used',NULL,0,0),
(22698,1020,'Experiment designed for laboratory conditions','Experiment designed for laboratory conditions',NULL,0,0),
(22699,1020,'Leaf dry weight taken after seperation and oven drying at 80째C for atleast 3 days','Leaf dry weight taken after seperation and oven dryingat 80째C for atleast 3 days',NULL,0,0),
(22700,1020,'Insect damage score on a scale of 1_9','Visual insect damage score on a scale of 1 to 9, where 1 = plants free from any damage and 9 =  leaves severely mined, many dried and dropped from the plant',NULL,0,0),
(22701,1020,'Leaf type - Method','Classification of leaf type based on visual observation normal/simple/multipinnate',NULL,0,0),
(22702,1020,'Visual observation: 1=entire and smooth and 2=serrated','Visual observation: 1=entire and smooth and 2=serrated',NULL,0,0),
(22703,1020,'Local Check','-',NULL,0,0),
(22704,1020,'Local Testing','-',NULL,0,0),
(22705,1020,'Compares the likelihood of loci being linked or not','Compares the likelihood of loci being linked or not',NULL,0,0),
(22706,1020,'Linkage groups generated by MapMaker','Linkage groups generated by MapMaker',NULL,0,0),
(22707,1020,'Method for Straight Head','-',NULL,0,0),
(22708,1020,'Total amount of rainfall for the month','Total amount of rainfall for the month',NULL,0,0),
(22709,1020,'Months with Min Temp < 21C','-',NULL,0,0),
(22710,1020,'National Testing','-',NULL,0,0),
(22711,1020,'Identify the nearest source of water in the field','Identify the nearest source of water in the field',NULL,0,0),
(22712,1020,'Measure the distance of the field from the nearest water source _ deep drain, creek, orriver','Measure the distance of the field from the nearest water source - deep drain, creek, or river',NULL,0,0),
(22713,1020,'Ave. of pods with seed from 3 or 5 random plants','Average number of pods with seed from 3 or 5 randomly selected plants',NULL,0,0),
(22714,1020,'Visual observation on no. of flowers per peduncle','Visual observation on number of flowers per peduncle',NULL,0,0),
(22715,1020,'Average of 9 leaves (from the median part of the plant), 3 each from 3 randomly_selected plants at mid_pod filling stage.','Average of 9 leaves (from the median part of the plant), 3 each from 3 randomly-selected plants at mid-pod filling stage.',NULL,0,0),
(22716,1020,'Measure the height ofplant from the soil surface','Measuring the height of the plant from the soil surface',NULL,0,0),
(22717,1020,'Counting number of plants per experimental unit (pot or plot)','Counting number of plants per experimental unit (pot or plot)',NULL,0,0),
(22718,1020,'Aextent of anthocyanin pigmentation','Visual observation on aextent of anthocyanin pigmentation on stem and leaves at flowering on 1-3 scale',NULL,0,0),
(22719,1020,'Visual observation on intensity of trichomes on the shoot','Visual observation on intensity of trichomes on the shoot',NULL,0,0),
(22720,1020,'Count taken with in a plot','Count taken with in a plot',NULL,0,0),
(22721,1020,'Measuring of the plant canopy spread in cm','Measuring of the plant canopy spread in cm; average fronm 3 or 5 plants randomly selected plants at maturity',NULL,0,0),
(22722,1020,'For transplanted rice and direct seeded rice planted in rows','Distance between rows for transplanted or direct seeded rice planted in rows',NULL,0,0),
(22725,1020,'Damage at pod stage','Damage at podstage measured by counting total pods and damaged pods and calculating percentage of damaged pods',NULL,0,0),
(22726,1020,'Average length of 9 randomly chosen pods; 3 each from 3 randomly_selected plants at mid_pod filling stage','Average length of 9 randomly chosen pods; 3 each from 3 randomly-selected plants at mid-pod filling stage',NULL,0,0),
(22727,1020,'Average number of pods from 3 or 5 randomly selected plants','Average number of pods from 3 or 5 randomly selected plants',NULL,0,0),
(22728,1020,'Average weight from 3or 5 randomly_selected plants at maturity','Average weight from 3 or 5 randomly-selected plants at maturity',NULL,0,0),
(22729,1020,'Pods per plant','Average number of pods from 3 or 5 randomly selected plants',NULL,0,0),
(22730,1020,'Analysing the whole seed crudeprotein','Anlysing the whole seed crude protein',NULL,0,0),
(22731,1020,'Map position generated by QTL cartographer','Linkage group generated by QTL cartographer',NULL,0,0),
(22733,1020,'Count rainy days when rainfall exceeds 100 mm','Count rainy days when rainfallexceeds 100 mm',NULL,0,0),
(22734,1020,'Random Amplified Polymorphic DNA _ type of PD used','Random Amplified Polymorphic DNA - typeof PD used',NULL,0,0),
(22735,1020,'Restriction Fragment Length Polymorphism _ type of PD used','Restriction Fragment Length Polymorphism - type of PD used',NULL,0,0),
(22736,1020,'Dry weight taken after extracting roots from soil','Dry weight taken after extracting roots from soil',NULL,0,0),
(22737,1020,'calculated using both root and shoot dry weights.','calculated using both root and shoot dry weights.',NULL,0,0),
(22738,1020,'Root knot nematode resistance','Visual disease score on 1- 9 scale (1=highly resistant and 9 = highly susceptible)',NULL,0,0),
(22739,1020,'Usually measured through winrhizo software','Usually measured through winrhizo software from scanned image files or maually using a measuring scale',NULL,0,0),
(22740,1020,'Calculated using both root length measured and soil volume from where the root comes.','Calculated using both root length measured and soil volume from where the root comes.',NULL,0,0),
(22741,1020,'Calculated through length and diameter measured through winrhizo software','Calculated through length and diameter measured through winrhizo software',NULL,0,0),
(22742,1020,'Root Volume','Calculated through length and diameter measured through winrhizo software',NULL,0,0),
(22743,1020,'Weight of oven_dried roots from a plant','Weight of oven-dried roots from a plant',NULL,0,0),
(22744,1020,'Measured in field pits or containers','Measured in field pits or containers',NULL,0,0),
(22745,1020,'Calculated by dividing the biomass or grain yield','Salinity tolerance index calculated by dividing the biomass or grain yield of the plants grown under saline conditions by that of the control plants.',NULL,0,0),
(22746,1020,'Sequence Characterised Amplified Region','Sequence Characterised Amplified Region',NULL,0,0),
(22747,1020,'Molecular variants scored by eye','Molecular variants scored by eye',NULL,0,0),
(22748,1020,'Seed color (Visual observation)','Visual observation',NULL,0,0),
(22749,1020,'Diameter of seed measured using vernier caliper','Diameter of fully dried seed is measured using vernier caliper',NULL,0,0),
(22750,1020,'Number of seeds counted per plant','Number of seeds counted per plant',NULL,0,0),
(22751,1020,'Seed shape (Visual observation)','Visual observation',NULL,0,0),
(22752,1020,'Seed Source','-',NULL,0,0),
(22753,1020,'Rough, smooth, tuberculated','Visual observation (rough, smooth, tuberculated)',NULL,0,0),
(22754,1020,'Plot yield converted into per ha yield (kg_ha)','Plot yield converted into per ha yield (kg/ha)',NULL,0,0),
(22755,1020,'Weight of seed harvested from each plant (in g)','Weight of seed harvested from each plant (in g)',NULL,0,0),
(22756,1020,'Weight of seed harvested from each plot (in g)','Weight of seed harvested from each plot (in g)',NULL,0,0),
(22757,1020,'Ratio bet. seed no._plantand pod no._plant','Ratio between seed number per plant and pod number per plant.',NULL,0,0),
(22758,1020,'Determination of potassium content','Determination of potassium content',NULL,0,0),
(22759,1020,'Determination of sodium content','Determination of sodium content',NULL,0,0),
(22760,1020,'Weight of the total shoot above ground','Measuring the weight of the total shoot above ground',NULL,0,0),
(22761,1020,'Molecular variants detected using silver staining scored by computer','Molecular variants detected using silver staining scored by computer',NULL,0,0),
(22762,1020,'Using SPAD chlorophyll meter','Using SPAD chlorophyll meter',NULL,0,0),
(22763,1020,'Ratio of area to the weight of leaves. Leaf area is measured using leaf area meters and leaf weight using precision balances','Ratio of area to the weight of leaves. Leaf area is measured using leaf area meters and leaf weight using precision balances',NULL,0,0),
(22764,1020,'Simple Sequence Repeats _ Microsatellites _ type of PD used','Simple Sequence Repeats / Microsatellites - type of PD used',NULL,0,0),
(22765,1020,'State Testing','-',NULL,0,0),
(22766,1020,'Stem dry weight taken after seperation and oven drying at 80째C for atleast 3 days','Stem dry weight taken after seperation and oven drying at 80째C for atleast 3 days',NULL,0,0),
(22767,1020,'Sequence Tagged Site','Sequence Tagged Site',NULL,0,0),
(22768,1020,'Tasting the Seed with at least 10 Persons','Tasting the Seed with at least 10 Persons',NULL,0,0),
(22769,1020,'Number of tertiary branches from 3 or 5 randomly selected plants at maturity','Number of tertiary branches from 3 or 5 randomly selected plants at maturity',NULL,0,0),
(22770,1020,'Test Site','-',NULL,0,0),
(22771,1020,'TotalApplication','-',NULL,0,0),
(22772,1020,'Count the number of rainy days in the entire month','Count the number of rainy days in the entire month',NULL,0,0),
(22773,1020,'Shoot biomass is harvested and weighed and the water used during the growing time is calculatedusing initial and final weight of the containers','Shoot biomass is harvested and weighed and the water used during the growing time is calculated using initial and final weight of the containers',NULL,0,0),
(22774,1020,'Transplanted Rice','-',NULL,0,0),
(22775,1020,'Variety group (Visual assessment)','Visual assessment',NULL,0,0),
(22776,1020,'Viral (stunt) resistance','Visual disease score on 1- 9 scale (1=highly resistant and 9 = highly susceptible)',NULL,0,0),
(22777,1020,'Shoot biomass is harvested and weighed and the water used during the growing time is calculated using initial and final soil weights plus the rainfall','Shoot biomass is harvested and weighed and the water used during the growing time is calculated using initial and final soil weights plus the rainfall',NULL,0,0),
(22778,1020,'Determine soil pH from wet soil sample 30 days after transplanting','Determine soil pH from wet soil sample 30 days after transplanting',NULL,0,0),
(22779,1020,'Determine soil pH from wet soil sample at transplanting','Determine soil pH from wet soilsample at transplanting',NULL,0,0),
(22780,1010,'Treatment','Treatment applied in the entries',NULL,0,0),
(22781,1040,'TREATMENT','-',NULL,0,0),
(22782,1040,'BY_Meas_gPlot','Biomass yield -BY- Biomass yield per plot - Method -IN- g/plot',NULL,0,0),
(22783,1040,'SDWT_100Wgh_g','Seed weight -BY- 100-seed weight - Method -IN- g',NULL,0,0),
(22784,1010,'Salinity Tolerance','Salinity Tolerance',NULL,0,0),
(22787,1040,'ASBR_Av_brnch','Apical secondary branches number per plant -BY- Apical secondary branches number - Method -IN- branches',NULL,0,0),
(22788,1040,'BGMR_Est_1to9','Botrytis grey mold resistance -BY- Botrytis grey mold resistance - Method -IN- Disease resistance scale',NULL,0,0),
(22789,1040,'BPBR_Av_brnch','Basal primary branches number per plant -BY- Basal primary branches number -Method -IN- branches',NULL,0,0),
(22790,1040,'BYPL_Wgh_gPlnt','Biomass yield per plant -BY- Biomass yield per plant - Method -IN- g/plant',NULL,0,0),
(22792,1040,'CH_Comp_cm','Canopy height -BY- Canopy height - Method -IN- cm',NULL,0,0),
(22793,1040,'COLRR_Comp_pct','Collar rot resistance -BY- Collar rot resistance - Method -IN- %',NULL,0,0),
(22794,1040,'CT_Comp_idx','Cold tolerance -BY- Cold tolerance - Method -IN- index',NULL,0,0),
(22795,1040,'CYSNR_Est_1to9','Cyst nematode resistance -BY- Cyst nematode resistance - Method-IN- Disease resistance scale',NULL,0,0),
(22796,1040,'TimeFlw_1stCount_day','Time to flowering -BY- Days to first flower - Method -IN- day',NULL,0,0),
(22797,1040,'DFPD_Count_day','Time to pod formation -BY- Days to first pod formation - Method -IN- day',NULL,0,0),
(22798,1040,'TimeFlw_50Count_day','Time to flowering -BY- Days to 50% flowering - Method -IN- day',NULL,0,0),
(22799,1040,'TimMat_Count_day','Time to maturity -BY- Days to maturity - Method -IN- day',NULL,0,0),
(22800,1040,'DRRR_Comp_pct','Dry root rot resistance -BY- Dry root rot resistance - Method -IN- %',NULL,0,0),
(22801,1040,'GRV_Est_1to3','Growth vigor -BY- Early growth vigor - Method -IN- Growth vigor category',NULL,0,0),
(22802,1040,'FLCOL_Est_1to5','Flower color -BY- Flower color - Method -IN- Flower color category',NULL,0,0),
(22803,1040,'FLD_Count_cm','Flowering duration -BY- Flowering duration - Method -IN- day',NULL,0,0),
(22804,1040,'FLPED_Count_1to3','Number of flowers per peduncle -BY- Number of flowers per peduncle - Method -IN- Flowering type',NULL,0,0),
(22805,1040,'FWR_Comp_pct','Fusarium wilt resistance -BY- Fusarium wilt resistance - Method -IN- %',NULL,0,0),
(22806,1040,'GRH_Est_1to5','Growth habit -BY- Growth habit - Method -IN- Type of growth habit categories',NULL,0,0),
(22807,1040,'HTT','Degree of tolerance to high temperature',NULL,0,0),
(22808,1040,'LMR_Est_1to9','Leaf miner resistance -BY- Leaf miner resistance - Method -IN- Disease resistance scale',NULL,0,0),
(22809,1040,'NPDPL_Av_podPlnt','No. of fertile pods per plant -BY- No. of fertile pods per plant - Method -IN- fertile pods/plant',NULL,0,0),
(22810,1040,'PBR_Comp_pct','Pod borer resistance -BY- Pod borer resistance - Method -IN- %',NULL,0,0),
(22811,1040,'PDPL_Comp_PodPlnt','Pods per plant -BY- Pods per plant - Method -IN- pods/plant',NULL,0,0),
(22812,1040,'PLHGT_Av_cm','Plant height -BY- Plant height - Method -IN- cm',NULL,0,0),
(22813,1040,'PLSTD_Count_PlntPlot','Plant stand -BY- Plant stand - Method -IN- plants/plot',NULL,0,0),
(22814,1040,'PLPIG_Est_1to3','Plant pigmentation -BY- Plant pigmentation - Method -IN- Plant pigmentation category',NULL,0,0),
(22815,1040,'PLWTH_Av_cm','Plant width -BY- Plant width - Method -IN- cm',NULL,0,0),
(22816,1040,'PRT_Meas_pct','Seed protein content -BY- Protein % - Method -IN- %',NULL,0,0),
(22817,1040,'RDp_Meas_cm','Rooting depth -BY- Rooting depth - Method -IN- cm',NULL,0,0),
(22818,1040,'RL_Comp_cm','Root length -BY- Root length - Method -IN- cm',NULL,0,0),
(22819,1040,'RTKNR_Est_1to9','Root knot nematode resistance -BY- Root knot nematode resistance - Method -IN- Disease resistance scale',NULL,0,0),
(22820,1040,'RTWT_Wgh_g','Root dry weight -BY- Root dry weight - Method -IN- g',NULL,0,0),
(22821,1040,'SALT_Comp_idx','Salinity tolerance -BY- Salinity tolerance - Method -IN- index',NULL,0,0),
(22822,1040,'SDCOL_Est_1to21','Seed color -BY- Seed color - Method -IN- Seed color category',NULL,0,0),
(22823,1040,'SDDIA_Meas_mm','Seed diameter -BY- Seed diameter - Method -IN- mm',NULL,0,0),
(22824,1040,'SDNPL_Count_SdPlnt','Seed per plant -BY- Seed per plant - Method -IN- seeds/plant',NULL,0,0),
(22825,1040,'SDPD_Comp_sdpod','Seeds per pod -BY- Seeds perpod - Method -IN- seeds/pod',NULL,0,0),
(22826,1040,'SDSHP_Est_1to3','Seed shape -BY- Seed shape - Method -IN- Type of seed shape',NULL,0,0),
(22827,1040,'SDSRF_Est_1to3','Seed surface -BY- Seed surface - Method -IN- Surface categories',NULL,0,0),
(22829,1040,'SHWT_Wgh_g','Shoot dry weight -BY- Shoot dry weight - Method -IN- g',NULL,0,0),
(22830,1040,'SY_Comp_kgha','Seed yield -BY- Seed yield - Method -IN- kg/ha',NULL,0,0),
(22831,1040,'SYPL_Av_g','Seed yield per plant -BY- Seed yield per plant - Method -IN- g',NULL,0,0),
(22832,1040,'SY_Meas_gPlot','Seed yield -BY- Seed yield per plot - Method -IN- g/plot',NULL,0,0),
(22833,1040,'VGRP_Est_1to3','Variety group -BY- Variety group - Method -IN- variety group scale',NULL,0,0),
(22834,1040,'VRLR_Est_1to9','Viral (stunt) resistance -BY- Viral (stunt) resistance - Method -IN- Disease resistance scale',NULL,0,0),
(22835,22802,'1','1 = dark pink',NULL,0,0),
(22836,22806,'1','1 = erect (0-150 from vertical)',NULL,0,0),
(22837,22822,'1','1= Black (black group 202A, 202B, brown group 200A)',NULL,0,0),
(22838,22833,'1','1 = desi',NULL,0,0),
(22839,22804,'1','1 = single',NULL,0,0),
(22840,22826,'1','1 = angular',NULL,0,0),
(22841,22814,'1','1 = no anthocyanin',NULL,0,0),
(22842,22827,'1','1 = smooth',NULL,0,0),
(22843,22801,'1','1 = high',NULL,0,0),
(22846,22802,'2','2 = pink',NULL,0,0),
(22847,22806,'2','2 = semi-erect (16-250 from vertical)',NULL,0,0),
(22848,22822,'2','2= Brown (greyed-orange group 177B)',NULL,0,0),
(22849,22833,'2','2 = kabuli',NULL,0,0),
(22850,22804,'2','2 = double',NULL,0,0),
(22851,22826,'2','2 = pea shaped',NULL,0,0),
(22852,22814,'2','2 = low anthocyanin',NULL,0,0),
(22853,22827,'2','2 = rough',NULL,0,0),
(22854,22801,'2','2 = average',NULL,0,0),
(22857,22802,'3','3 = dark blue',NULL,0,0),
(22858,22806,'3','3 = semi-spreading (26-600 from vertical)',NULL,0,0),
(22859,22822,'3','3=Light brown (greyed-orange group 177C)',NULL,0,0),
(22860,22833,'3','3 = intermediate',NULL,0,0),
(22861,22804,'3','3 = triple',NULL,0,0),
(22862,22826,'3','3 = owl\'s head shaped',NULL,0,0),
(22863,22814,'3','3 = high anthocyanin',NULL,0,0),
(22864,22827,'3','3 = tuberculated',NULL,0,0),
(22865,22801,'3','3 = low',NULL,0,0),
(22868,22802,'4','4 = blue',NULL,0,0),
(22869,22806,'4','4 = spreading (61-800 from vertical)',NULL,0,0),
(22870,22822,'4','4= Dark brown (greyed-orange group  177A)',NULL,0,0),
(22873,22802,'5','5 = white',NULL,0,0),
(22874,22806,'5','5 = prostrate (branches flat on the ground)',NULL,0,0),
(22875,22822,'5','5= Reddish brown (greyed-orange group 166C)',NULL,0,0),
(22878,22822,'6','6= Greyish brown (brown group 200D)',NULL,0,0),
(22879,22822,'7','7= Salmon brown (greyed-orange group 165C)',NULL,0,0),
(22880,22822,'8','8= Grey (greyed-green group 196A)',NULL,0,0),
(22881,22822,'9','9= Brown beige (greyed orange group 173D)',NULL,0,0),
(22882,22822,'10','10= Beige (greyed-orange group 165D)',NULL,0,0),
(22883,22822,'11','11 Yellow (greyed-orange group 164B)',NULL,0,0),
(22884,22822,'12','12 Light yellow (greyed-orange group 164C)',NULL,0,0),
(22885,22822,'13','13 Yellowbrown (greyed-orange group 165C)',NULL,0,0),
(22886,22822,'14','14 Orange yellow (greyed-orange group 168D)',NULL,0,0),
(22887,22822,'15','15 Orange (greyed-orange group 168C)',NULL,0,0),
(22888,22822,'16','16 Yellow beige (orange-white group 159C)',NULL,0,0),
(22889,22822,'17','17Ivory white (orange-white group 159C)',NULL,0,0),
(22890,22822,'18','18 Green (greyed-green group 191A; grey group 201A)',NULL,0,0),
(22891,22822,'19','19 Light green (greyed-green group 193B)',NULL,0,0),
(22892,22822,'20','20 Variegated',NULL,0,0),
(22893,22822,'21','21 Black brown mosaic (black group 202A;greyed-orange group 177E)',NULL,0,0),
(22894,1010,'Biomass yield per plant','The dry weight of the whole plant (excluding roots) at maturity.',NULL,0,0),
(22895,1040,'CKT_count_min','Cooking time -BY- Cooking time - Method -IN- Minutes',NULL,0,0),
(22896,1010,'Plant number per pot or plot','Number of plants per pot or plot',NULL,0,0),
(22897,1010,'Days to first flower','Number of days from sowing to appearance of first flower',NULL,0,0),
(22898,1020,'Days to first flower -Method','Counting the number of days from sowing to appearance of first flower',NULL,0,0),
(22899,1010,'Days to 50% flowering','Number of days from sowing to when 50% of the plants have started flowering',NULL,0,0),
(22900,1010,'Early growth vigor','Visual score onearly growth vigor (plant height and shoot biomass) observed at 10-15 days after emergence',NULL,0,0),
(22901,1030,'Growth vigor category','Growth vigor category',NULL,0,0),
(22902,1010,'Seed yield per ha','Seed yield at maturity (kg ha-1)',NULL,0,0),
(22903,1010,'Seed yield per plant','Average weights of air-dried seeds obtained from a plant.',NULL,0,0),
(22904,1010,'Seed yield per plot','Seed yield at maturity (g per plot)',NULL,0,0),
(22905,1040,'ABR_Est_1to9','Ascochyta blight resistance -BY- Ascochyta blight resistance - Method -IN- Disease resistance scale',NULL,0,0),
(22922,1040,'LFT_Est_1to3','Leaf type -BY- Leaf type - Method -IN- leaf type categories',NULL,0,0),
(22923,22922,'1','1=normal',NULL,0,0),
(22924,22922,'2','2=simple',NULL,0,0),
(22925,22922,'3','3=multipinnate',NULL,0,0),
(22941,1040,'ALTBR_Est_1to9','Alternaria blight resistance -BY- Alternaria blight resistance - Method -IN- Disease resistance scale',NULL,0,0),
(22942,1020,'Alternaria blight resistance - Method','Visual disease score on 1- 9 scale (1=highly resistant and 9 = highly susceptible)',NULL,0,0),
(22948,1040,'COLBR_Est_1to9','Colletotrichum blight resistance -BY- Colletotrichum blight resistance - Method -IN- Disease resistance scale',NULL,0,0),
(23356,1020,'Flower color - Method','Visual observation',NULL,0,0),
(23365,1020,'Plant height - Method','Measure the height of the plant from the soil surface to the canopy at the end of flowering and calculate the mean canopy height of five representative plants',NULL,0,0),
(23368,1010,'Seed yield','Weight of seed per unit of area',NULL,0,0),
(23369,1020,'Seed yield per plot - Method','Weight of seed harvested from each plot',NULL,0,0),
(23373,1020,'Seed yield per plant - Method','Averaged weight of air-dried seeds harvested from each plant',NULL,0,0),
(23376,1010,'Seed weight','Weight of a seed',NULL,0,0),
(23377,1020,'100-seed weight - Method','Count 100 well-developed whole air-dried seeds and weigh',NULL,0,0),
(23381,1020,'Seed yield - Method','Weight of harvested seeds on a plot divided by the surface of the plot',NULL,0,0),
(23385,1020,'Fusarium wilt resistance - Method','Proportion of dead plants in a plot due to fusarium wilt',NULL,0,0),
(23386,1030,'%','%',NULL,0,0),
(23389,1020,'Ascochyta blight resistance - Method','Visual assessment of the resistaance to the disease',NULL,0,0),
(23390,1030,'Disease resistance scale','Disease resistance scale',NULL,0,0),
(23397,1010,'Time to flowering','Time elpased from sowing to flowering',NULL,0,0),
(23398,1020,'Daysto 50% flowering - Method','Counting the number of days from sowing to 50% of plants started flowering',NULL,0,0),
(23399,1030,'day','day',NULL,0,0),
(23401,1010,'Time to maturity','Time elpased from sowing to maturity',NULL,0,0),
(23402,1020,'Days to maturity - Method','Counting the number of days from sowing to maturity',NULL,0,0),
(23405,1010,'Plant number per experimental unit','Number of plants per experimental unit',NULL,0,0),
(23406,1020,'Plant number per plot - Method','Counting number of plants per plot',NULL,0,0),
(23407,1030,'plants','plants',NULL,0,0),
(23408,1040,'PLN_CountPerPlot_plnt','Plant number per experimental unit -BY- Plant number per plot - Method -IN- plants',NULL,0,0),
(23410,1020,'Pods per plant - Method','Average number of pods from 3 or 5 randomly selected plants',NULL,0,0),
(23411,1030,'pods/plant','pods/plant',NULL,0,0),
(23414,1020,'Seeds per pod - Method','Ratio between seed number per plant and pod number per plant.',NULL,0,0),
(23415,1030,'seeds/pod','seeds/pod',NULL,0,0),
(23418,1020,'Growth habit - Method','Visual observation at mid-pod filling stage of the angle of primary branches',NULL,0,0),
(23419,1030,'Type of growth habit categories','Type of growth habit categories',NULL,0,0),
(23427,1020,'Seed color - Method','Visual observation of the color',NULL,0,0),
(23441,1020,'Seed per plant - Method','Number of seeds counted per plant',NULL,0,0),
(23442,1030,'seeds/plant','seeds/plant',NULL,0,0),
(23445,1020,'Variety group - Method','Visual assessment',NULL,0,0),
(23446,1030,'variety group scale','variety group scale',NULL,0,0),
(23452,1020,'Harvest index - Method','Proportion of grain yield over total biomass yield by dividing the weight of harvested grain by the weight of harvested biomass',NULL,0,0),
(23454,1040,'HI_Comp_pct','Harvest index -BY- Harvest index - Method -IN- %',NULL,0,0),
(23456,1020,'Biomass yield per plant - Method','At harvest, weigh an oven or sun dried plant (excluding roots)',NULL,0,0),
(23457,1030,'g/plant','g/plant',NULL,0,0),
(23460,1020,'Plant width - Method','Measuring of the plant canopy spread, average from 3 or 5 plants randomly selected plants at maturity',NULL,0,0),
(23464,1020,'Number of flowers per peduncle - Method','Visual observation of the number of flowers per peduncle',NULL,0,0),
(23471,1020,'Seed diameter - Method','Diameter of fully dried seed is measured using vernier caliper',NULL,0,0),
(23475,1020,'Seed shape - Method','Visual observation',NULL,0,0),
(23482,1020,'Pod borer resistance - Method','Damage at pod stage measured by counting total pods and damaged pods and calculating proportion of damaged pods',NULL,0,0),
(23490,1020,'Cold tolerance - Method','Cold tolerance index calculated by dividing the percentage of filled pods of the cold-stressed plants by that of the control plants.',NULL,0,0),
(23494,1020,'No. of fertile pods per plant - Method','Average number of pods with seed from 3 or 5 randomly selected plants',NULL,0,0),
(23495,1030,'fertile pods/plant','fertile pods/plant',NULL,0,0),
(23498,1020,'Plant pigmentation - Method','Visual observation of the extent of anthocyanin pigmentation on stem and leaves at flowering',NULL,0,0),
(23505,1020,'Seed surface - Method','Visual observation of the surface of the seed (e.g., rough, smooth, tuberculated)',NULL,0,0),
(23506,1030,'Surface categories','Surface categories',NULL,0,0),
(23511,1010,'Biomass yield','The dry weight of the plant (excluding roots) harvested from an area',NULL,0,0),
(23512,1020,'Biomass yield per plot - Method','Taking weight of oven or sun dried plant (excluding roots) of a plot',NULL,0,0),
(23516,1020,'Flowering duration - Method','Counting the number of days from first flower to end of flowering',NULL,0,0),
(23519,1010,'Seed protein content','Protein content of the whole seed',NULL,0,0),
(23520,1020,'Protein % - Method','In laboratory, analyse the whole seed crude protein content',NULL,0,0),
(23524,1020,'Cooking time - Method','Number of Minutes taken for seed to cook',NULL,0,0),
(23525,1030,'Minutes','Minutes',NULL,0,0),
(23528,1020,'Shoot dry weight - Method','Measuring the weight of the total shootabove ground',NULL,0,0),
(23532,1020,'Canopy height - Method','Average canopy height of three/five representative plants of an accession.',NULL,0,0),
(23535,1010,'Growth vigor','Vigor of the plant growth charaterized by the plant height and shoot biomass',NULL,0,0),
(23536,1020,'Early growth vigor - Method','At 10-15 days after emergence, observe the growth vigor visually',NULL,0,0),
(23543,1020,'Root dry weight - Method','Weight of oven-dried roots from a plant',NULL,0,0),
(23547,1020,'Collar rot resistance - Method','Proportion of dead plants in a plot due to collar rot',NULL,0,0),
(23551,1020,'Botrytis grey mold resistance - Method','Visual estimation ofthe resistance to the disease',NULL,0,0),
(23560,1020,'Leaf miner resistance - Method','Visual estimation of the resistance to the disease',NULL,0,0),
(23570,1030,'leaf type categories','leaf type categories',NULL,0,0),
(23576,1020,'Dry root rot resistance - Method','Proportion of dead plants in a plot due to dry root rot',NULL,0,0),
(23579,1010,'Time to pod formation','Time elapsed between sowing and pod formation',NULL,0,0),
(23580,1020,'Days to first pod formation - Method','Counting the number of days from sowing to first pod formation',NULL,0,0),
(23584,1020,'Colletotrichum blight resistance - Method','Visual estimation of the resistance to the disease',NULL,0,0),
(23593,1020,'Pod length - Method','Average length of 9 randomly chosen pods, 3 each from 3 randomly-selected plants at mid-pod filling stage',NULL,0,0),
(23595,1040,'PDLTH_Av_mm','Pod length -BY- Pod length - Method -IN- mm',NULL,0,0),
(23597,1020,'Pod weight - Method','Average weight from 3 or 5 randomly-selected plants at maturity',NULL,0,0),
(23599,1040,'PDWT_Av_g','Pod weight -BY-Pod weight - Method -IN- g',NULL,0,0),
(23601,1020,'Plant stand - Method','Count taken within a plot',NULL,0,0),
(23602,1030,'plants/plot','plants/plot',NULL,0,0),
(23604,1010,'High temperature tolerance','Degree of tolerance to high temperature',NULL,0,0),
(23605,1020,'High temperature tolerance - Method','Heat tolerance index calculated by dividing the percentage of filled pods of the heat-stressed plants by that of the control plants.',NULL,0,0),
(23607,1040,'HTT_Comp_idx','High temperature tolerance -BY- High temperature tolerance - Method -IN- index',NULL,0,0),
(23609,1020,'Viral (stunt) resistance - Method','Visual estimation of the resistance to the disease',NULL,0,0),
(23618,1020,'Taste - Method','Tasting the Seed with at least 10 Persons',NULL,0,0),
(23619,1030,'Taste categories','Taste categories',NULL,0,0),
(23620,1040,'TST_Est_1to5','Taste -BY- Taste - Method -IN- Taste categories',NULL,0,0),
(23622,1020,'Root length - Method','Usually measured through winrhizo software from scanned image files or manually using a measuring scale',NULL,0,0),
(23626,1020,'Salinity tolerance - Method','Salinity tolerance index calculated by dividing the biomass or grain yield of the plants grown under saline conditions by that of the control plants.',NULL,0,0),
(23630,1020,'Rooting depth - Method','Measured in field pits or containers',NULL,0,0),
(23634,1020,'Cyst nematode resistance - Method','Visual estimation of the resistance to the disease',NULL,0,0),
(23643,1020,'Apical primary branches number - Method','Mean number of apical primary branches from 3 or 5 randomly selectedplants at maturity',NULL,0,0),
(23644,1030,'branches','branches',NULL,0,0),
(23645,1040,'APBR_Av_brnch','Apical primary branches number per plant -BY- Apical primary branches number - Method -IN- branches',NULL,0,0),
(23647,1020,'Apical secondary branches number - Method','Mean number of apical secondary branches from 3 or 5 randomly selected plants at maturity',NULL,0,0),
(23651,1020,'Basal primary branches number - Method','Mean number of basal primary branches from 3 or 5 randomly selected plants at maturity',NULL,0,0),
(23654,1010,'Basal secondary branches number per plant','Number of basal secondary branches per plant',NULL,0,0),
(23655,1020,'Basal secondary branches number - Method','Mean number of basal secondary branches from 3 or 5 randomly selected plants at maturity',NULL,0,0),
(23657,1040,'BSBR_Av_brnch','Basal secondary branches number per plant -BY- Basal secondary branches number - Method -IN- branches',NULL,0,0),
(23658,1010,'Tertiary branches number per plant','Number of tertiary branches per plant',NULL,0,0),
(23659,1020,'Tertiarybranches number - Method','Number of tertiary branches from 3 or 5 randomly selected plants at maturity',NULL,0,0),
(23661,1040,'TRBR_Av_brnch','Tertiary branches number per plant -BY- Tertiary branches number - Method -IN- branches',NULL,0,0),
(23663,1020,'Dots onseed coat - Method','Visual observation (present, absent)',NULL,0,0),
(23664,1030,'Presence scale','Presence scale',NULL,0,0),
(23665,1040,'DOTSD_Est_1or2','Dots on seed coat -BY- Dots on seed coat - Method -IN- Presence scale',NULL,0,0),
(23667,1020,'Shoot sodium -Method','Determination of Sodium content by using nitric acid digestion method (AAS & ICP-OES) at vegetative stage',NULL,0,0),
(23669,1040,'SHSOD_Meas_pct','Shoot sodium -BY- Shoot sodium - Method -IN- %',NULL,0,0),
(23671,1020,'Shoot potassium - Method','Determination of potassium content by using nitric acid digestion method (AAS & ICP-OES) at vegetative stage',NULL,0,0),
(23673,1040,'SHPOT_Meas_pct','Shoot potassium -BY- Shoot potassium - Method -IN- %',NULL,0,0),
(23675,1020,'Filled double pod number - Method','Counting of number of filled double pods produced by a double-podded genotype',NULL,0,0),
(23676,1030,'double pods','double pods',NULL,0,0),
(23677,1040,'FDPN_Count_DblPod','Filled double pod number -BY- Filled double pod number - Method -IN- double pods',NULL,0,0),
(23679,1020,'Leaflet margin - Method','Visual observation',NULL,0,0),
(23680,1030,'Margin type categories','Margin type categories',NULL,0,0),
(23681,1040,'LFLM_Est_1to2','Leaflet margin -BY- Leaflet margin - Method -IN- Margin type categories',NULL,0,0),
(23683,1020,'Number of leaflets per leaf - Method','Average of 9 leaves (from the median part of the plant), 3 each from 3 randomly-selected plants at mid-pod filling stage.',NULL,0,0),
(23684,1030,'leaflets/leaf','leaflets/leaf',NULL,0,0),
(23685,1040,'LFLN_Av_LfletLf','Number of leaflets per leaf -BY- Number of leaflets per leaf - Method -IN- leaflets/leaf',NULL,0,0),
(23686,1010,'Plant pubescence','Extent of hairiness of the shoot',NULL,0,0),
(23687,1020,'Plant pubescence - Method','Visual observation on intensity of trichomes on the shoot',NULL,0,0),
(23688,1030,'Pubescence categories','Pubescence categories',NULL,0,0),
(23689,1040,'PLPUB_Est_1to3','Plant pubescence -BY- Plant pubescence - Method -IN- Pubescence categories',NULL,0,0),
(23700,1020,'Root knot nematode resistance - Method','Visual estimationof the resistance to the disease',NULL,0,0),
(23709,1020,'Stem dry weight - Method','Stem dry weight taken after separation and ovendrying at 80째C for at least 3 days',NULL,0,0),
(23711,1040,'StemDW_Meas_g','Stem dry weight -BY- Stem dry weight - Method -IN- g',NULL,0,0),
(23713,1020,'Leaf dry weight - Method','Leaf dry weight taken after separation and oven drying at 80째C for at least 3 days',NULL,0,0),
(23715,1040,'LeafDW_Meas_g','Leaf dry weight -BY- Leaf dry weight - Method -IN- g',NULL,0,0),
(23716,1010,'Root dry weight/total plant dry weight','Ratio of Root Dry weight to that of the whole plant dry weight',NULL,0,0),
(23717,1020,'Root dry weight/total plant dry weight - Method','calculated using both root and shoot dry weights.',NULL,0,0),
(23719,1040,'RTRatio_Comp_pct','Root dry weight/total plant dry weight -BY- Root dry weight/total plant dry weight - Method -IN- %',NULL,0,0),
(23721,1020,'Root length density - Method','Calculated using both root length measured and soil volume from where the root comes.',NULL,0,0),
(23722,1030,'cm cm-3','cm cm-3',NULL,0,0),
(23723,1040,'RLD_Comp_cmcm3','Root length density -BY- Root length density - Method -IN- cm cm-3',NULL,0,0),
(23725,1020,'Root surface area - Method','Calculated through length and diameter measured through winrhizo software',NULL,0,0),
(23727,1040,'RSA_Comp_cm2','Root surface area -BY- Root surface area - Method -IN- cm2',NULL,0,0),
(23729,1020,'Root volume - Method','Calculated through length and diameter measured through winrhizo software',NULL,0,0),
(23731,1040,'RV_Comp_cm3','Root volume -BY- Root volume - Method -IN- cm3',NULL,0,0),
(23733,1020,'Carbon isotope discrimination - Method','Ratio of C13/C12 in leaf in relation to the air',NULL,0,0),
(23734,1030,'','',NULL,0,0),
(23735,1040,'CID_Meas_PerThsnd','Carbon isotope discrimination -BY- Carbon isotope discrimination - Method -IN- ',NULL,0,0),
(23737,1020,'Specific leaf area - Method','Ratio of area to the weight of leaves. Leaf area is measured using leaf area meters and leaf weight using precision balances',NULL,0,0),
(23738,1030,'cm2 g-1','cm2 g-1',NULL,0,0),
(23739,1040,'SLA_Comp_cm2g','Specific leaf area -BY- Specific leaf area - Method -IN- cm2 g-1',NULL,0,0),
(23740,1010,'Leaf chlorophyll content','Chlorophyll content in the leaf',NULL,0,0),
(23741,1020,'SPAD chlorophyll meter readings - Method','Using SPAD chlorophyll meter',NULL,0,0),
(23742,1030,'SPAD units','SPAD units',NULL,0,0),
(23743,1040,'LfChlorCt_Meas_SPAD','Leaf chlorophyll content -BY-SPAD chlorophyll meter readings - Method -IN- SPAD units',NULL,0,0),
(23745,1020,'Transpiration efficiency - Method','Shoot biomass is harvested and weighed and the water used during the growing time is calculated using initial and final weight of the containers',NULL,0,0),
(23746,1030,'g kg-1 water','g kg-1 water',NULL,0,0),
(23747,1040,'TE_Comp_gkg','Transpiration efficiency -BY- Transpirationefficiency - Method -IN- g kg-1 water',NULL,0,0),
(23749,1020,'Water use efficiency - Method','Shoot biomass is harvested and weighed and the water used during the growing time is calculated using initial and final soil weights plus the rainfall',NULL,0,0),
(23751,1040,'WUE_Comp_gkg','Water use efficiency -BY- Water use efficiency - Method -IN- g kg-1 water',NULL,0,0),
(23752,1010,'Drought tolerance','Standard residual after removing the effects of flowering time and yield potential advantages from the drought yields',NULL,0,0),
(23753,1020,'Drought tolerance index - Method','Drought yield is assumed as a function of days to flowering, yield potential andresidual in a multiple regression approach. The standardized residual is considered as drought tolerance index',NULL,0,0),
(23755,1040,'DTI_Comp_idx','Drought tolerance -BY- Drought tolerance index - Method -IN- Index',NULL,0,0),
(23756,22788,'1','1= highly resistant',NULL,0,0),
(23757,22788,'2','2= highly resistant to resistant',NULL,0,0),
(23758,22788,'3','3 = resistant',NULL,0,0),
(23759,22788,'4','4= resistant to moderately resistant',NULL,0,0),
(23760,22788,'5','5= moderately resistant',NULL,0,0),
(23761,22788,'6','6= moderately resistant to susceptible',NULL,0,0),
(23762,22788,'7','7= susceptible',NULL,0,0),
(23763,22788,'8','8= susceptible to highly susceptible',NULL,0,0),
(23764,22788,'9','9 = highly susceptible',NULL,0,0),
(23765,22795,'1','1= highly resistant',NULL,0,0),
(23766,22795,'2','2= highly resistant to resistant',NULL,0,0),
(23767,22795,'3','3 = resistant',NULL,0,0),
(23768,22795,'4','4= resistant to moderately resistant',NULL,0,0),
(23769,22795,'5','5= moderately resistant',NULL,0,0),
(23770,22795,'6','6= moderately resistant to susceptible',NULL,0,0),
(23771,22795,'7','7= susceptible',NULL,0,0),
(23772,22795,'8','8= susceptible to highly susceptible',NULL,0,0),
(23773,22795,'9','9 = highly susceptible',NULL,0,0),
(23774,22808,'1','1= highly resistant',NULL,0,0),
(23775,22808,'2','2= highly resistant to resistant',NULL,0,0),
(23776,22808,'3','3 = resistant',NULL,0,0),
(23777,22808,'4','4= resistant to moderately resistant',NULL,0,0),
(23778,22808,'5','5= moderately resistant',NULL,0,0),
(23779,22808,'6','6= moderately resistant to susceptible',NULL,0,0),
(23780,22808,'7','7= susceptible',NULL,0,0),
(23781,22808,'8','8= susceptible to highly susceptible',NULL,0,0),
(23782,22808,'9','9 = highly susceptible',NULL,0,0),
(23783,22819,'1','1= highly resistant',NULL,0,0),
(23784,22819,'2','2= highly resistant to resistant',NULL,0,0),
(23785,22819,'3','3 = resistant',NULL,0,0),
(23786,22819,'4','4= resistant to moderately resistant',NULL,0,0),
(23787,22819,'5','5= moderately resistant',NULL,0,0),
(23788,22819,'6','6= moderately resistant to susceptible',NULL,0,0),
(23789,22819,'7','7= susceptible',NULL,0,0),
(23790,22819,'8','8= susceptible to highly susceptible',NULL,0,0),
(23791,22819,'9','9 = highly susceptible',NULL,0,0),
(23792,22834,'1','1= highly resistant',NULL,0,0),
(23793,22834,'2','2= highly resistant to resistant',NULL,0,0),
(23794,22834,'3','3 = resistant',NULL,0,0),
(23795,22834,'4','4= resistant to moderately resistant',NULL,0,0),
(23796,22834,'5','5= moderately resistant',NULL,0,0),
(23797,22834,'6','6= moderately resistant to susceptible',NULL,0,0),
(23798,22834,'7','7= susceptible',NULL,0,0),
(23799,22834,'8','8= susceptible to highly susceptible',NULL,0,0),
(23800,22834,'9','9 = highly susceptible',NULL,0,0),
(23801,22905,'1','1= highly resistant',NULL,0,0),
(23802,22905,'2','2= highly resistant to resistant',NULL,0,0),
(23803,22905,'3','3 = resistant',NULL,0,0),
(23804,22905,'4','4= resistant to moderately resistant',NULL,0,0),
(23805,22905,'5','5= moderately resistant',NULL,0,0),
(23806,22905,'6','6= moderately resistant to susceptible',NULL,0,0),
(23807,22905,'7','7= susceptible',NULL,0,0),
(23808,22905,'8','8= susceptible to highly susceptible',NULL,0,0),
(23809,22905,'9','9 = highly susceptible',NULL,0,0),
(23810,22941,'1','1= highly resistant',NULL,0,0),
(23811,22941,'2','2= highly resistant to resistant',NULL,0,0),
(23812,22941,'3','3 = resistant',NULL,0,0),
(23813,22941,'4','4= resistant to moderately resistant',NULL,0,0),
(23814,22941,'5','5= moderately resistant',NULL,0,0),
(23815,22941,'6','6= moderately resistant tosusceptible',NULL,0,0),
(23816,22941,'7','7= susceptible',NULL,0,0),
(23817,22941,'8','8= susceptible to highly susceptible',NULL,0,0),
(23818,22941,'9','9 = highly susceptible',NULL,0,0),
(23819,22948,'1','1= highly resistant',NULL,0,0),
(23820,22948,'2','2= highly resistant to resistant',NULL,0,0),
(23821,22948,'3','3 = resistant',NULL,0,0),
(23822,22948,'4','4= resistant to moderately resistant',NULL,0,0),
(23823,22948,'5','5= moderately resistant',NULL,0,0),
(23824,22948,'6','6= moderately resistant to susceptible',NULL,0,0),
(23825,22948,'7','7= susceptible',NULL,0,0),
(23826,22948,'8','8= susceptible to highly susceptible',NULL,0,0),
(23827,22948,'9','9 = highly susceptible',NULL,0,0),
(23874,1030,'Disease resistance scale of CYSNR_Est_1to9','Disease resistance scale of CYSNR_Est_1to9_generated',NULL,0,0),
(23875,1030,'Disease resistance scale of LMR_Est_1to9','Disease resistance scale of LMR_Est_1to9_generated',NULL,0,0),
(23876,1030,'Disease resistance scale of RTKNR_Est_1to9','Disease resistance scale of RTKNR_Est_1to9_generated',NULL,0,0),
(23877,1030,'Disease resistance scale of VRLR_Est_1to9','Disease resistance scale of VRLR_Est_1to9_generated',NULL,0,0),
(23878,1030,'Disease resistance scale of ABR_Est_1to9','Disease resistance scale of ABR_Est_1to9_generated',NULL,0,0),
(23879,1030,'Disease resistancescale of ALTBR_Est_1to9','Disease resistance scale of ALTBR_Est_1to9_generated',NULL,0,0),
(23880,1030,'Disease resistance scale of COLBR_Est_1to9','Disease resistance scale of COLBR_Est_1to9_generated',NULL,0,0),
(23900,22950,"1","1 = bad",NULL,0,0),
(23901,22950,"2","2 = Fair",NULL,0,0),
(23902,22950,"3","3 = Good",NULL,0,0),
(23903,22950,"4","4 = very good",NULL,0,0),
(23904,22950,"5","5 = excellent",NULL,0,0),

(23906,22951,"1","1 = absent",NULL,0,0),
(23907,22951,"2","2 = present",NULL,0,0),
(23908,22952,"1","1 = entire and smooth",NULL,0,0),
(23909,22952,"2","2 = serrated",NULL,0,0),
(23910,22953,"1","1 = low pubescence",NULL,0,0),
(23911,22953,"2","2 = moderate pubescence",NULL,0,0),
(23912,22953,"3","3 = high pubescence",NULL,0,0);
/*!40000 ALTER TABLE `cvterm` ENABLE KEYS */;                                                                                       
UNLOCK TABLES;                                                                                                                      
                                                                                                                                    
--                                                                                                                                  
-- Dumping data for table `cvterm_relationship`                                                                                     
--                                                                                                                                  
                                                                                                                                    
LOCK TABLES `cvterm_relationship` WRITE;                                                                                            
/*!40000 ALTER TABLE `cvterm_relationship` DISABLE KEYS */;                                                                         
INSERT INTO `cvterm_relationship` (`cvterm_relationship_id`, `type_id`, `subject_id`, `object_id`) VALUES
(20001,1225,20001,1100),
(20002,1225,20002,1100),
(20003,1225,20003,1310),
(20004,1225,20004,1310),
(20005,1225,20005,1100),
(20006,1225,20006,1085),
(20007,1225,20007,1085),
(20008,1225,20008,1310),
(20009,1225,20009,1310),
(20010,1225,20010,1310),
(20011,1225,20011,1085),
(20012,1225,20012,1100),
(20013,1225,20013,1085),
(20014,1225,20014,1085),
(20015,1225,20015,1310),
(20016,1225,20016,1310),
(20017,1225,20017,1310),
(20018,1225,20018,1310),
(20019,1225,20019,1310),
(20020,1225,20020,1310),
(20021,1225,20021,1310),
(20022,1225,20022,1100),
(20023,1225,20023,1085),
(20024,1225,20024,1320),
(20025,1225,20025,1100),
(20026,1225,20026,1100),
(20027,1225,20027,1100),
(20028,1225,20028,1350),
(20029,1225,20029,1350),
(20030,1225,20030,1350),
(20031,1225,20032,1350),
(20032,1225,20033,1350),
(20033,1225,20034,1350),
(20034,1225,20035,1350),
(20035,1225,20036,1350),
(20036,1225,20037,1350),
(20037,1225,20038,1350),
(20038,1225,20039,1340),
(20039,1225,20040,1350),
(20040,1225,20041,1350),
(20041,1225,20042,1350),
(20042,1225,20043,1350),
(20043,1225,20044,1350),
(20044,1225,20045,1350),
(20045,1225,20046,1350),
(20046,1225,20047,1350),
(20047,1225,20048,1340),
(20048,1225,20049,1340),
(20049,1225,20050,1350),
(20050,1225,20051,1345),
(20051,1225,20052,1345),
(20053,1225,20054,1360),
(20054,1225,20055,1360),
(20055,1225,20056,1360),
(20056,1225,20057,1360),
(20057,1225,20058,1360),
(20058,1225,20059,1360),
(20059,1225,20060,1360),
(20060,1225,20061,1350),
(21570,1225,20062,1340),
(20062,1225,20063,1350),
(20063,1225,20064,1350),
(20064,1225,20065,1350),
(20065,1225,20066,1350),
(20066,1225,20067,1350),
(20067,1225,20068,1410),
(20068,1225,20069,1410),
(20069,1225,20070,1360),
(20070,1225,20071,1360),
(20071,1225,20072,1360),
(20072,1225,20073,1360),
(20073,1225,20074,1360),
(20074,1225,20075,1350),
(20075,1225,20076,1370),
(20076,1225,20077,1350),
(20077,1225,20078,1370),
(20078,1225,20079,1370),
(20079,1225,20080,1321),
(21947,1225,20081,1350),
(21954,1225,20082,1350),
(21790,1225,20083,1350),
(20083,1225,20084,1350),
(20084,1225,20085,1345),
(21776,1225,20086,1350),
(21968,1225,20087,1350),
(21975,1225,20088,1350),
(21982,1225,20089,1350),
(21598,1225,20090,1340),
(20090,1225,20091,1345),
(21996,1225,20092,1350),
(20092,1225,20093,1345),
(20093,1225,20094,1345),
(20094,1225,20095,1345),
(20095,1225,20096,1345),
(20097,1225,20097,1340),
(20098,1225,20098,1340),
(22246,1105,22287,1110),
(22247,1105,22288,1110),
(22224,1105,22289,1110),
(22248,1105,22290,1110),
(22225,1105,22291,1110),
(22249,1105,22292,1110),
(22250,1105,22293,1110),
(22251,1105,22294,1110),
(22194,1105,22295,1130),
(21291,1190,22295,22835),
(21292,1190,22295,22846),
(21293,1190,22295,22857),
(21294,1190,22295,22868),
(21295,1190,22295,22873),
(22195,1105,22296,1130),
(21494,1190,22296,22839),
(21495,1190,22296,22850),
(21496,1190,22296,22861),
(22252,1105,22297,1110),
(22253,1105,22298,1110),
(22254,1105,22299,1110),
(22255,1105,22300,1110),
(22256,1105,22301,1110),
(22257,1105,22302,1110),
(22258,1105,22303,1110),
(22259,1105,22304,1110),
(22260,1105,22305,1110),
(22261,1105,22306,1110),
(22262,1105,22307,1110),
(22201,1105,22308,1130),
(21549,1190,22308,22841),
(21550,1190,22308,22852),
(21551,1190,22308,22863),
(22263,1105,22309,1110),
(22203,1105,22310,1130),
(21418,1190,22310,22837),
(21419,1190,22310,22848),
(21420,1190,22310,22859),
(21421,1190,22310,22870),
(21422,1190,22310,22875),
(21423,1190,22310,22878),
(21424,1190,22310,22879),
(21425,1190,22310,22880),
(21426,1190,22310,22881),
(21427,1190,22310,22882),
(21428,1190,22310,22883),
(21429,1190,22310,22884),
(21430,1190,22310,22885),
(21431,1190,22310,22886),
(21432,1190,22310,22887),
(21433,1190,22310,22888),
(21434,1190,22310,22889),
(21435,1190,22310,22890),
(21436,1190,22310,22891),
(21437,1190,22310,22892),
(21438,1190,22310,22893),
(22264,1105,22311,1110),
(22265,1105,22312,1110),
(22266,1105,22313,1110),
(22207,1105,22314,1130),
(21511,1190,22314,22840),
(21512,1190,22314,22851),
(21513,1190,22314,22862),
(22267,1105,22315,1110),
(22030,1225,22780,1100),
(20101,1210,22781,4040),
(20100,1220,22781,6040),
(20099,1200,22781,22780),
(20169,1220,22782,6180),
(21562,1200,22782,23511),
(20217,1210,22782,23512),
(20206,1220,22783,6087),
(21319,1200,22783,23376),
(20254,1210,22783,23377),
(20116,1225,22784,1410),
(20117,1200,22787,20034),
(20165,1220,22787,23644),
(20213,1210,22787,23647),
(20118,1200,22788,20055),
(20166,1220,22788,23390),
(20214,1210,22788,23551),
(20119,1200,22789,20035),
(20167,1220,22789,23644),
(20464,1210,22789,23651),
(20120,1200,22790,22894),
(20216,1210,22790,23456),
(20168,1220,22790,23457),
(20170,1220,22792,6085),
(20122,1200,22792,20090),
(20218,1210,22792,23532),
(20123,1200,22793,20054),
(20171,1220,22793,23386),
(20219,1210,22793,23547),
(20172,1220,22794,17070),
(20124,1200,22794,20068),
(20220,1210,22794,23490),
(20125,1200,22795,20074),
(20221,1210,22795,23634),
(20173,1220,22795,23874),
(20222,1210,22796,22898),
(21521,1200,22796,23397),
(20174,1220,22796,23399),
(20175,1220,22797,23399),
(21689,1200,22797,23579),
(20223,1210,22797,23580),
(21362,1200,22798,23397),
(20224,1210,22798,23398),
(20176,1220,22798,23399),
(20177,1220,22799,23399),
(21369,1200,22799,23401),
(20225,1210,22799,23402),
(20130,1200,22800,20070),
(20178,1220,22800,23386),
(20226,1210,22800,23576),
(20179,1220,22801,22901),
(21604,1200,22801,23535),
(20227,1210,22801,23536),
(20132,1200,22802,20042),
(20180,1220,22802,22295),
(20228,1210,22802,23356),
(20133,1200,22803,20062),
(20181,1220,22803,23399),
(20229,1210,22803,23516),
(20134,1200,22804,20041),
(20182,1220,22804,22296),
(20230,1210,22804,23464),
(20135,1200,22805,20056),
(20231,1210,22805,23385),
(20183,1220,22805,23386),
(20136,1200,22806,20037),
(20232,1210,22806,23418),
(20184,1220,22806,23419),
(20185,1220,22807,17070),
(20137,1200,22807,20069),
(20233,1210,22807,22696),
(20138,1200,22808,20059),
(20234,1210,22808,23560),
(20186,1220,22808,23875),
(20139,1200,22809,20077),
(20235,1210,22809,23494),
(20187,1220,22809,23495),
(20140,1200,22810,20060),
(20188,1220,22810,23386),
(20236,1210,22810,23482),
(20141,1200,22811,20030),
(20237,1210,22811,23410),
(20189,1220,22811,23411),
(20190,1220,22812,6085),
(20142,1200,22812,20097),
(20238,1210,22812,23365),
(20143,1200,22813,22896),
(20239,1210,22813,23601),
(20191,1220,22813,23602),
(20144,1200,22814,20040),
(20192,1220,22814,22308),
(20240,1210,22814,23498),
(20193,1220,22815,6085),
(20145,1200,22815,20039),
(20241,1210,22815,23460),
(20194,1220,22816,23386),
(21576,1200,22816,23519),
(20242,1210,22816,23520),
(20195,1220,22817,6085),
(20147,1200,22817,20083),
(20243,1210,22817,23630),
(20196,1220,22818,6085),
(20148,1200,22818,20086),
(20244,1210,22818,23622),
(20149,1200,22819,20073),
(20245,1210,22819,23700),
(20197,1220,22819,23876),
(20198,1220,22820,6087),
(20150,1200,22820,20084),
(20246,1210,22820,23543),
(20199,1220,22821,17070),
(20151,1200,22821,22784),
(20247,1210,22821,23626),
(20152,1200,22822,20045),
(20200,1220,22822,22310),
(20248,1210,22822,23427),
(20201,1220,22823,17021),
(20153,1200,22823,20043),
(20249,1210,22823,23471),
(20154,1200,22824,20049),
(20250,1210,22824,23441),
(20202,1220,22824,23442),
(20155,1200,22825,20032),
(20251,1210,22825,23414),
(20203,1220,22825,23415),
(20156,1200,22826,20044),
(20204,1220,22826,22314),
(20252,1210,22826,23475),
(20157,1200,22827,20046),
(20253,1210,22827,23505),
(20205,1220,22827,23506),
(20207,1220,22829,6087),
(20159,1200,22829,20050),
(20255,1210,22829,23528),
(20208,1220,22830,6090),
(21326,1200,22830,23368),
(20256,1210,22830,23381),
(20209,1220,22831,6087),
(20161,1200,22831,22903),
(20257,1210,22831,23373),
(20210,1220,22832,6180),
(21305,1200,22832,23368),
(20258,1210,22832,23369),
(20163,1200,22833,20075),
(20259,1210,22833,23445),
(20211,1220,22833,23446),
(20164,1200,22834,20072),
(20260,1210,22834,23609),
(20212,1220,22834,23877),
(21474,1225,22894,1340),
(20469,1200,22895,20078),
(20470,1210,22895,23524),
(20471,1220,22895,23525),
(20472,1225,22896,1340),
(20473,1225,22897,1340),
(20474,1225,22899,1340),
(20475,1225,22900,1340),
(22193,1105,22901,1130),
(21611,1190,22901,22843),
(21612,1190,22901,22854),
(21613,1190,22901,22865),
(20476,1225,22902,1340),
(20477,1225,22903,1340),
(20478,1225,22904,1340),
(20482,1200,22905,20058),
(20483,1210,22905,23389),
(20484,1220,22905,23878),
(20488,1200,22922,20063),
(20489,1210,22922,22701),
(20490,1220,22922,23570),
(20519,1200,22941,20071),
(20520,1210,22941,22942),
(20521,1220,22941,23879),
(20530,1200,22948,20057),
(20531,1210,22948,23584),
(20532,1220,22948,23880),
(21306,1225,23368,1340),
(21320,1225,23376,1340),
(22190,1105,23386,1110),
(22188,1105,23390,1130),
(22031,1190,23390,23756),
(22032,1190,23390,23757),
(22033,1190,23390,23758),
(22034,1190,23390,23759),
(22035,1190,23390,23760),
(22036,1190,23390,23761),
(22037,1190,23390,23762),
(22038,1190,23390,23763),
(22039,1190,23390,23764),
(21363,1225,23397,1340),
(22192,1105,23399,1110),
(21370,1225,23401,1340),
(21377,1225,23405,1340),
(22216,1105,23407,1110),
(21376,1200,23408,23405),
(21378,1210,23408,23406),
(21379,1220,23408,23407),
(22199,1105,23411,1110),
(22206,1105,23415,1110),
(22196,1105,23419,1130),
(21404,1190,23419,22836),
(21405,1190,23419,22847),
(21406,1190,23419,22858),
(21407,1190,23419,22869),
(21408,1190,23419,22874),
(22205,1105,23442,1110),
(22209,1105,23446,1130),
(21463,1190,23446,22838),
(21464,1190,23446,22849),
(21465,1190,23446,22860),
(21466,1200,23454,20098),
(21469,1220,23454,23386),
(21468,1210,23454,23452),
(22189,1105,23457,1110),
(22198,1105,23495,1110),
(22208,1105,23506,1130),
(21559,1190,23506,22842),
(21560,1190,23506,22853),
(21561,1190,23506,22864),
(21563,1225,23511,1340),
(21577,1225,23519,1370),
(22211,1105,23525,1110),
(21605,1225,23535,1340),
(22213,1105,23570,1130),
(21679,1190,23570,22923),
(21680,1190,23570,22924),
(21681,1190,23570,22925),
(21690,1225,23579,1340),
(21721,1220,23595,17021),
(21718,1200,23595,20028),
(21720,1210,23595,23593),
(21728,1220,23599,6087),
(21725,1200,23599,20029),
(21727,1210,23599,23597),
(22200,1105,23602,1110),
(21740,1225,23604,1410),
(21742,1220,23607,17070),
(21739,1200,23607,23604),
(21741,1210,23607,23605),
(22217,1105,23619,1130),
(21768,1200,23620,20079),
(21770,1210,23620,23618),
(21771,1220,23620,23619),
(22187,1105,23644,1110),
(21818,1200,23645,20033),
(21820,1210,23645,23643),
(21821,1220,23645,23644),
(21840,1225,23654,1350),
(21842,1220,23657,23644),
(21839,1200,23657,23654),
(21841,1210,23657,23655),
(21847,1225,23658,1350),
(21849,1220,23661,23644),
(21846,1200,23661,23658),
(21848,1210,23661,23659),
(22218,1105,23664,1130),
(21853,1200,23665,20047),
(21855,1210,23665,23663),
(21856,1220,23665,23664),
(21860,1200,23669,20051),
(21863,1220,23669,23386),
(21862,1210,23669,23667),
(21867,1200,23673,20052),
(21870,1220,23673,23386),
(21869,1210,23673,23671),
(22219,1105,23676,1110),
(21874,1200,23677,20061),
(21876,1210,23677,23675),
(21877,1220,23677,23676),
(22220,1105,23680,1130),
(21881,1200,23681,20064),
(21883,1210,23681,23679),
(21884,1220,23681,23680),
(22221,1105,23684,1110),
(21888,1200,23685,20065),
(21890,1210,23685,23683),
(21891,1220,23685,23684),
(21896,1225,23686,1350),
(22222,1105,23688,1130),
(21895,1200,23689,23686),
(21897,1210,23689,23687),
(21898,1220,23689,23688),
(21949,1220,23711,6087),
(21946,1200,23711,20081),
(21948,1210,23711,23709),
(21956,1220,23715,6087),
(21953,1200,23715,20082),
(21955,1210,23715,23713),
(21961,1225,23716,1350),
(21963,1220,23719,23386),
(21960,1200,23719,23716),
(21962,1210,23719,23717),
(22223,1105,23722,1110),
(21967,1200,23723,20087),
(21969,1210,23723,23721),
(21970,1220,23723,23722),
(21974,1200,23727,20088),
(21977,1220,23727,22289),
(21976,1210,23727,23725),
(21981,1200,23731,20089),
(21984,1220,23731,22291),
(21983,1210,23731,23729),
(22226,1105,23734,1110),
(21988,1200,23735,20091),
(21990,1210,23735,23733),
(21991,1220,23735,23734),
(22227,1105,23738,1110),
(21995,1200,23739,20092),
(21997,1210,23739,23737),
(21998,1220,23739,23738),
(22003,1225,23740,1345),
(22228,1105,23742,1110),
(22002,1200,23743,23740),
(22004,1210,23743,23741),
(22005,1220,23743,23742),
(22229,1105,23746,1110),
(22009,1200,23747,20094),
(22011,1210,23747,23745),
(22012,1220,23747,23746),
(22016,1200,23751,20095),
(22019,1220,23751,23746),
(22018,1210,23751,23749),
(22024,1225,23752,1345),
(22026,1220,23755,17070),
(22023,1200,23755,23752),
(22025,1210,23755,23753),
(22191,1105,23874,1130),
(22040,1190,23874,23765),
(22041,1190,23874,23766),
(22042,1190,23874,23767),
(22043,1190,23874,23768),
(22044,1190,23874,23769),
(22045,1190,23874,23770),
(22046,1190,23874,23771),
(22047,1190,23874,23772),
(22048,1190,23874,23773),
(22197,1105,23875,1130),
(22049,1190,23875,23774),
(22050,1190,23875,23775),
(22051,1190,23875,23776),
(22052,1190,23875,23777),
(22053,1190,23875,23778),
(22054,1190,23875,23779),
(22055,1190,23875,23780),
(22056,1190,23875,23781),
(22057,1190,23875,23782),
(22202,1105,23876,1130),
(22058,1190,23876,23783),
(22059,1190,23876,23784),
(22060,1190,23876,23785),
(22061,1190,23876,23786),
(22062,1190,23876,23787),
(22063,1190,23876,23788),
(22064,1190,23876,23789),
(22065,1190,23876,23790),
(22066,1190,23876,23791),
(22210,1105,23877,1130),
(22067,1190,23877,23792),
(22068,1190,23877,23793),
(22069,1190,23877,23794),
(22070,1190,23877,23795),
(22071,1190,23877,23796),
(22072,1190,23877,23797),
(22073,1190,23877,23798),
(22074,1190,23877,23799),
(22075,1190,23877,23800),
(22212,1105,23878,1130),
(22076,1190,23878,23801),
(22077,1190,23878,23802),
(22078,1190,23878,23803),
(22079,1190,23878,23804),
(22080,1190,23878,23805),
(22081,1190,23878,23806),
(22082,1190,23878,23807),
(22083,1190,23878,23808),
(22084,1190,23878,23809),
(22214,1105,23879,1130),
(22085,1190,23879,23810),
(22086,1190,23879,23811),
(22087,1190,23879,23812),
(22088,1190,23879,23813),
(22089,1190,23879,23814),
(22090,1190,23879,23815),
(22091,1190,23879,23816),
(22092,1190,23879,23817),
(22093,1190,23879,23818),
(22215,1105,23880,1130),
(22094,1190,23880,23819),
(22095,1190,23880,23820),
(22096,1190,23880,23821),
(22097,1190,23880,23822),
(22098,1190,23880,23823),
(22099,1190,23880,23824),
(22100,1190,23880,23825),
(22101,1190,23880,23826),
(22102,1190,23880,23827),

(22780,1190,23619,23900),
(22781,1190,23619,23901),
(22782,1190,23619,23902),
(22783,1190,23619,23903),
(22784,1190,23619,23904),

(22785,1190,23664,23906),
(22786,1190,23664,23907),
(22787,1190,23680,23908),
(22788,1190,23680,23909),
(22789,1190,23688,23910),
(22790,1190,23688,23911),
(22791,1190,23688,23912);
/*!40000 ALTER TABLE `cvterm_relationship` ENABLE KEYS */;                                                                          
UNLOCK TABLES;                                                                                                                      
                                                                                                                                    
--                                                                                                                                  
-- Dumping data for table `cvtermprop`                                                                                              
--                                                                                                                                  
                                                                                                                                    
LOCK TABLES `cvtermprop` WRITE;                                                                                                     
/*!40000 ALTER TABLE `cvtermprop` DISABLE KEYS */;                                                                                  
INSERT INTO `cvtermprop` (`cvtermprop_id`, `cvterm_id`, `type_id`, `value`, `rank`) VALUES
(21165,20001,8048,'2016-08-29T08:52:39.000Z',0),
(21166,20002,8048,'2016-08-29T08:52:39.000Z',0),
(21167,20003,8048,'2016-08-29T08:52:39.000Z',0),
(21168,20004,8048,'2016-08-29T08:52:39.000Z',0),
(21169,20005,8048,'2016-08-29T08:52:39.000Z',0),
(21170,20006,8048,'2016-08-29T08:52:39.000Z',0),
(21171,20007,8048,'2016-08-29T08:52:39.000Z',0),
(21172,20008,8048,'2016-08-29T08:52:39.000Z',0),
(21173,20009,8048,'2016-08-29T08:52:39.000Z',0),
(21174,20010,8048,'2016-08-29T08:52:39.000Z',0),
(21175,20011,8048,'2016-08-29T08:52:39.000Z',0),
(21176,20012,8048,'2016-08-29T08:52:39.000Z',0),
(21177,20013,8048,'2016-08-29T08:52:39.000Z',0),
(21178,20014,8048,'2016-08-29T08:52:39.000Z',0),
(21179,20015,8048,'2016-08-29T08:52:39.000Z',0),
(21180,20016,8048,'2016-08-29T08:52:39.000Z',0),
(21181,20017,8048,'2016-08-29T08:52:39.000Z',0),
(21182,20018,8048,'2016-08-29T08:52:39.000Z',0),
(21183,20019,8048,'2016-08-29T08:52:39.000Z',0),
(21184,20020,8048,'2016-08-29T08:52:39.000Z',0),
(21185,20021,8048,'2016-08-29T08:52:39.000Z',0),
(21186,20022,8048,'2016-08-29T08:52:39.000Z',0),
(21187,20023,8048,'2016-08-29T08:52:39.000Z',0),
(21188,20024,8048,'2016-08-29T08:52:39.000Z',0),
(21189,20025,8048,'2016-08-29T08:52:39.000Z',0),
(21190,20026,8048,'2016-08-29T08:52:39.000Z',0),
(21191,20027,8048,'2016-08-29T08:52:39.000Z',0),
(20065,20028,1226,'CO_338:0000001',0),
(20066,20029,1226,'CO_338:0000002',0),
(20115,20030,1226,'CO_338:0000004',0),
(20068,20032,1226,'CO_338:0000005',0),
(20070,20033,1226,'CO_338:0000007',0),
(20071,20034,1226,'CO_338:0000008',0),
(20072,20035,1226,'CO_338:0000009',0),
(20073,20036,1226,'CO_338:0000010',0),
(20074,20037,1226,'CO_338:0000011',0),
(20075,20038,1226,'CO_338:0000012',0),
(20076,20039,1226,'CO_338:0000014',0),
(20077,20040,1226,'CO_338:0000015',0),
(20117,20041,1226,'CO_338:0000054',0),
(20079,20042,1226,'CO_338:0000017',0),
(20118,20043,1226,'CO_338:0000055',0),
(20081,20044,1226,'CO_338:0000019',0),
(20082,20045,1226,'CO_338:0000020',0),
(20083,20046,1226,'CO_338:0000021',0),
(20084,20047,1226,'CO_338:0000022',0),
(20087,20048,1226,'CO_338:0000026',0),
(20088,20049,1226,'CO_338:0000052',0),
(20090,20050,1226,'CO_338:0000030',0),
(20091,20051,1226,'CO_338:0000032',0),
(20092,20052,1226,'CO_338:0000033',0),
(20094,20054,1226,'CO_338:0000064',0),
(20095,20055,1226,'CO_338:0000036',0),
(20096,20056,1226,'CO_338:0000037',0),
(20097,20057,1226,'CO_338:0000038',0),
(20098,20058,1226,'CO_338:0000039',0),
(20114,20059,1226,'CO_338:0000065',0),
(20100,20060,1226,'CO_338:0000041',0),
(20105,20061,1226,'CO_338:0000048',0),
(20106,20062,1226,'CO_338:0000049',0),
(20121,20063,1226,'CO_338:0000066',0),
(20569,20064,1226,'CO_338:0000078',0),
(20571,20065,1226,'CO_338:0000079',0),
(21192,20066,8048,'2016-08-29T08:52:39.000Z',0),
(20511,20067,1226,'CO_338:0000074',0),
(20107,20068,1226,'CO_338:0000057',0),
(20108,20069,1226,'CO_338:0000067',0),
(20507,20070,1226,'CO_338:0000068',0),
(20575,20071,1226,'CO_338:0000081',0),
(20533,20072,1226,'CO_338:0000069',0),
(20577,20073,1226,'CO_338:0000082',0),
(20549,20074,1226,'CO_338:0000075',0),
(20116,20075,1226,'CO_338:0000053',0),
(20125,20076,1226,'CO_338:0000060',0),
(20119,20077,1226,'CO_338:0000058',0),
(20126,20078,1226,'CO_338:0000061',0),
(20535,20079,1226,'CO_338:0000070',0),
(21193,20080,8048,'2016-08-29T08:52:39.000Z',0),
(20579,20081,1226,'CO_338:0000084',0),
(20583,20082,1226,'CO_338:0000085',0),
(20545,20083,1226,'CO_338:0000073',0),
(20120,20084,1226,'CO_338:0000034',0),
(21194,20085,8048,'2016-08-29T08:52:39.000Z',0),
(20537,20086,1226,'CO_338:0000071',0),
(20591,20087,1226,'CO_338:0000088',0),
(20595,20088,1226,'CO_338:0000089',0),
(20599,20089,1226,'CO_338:0000090',0),
(20124,20090,1226,'CO_338:0000062',0),
(20603,20091,1226,'CO_338:0000091',0),
(20607,20092,1226,'CO_338:0000092',0),
(21195,20093,8048,'2016-08-29T08:52:39.000Z',0),
(20615,20094,1226,'CO_338:0000094',0),
(20619,20095,1226,'CO_338:0000095',0),
(21196,20096,8048,'2016-08-29T08:52:39.000Z',0),
(21630,20097,8048,'2016-06-30T16:44:06.000Z',0),
(21631,20098,8048,'2016-06-30T16:44:06.000Z',0),
(21558,22287,8048,'2016-08-29T08:52:39.000Z',0),
(21559,22288,8048,'2016-08-29T08:52:39.000Z',0),
(21560,22290,8048,'2016-08-29T08:52:39.000Z',0),
(21561,22292,8048,'2016-08-29T08:52:39.000Z',0),
(21562,22293,8048,'2016-08-29T08:52:39.000Z',0),
(21563,22294,8048,'2016-08-29T08:52:39.000Z',0),
(21564,22295,8048,'2016-08-29T08:52:39.000Z',0),
(21565,22296,8048,'2016-08-29T08:52:39.000Z',0),
(21566,22297,8048,'2016-08-29T08:52:39.000Z',0),
(21567,22298,8048,'2016-08-29T08:52:39.000Z',0),
(21568,22299,8048,'2016-08-29T08:52:39.000Z',0),
(21569,22300,8048,'2016-08-29T08:52:39.000Z',0),
(21570,22301,8048,'2016-08-29T08:52:39.000Z',0),
(21571,22302,8048,'2016-08-29T08:52:39.000Z',0),
(21572,22303,8048,'2016-08-29T08:52:39.000Z',0),
(21573,22304,8048,'2016-08-29T08:52:39.000Z',0),
(21574,22305,8048,'2016-08-29T08:52:39.000Z',0),
(21575,22306,8048,'2016-08-29T08:52:39.000Z',0),
(21576,22307,8048,'2016-08-29T08:52:39.000Z',0),
(21577,22308,8048,'2016-08-29T08:52:39.000Z',0),
(21578,22309,8048,'2016-08-29T08:52:39.000Z',0),
(21579,22310,8048,'2016-08-29T08:52:39.000Z',0),
(21580,22311,8048,'2016-08-29T08:52:39.000Z',0),
(21581,22312,8048,'2016-08-29T08:52:39.000Z',0),
(21582,22313,8048,'2016-08-29T08:52:39.000Z',0),
(21583,22314,8048,'2016-08-29T08:52:39.000Z',0),
(21584,22315,8048,'2016-08-29T08:52:39.000Z',0),
(21273,22628,8048,'2016-08-29T08:52:39.000Z',0),
(21274,22629,8048,'2016-08-29T08:52:39.000Z',0),
(21275,22630,8048,'2016-08-29T08:52:39.000Z',0),
(21276,22631,8048,'2016-08-29T08:52:39.000Z',0),
(21277,22632,8048,'2016-08-29T08:52:39.000Z',0),
(21278,22633,8048,'2016-08-29T08:52:39.000Z',0),
(21279,22634,8048,'2016-08-29T08:52:39.000Z',0),
(21280,22635,8048,'2016-08-29T08:52:39.000Z',0),
(21281,22636,8048,'2016-08-29T08:52:39.000Z',0),
(21282,22637,8048,'2016-08-29T08:52:39.000Z',0),
(21283,22639,8048,'2016-08-29T08:52:39.000Z',0),
(21284,22640,8048,'2016-08-29T08:52:39.000Z',0),
(21285,22641,8048,'2016-08-29T08:52:39.000Z',0),
(21286,22642,8048,'2016-08-29T08:52:39.000Z',0),
(21287,22643,8048,'2016-08-29T08:52:39.000Z',0),
(21288,22644,8048,'2016-08-29T08:52:39.000Z',0),
(21289,22645,8048,'2016-08-29T08:52:39.000Z',0),
(21290,22646,8048,'2016-08-29T08:52:39.000Z',0),
(21291,22647,8048,'2016-08-29T08:52:39.000Z',0),
(21292,22648,8048,'2016-08-29T08:52:39.000Z',0),
(21293,22649,8048,'2016-08-29T08:52:39.000Z',0),
(21294,22650,8048,'2016-08-29T08:52:39.000Z',0),
(21295,22651,8048,'2016-08-29T08:52:39.000Z',0),
(21296,22653,8048,'2016-08-29T08:52:39.000Z',0),
(21297,22654,8048,'2016-08-29T08:52:39.000Z',0),
(21298,22655,8048,'2016-08-29T08:52:39.000Z',0),
(21299,22656,8048,'2016-08-29T08:52:39.000Z',0),
(21300,22657,8048,'2016-08-29T08:52:39.000Z',0),
(21301,22658,8048,'2016-08-29T08:52:39.000Z',0),
(21302,22659,8048,'2016-08-29T08:52:39.000Z',0),
(21303,22660,8048,'2016-08-29T08:52:39.000Z',0),
(21304,22661,8048,'2016-08-29T08:52:39.000Z',0),
(21305,22662,8048,'2016-08-29T08:52:39.000Z',0),
(21306,22663,8048,'2016-08-29T08:52:39.000Z',0),
(21307,22664,8048,'2016-08-29T08:52:39.000Z',0),
(21308,22665,8048,'2016-08-29T08:52:39.000Z',0),
(21309,22666,8048,'2016-08-29T08:52:39.000Z',0),
(21310,22667,8048,'2016-08-29T08:52:39.000Z',0),
(21311,22668,8048,'2016-08-29T08:52:39.000Z',0),
(21312,22669,8048,'2016-08-29T08:52:39.000Z',0),
(21313,22670,8048,'2016-08-29T08:52:39.000Z',0),
(21314,22671,8048,'2016-08-29T08:52:39.000Z',0),
(21315,22672,8048,'2016-08-29T08:52:39.000Z',0),
(21316,22673,8048,'2016-08-29T08:52:39.000Z',0),
(21317,22674,8048,'2016-08-29T08:52:39.000Z',0),
(21318,22675,8048,'2016-08-29T08:52:39.000Z',0),
(21319,22676,8048,'2016-08-29T08:52:39.000Z',0),
(21320,22677,8048,'2016-08-29T08:52:39.000Z',0),
(21321,22678,8048,'2016-08-29T08:52:39.000Z',0),
(21322,22679,8048,'2016-08-29T08:52:39.000Z',0),
(21323,22680,8048,'2016-08-29T08:52:39.000Z',0),
(21324,22681,8048,'2016-08-29T08:52:39.000Z',0),
(21325,22682,8048,'2016-08-29T08:52:39.000Z',0),
(21326,22683,8048,'2016-08-29T08:52:39.000Z',0),
(21327,22684,8048,'2016-08-29T08:52:39.000Z',0),
(21328,22685,8048,'2016-08-29T08:52:39.000Z',0),
(21329,22686,8048,'2016-08-29T08:52:39.000Z',0),
(21330,22687,8048,'2016-08-29T08:52:39.000Z',0),
(21331,22688,8048,'2016-08-29T08:52:39.000Z',0),
(21332,22689,8048,'2016-08-29T08:52:39.000Z',0),
(21333,22690,8048,'2016-08-29T08:52:39.000Z',0),
(21334,22691,8048,'2016-08-29T08:52:39.000Z',0),
(21335,22692,8048,'2016-08-29T08:52:39.000Z',0),
(21336,22693,8048,'2016-08-29T08:52:39.000Z',0),
(21337,22694,8048,'2016-08-29T08:52:39.000Z',0),
(21338,22695,8048,'2016-08-29T08:52:39.000Z',0),
(21339,22696,8048,'2016-08-29T08:52:39.000Z',0),
(21340,22697,8048,'2016-08-29T08:52:39.000Z',0),
(21341,22698,8048,'2016-08-29T08:52:39.000Z',0),
(21342,22699,8048,'2016-08-29T08:52:39.000Z',0),
(21343,22700,8048,'2016-08-29T08:52:39.000Z',0),
(21344,22701,8048,'2016-08-29T08:52:39.000Z',0),
(21345,22702,8048,'2016-08-29T08:52:39.000Z',0),
(21346,22703,8048,'2016-08-29T08:52:39.000Z',0),
(21347,22704,8048,'2016-08-29T08:52:39.000Z',0),
(21348,22705,8048,'2016-08-29T08:52:39.000Z',0),
(21349,22706,8048,'2016-08-29T08:52:39.000Z',0),
(21350,22707,8048,'2016-08-29T08:52:39.000Z',0),
(21351,22708,8048,'2016-08-29T08:52:39.000Z',0),
(21352,22709,8048,'2016-08-29T08:52:39.000Z',0),
(21353,22710,8048,'2016-08-29T08:52:39.000Z',0),
(21354,22711,8048,'2016-08-29T08:52:39.000Z',0),
(21355,22712,8048,'2016-08-29T08:52:39.000Z',0),
(21356,22713,8048,'2016-08-29T08:52:39.000Z',0),
(21357,22714,8048,'2016-08-29T08:52:39.000Z',0),
(21358,22715,8048,'2016-08-29T08:52:39.000Z',0),
(21359,22716,8048,'2016-08-29T08:52:39.000Z',0),
(21360,22717,8048,'2016-08-29T08:52:39.000Z',0),
(21361,22718,8048,'2016-08-29T08:52:39.000Z',0),
(21362,22719,8048,'2016-08-29T08:52:39.000Z',0),
(21363,22720,8048,'2016-08-29T08:52:39.000Z',0),
(21364,22721,8048,'2016-08-29T08:52:39.000Z',0),
(21365,22722,8048,'2016-08-29T08:52:39.000Z',0),
(21366,22725,8048,'2016-08-29T08:52:39.000Z',0),
(21367,22726,8048,'2016-08-29T08:52:39.000Z',0),
(21368,22727,8048,'2016-08-29T08:52:39.000Z',0),
(21369,22728,8048,'2016-08-29T08:52:39.000Z',0),
(21370,22729,8048,'2016-08-29T08:52:39.000Z',0),
(21371,22730,8048,'2016-08-29T08:52:39.000Z',0),
(21372,22731,8048,'2016-08-29T08:52:39.000Z',0),
(21373,22733,8048,'2016-08-29T08:52:39.000Z',0),
(21374,22734,8048,'2016-08-29T08:52:39.000Z',0),
(21375,22735,8048,'2016-08-29T08:52:39.000Z',0),
(21376,22736,8048,'2016-08-29T08:52:39.000Z',0),
(21377,22737,8048,'2016-08-29T08:52:39.000Z',0),
(21378,22738,8048,'2016-08-29T08:52:39.000Z',0),
(21379,22739,8048,'2016-08-29T08:52:39.000Z',0),
(21380,22740,8048,'2016-08-29T08:52:39.000Z',0),
(21381,22741,8048,'2016-08-29T08:52:39.000Z',0),
(21382,22742,8048,'2016-08-29T08:52:39.000Z',0),
(21383,22743,8048,'2016-08-29T08:52:39.000Z',0),
(21384,22744,8048,'2016-08-29T08:52:39.000Z',0),
(21385,22745,8048,'2016-08-29T08:52:39.000Z',0),
(21386,22746,8048,'2016-08-29T08:52:39.000Z',0),
(21387,22747,8048,'2016-08-29T08:52:39.000Z',0),
(21388,22748,8048,'2016-08-29T08:52:39.000Z',0),
(21389,22749,8048,'2016-08-29T08:52:39.000Z',0),
(21390,22750,8048,'2016-08-29T08:52:39.000Z',0),
(21391,22751,8048,'2016-08-29T08:52:39.000Z',0),
(21392,22752,8048,'2016-08-29T08:52:39.000Z',0),
(21393,22753,8048,'2016-08-29T08:52:39.000Z',0),
(21394,22754,8048,'2016-08-29T08:52:39.000Z',0),
(21395,22755,8048,'2016-08-29T08:52:39.000Z',0),
(21396,22756,8048,'2016-08-29T08:52:39.000Z',0),
(21397,22757,8048,'2016-08-29T08:52:39.000Z',0),
(21398,22758,8048,'2016-08-29T08:52:39.000Z',0),
(21399,22759,8048,'2016-08-29T08:52:39.000Z',0),
(21400,22760,8048,'2016-08-29T08:52:39.000Z',0),
(21401,22761,8048,'2016-08-29T08:52:39.000Z',0),
(21402,22762,8048,'2016-08-29T08:52:39.000Z',0),
(21403,22763,8048,'2016-08-29T08:52:39.000Z',0),
(21404,22764,8048,'2016-08-29T08:52:39.000Z',0),
(21405,22765,8048,'2016-08-29T08:52:39.000Z',0),
(21406,22766,8048,'2016-08-29T08:52:39.000Z',0),
(21407,22767,8048,'2016-08-29T08:52:39.000Z',0),
(21408,22768,8048,'2016-08-29T08:52:39.000Z',0),
(21409,22769,8048,'2016-08-29T08:52:39.000Z',0),
(21410,22770,8048,'2016-08-29T08:52:39.000Z',0),
(21411,22771,8048,'2016-08-29T08:52:39.000Z',0),
(21412,22772,8048,'2016-08-29T08:52:39.000Z',0),
(21413,22773,8048,'2016-08-29T08:52:39.000Z',0),
(21414,22774,8048,'2016-08-29T08:52:39.000Z',0),
(21415,22775,8048,'2016-08-29T08:52:39.000Z',0),
(21416,22776,8048,'2016-08-29T08:52:39.000Z',0),
(21417,22777,8048,'2016-08-29T08:52:39.000Z',0),
(21418,22778,8048,'2016-08-29T08:52:39.000Z',0),
(21419,22779,8048,'2016-08-29T08:52:39.000Z',0),
(21197,22780,8048,'2016-08-29T08:52:39.000Z',0),
(20874,22781,1800,'Experimental Design',0),
(20472,22782,1226,'CO_338:0000304',0),
(20875,22782,1800,'Trait',0),
(20396,22783,1226,'CO_338:0000274',0),
(20876,22783,1800,'Trait',0),
(20109,22784,1226,'CO_338:0000072',0),
(20552,22787,1226,'CO_338:0000330',0),
(20877,22787,1800,'Trait',0),
(20500,22788,1226,'CO_338:0000313',0),
(20878,22788,1800,'Trait',0),
(20554,22789,1226,'CO_338:0000331',0),
(20879,22789,1800,'Trait',0),
(20438,22790,1226,'CO_338:0000292',0),
(20880,22790,1800,'Trait',0),
(20488,22792,1226,'CO_338:0000309',0),
(20881,22792,1800,'Trait',0),
(20496,22793,1226,'CO_338:0000312',0),
(20882,22793,1800,'Trait',0),
(20462,22794,1226,'CO_338:0000300',0),
(20883,22794,1800,'Trait',0),
(20134,22795,1226,'CO_338:0000328',0),
(20884,22795,1800,'Trait',0),
(20458,22796,1226,'CO_338:0000299',0),
(20885,22796,1800,'Trait',0),
(20510,22797,1226,'CO_338:0000317',0),
(20886,22797,1800,'Trait',0),
(20412,22798,1226,'CO_338:0000280',0),
(20887,22798,1800,'Trait',0),
(20416,22799,1226,'CO_338:0000281',0),
(20888,22799,1800,'Trait',0),
(20130,22800,1226,'CO_338:0000316',0),
(20889,22800,1800,'Trait',0),
(20492,22801,1226,'CO_338:0000310',0),
(20890,22801,1800,'Trait',0),
(20382,22802,1226,'CO_338:0000269',0),
(20891,22802,1800,'Trait',0),
(20478,22803,1226,'CO_338:0000305',0),
(20892,22803,1800,'Trait',0),
(20446,22804,1226,'CO_338:0000294',0),
(20893,22804,1800,'Trait',0),
(20406,22805,1226,'CO_338:0000277',0),
(20894,22805,1800,'Trait',0),
(20426,22806,1226,'CO_338:0000287',0),
(20895,22806,1800,'Trait',0),
(20896,22807,1800,'Trait',0),
(20502,22808,1226,'CO_338:0000314',0),
(20897,22808,1800,'Trait',0),
(20466,22809,1226,'CO_338:0000301',0),
(20898,22809,1800,'Trait',0),
(20454,22810,1226,'CO_338:0000297',0),
(20899,22810,1800,'Trait',0),
(20422,22811,1226,'CO_338:0000285',0),
(20900,22811,1800,'Trait',0),
(20384,22812,1226,'CO_338:0000270',0),
(20901,22812,1800,'Trait',0),
(20524,22813,1226,'CO_338:0000321',0),
(20902,22813,1800,'Trait',0),
(20468,22814,1226,'CO_338:0000302',0),
(20903,22814,1800,'Trait',0),
(20442,22815,1226,'CO_338:0000293',0),
(20904,22815,1800,'Trait',0),
(20480,22816,1226,'CO_338:0000306',0),
(20905,22816,1800,'Trait',0),
(20544,22817,1226,'CO_338:0000327',0),
(20906,22817,1800,'Trait',0),
(20536,22818,1226,'CO_338:0000325',0),
(20907,22818,1800,'Trait',0),
(20135,22819,1226,'CO_338:0000342',0),
(20908,22819,1800,'Trait',0),
(20494,22820,1226,'CO_338:0000311',0),
(20909,22820,1800,'Trait',0),
(20540,22821,1226,'CO_338:0000326',0),
(20910,22821,1800,'Trait',0),
(20428,22822,1226,'CO_338:0000288',0),
(20911,22822,1800,'Trait',0),
(20448,22823,1226,'CO_338:0000295',0),
(20912,22823,1800,'Trait',0),
(20430,22824,1226,'CO_338:0000289',0),
(20913,22824,1800,'Trait',0),
(20424,22825,1226,'CO_338:0000286',0),
(20914,22825,1800,'Trait',0),
(20452,22826,1226,'CO_338:0000296',0),
(20915,22826,1800,'Trait',0),
(20470,22827,1226,'CO_338:0000303',0),
(20916,22827,1800,'Trait',0),
(20486,22829,1226,'CO_338:0000308',0),
(20917,22829,1800,'Trait',0),
(20400,22830,1226,'CO_338:0000276',0),
(20918,22830,1800,'Trait',0),
(20392,22831,1226,'CO_338:0000273',0),
(20919,22831,1800,'Trait',0),
(20388,22832,1226,'CO_338:0000272',0),
(20920,22832,1800,'Trait',0),
(20432,22833,1226,'CO_338:0000290',0),
(20921,22833,1800,'Trait',0),
(20133,22834,1226,'CO_338:0000323',0),
(20922,22834,1800,'Trait',0),
(20122,22894,1226,'CO_338:0000047',0),
(20484,22895,1226,'CO_338:0000307',0),
(20923,22895,1800,'Trait',0),
(20103,22896,1226,'CO_338:0000045',0),
(20112,22897,1226,'CO_338:0000056',0),
(21420,22898,8048,'2016-08-29T08:52:39.000Z',0),
(20111,22899,1226,'CO_338:0000043',0),
(20113,22900,1226,'CO_338:0000063',0),
(21585,22901,8048,'2016-08-29T08:52:39.000Z',0),
(20128,22902,1226,'CO_338:0000027',0),
(20110,22903,1226,'CO_338:0000025',0),
(20129,22904,1226,'CO_338:0000051',0),
(20410,22905,1226,'CO_338:0000278',0),
(20924,22905,1800,'Trait',0),
(20504,22922,1226,'CO_338:0000315',0),
(20925,22922,1800,'Trait',0),
(20136,22941,1226,'CO_338:0000341',0),
(20926,22941,1800,'Trait',0),
(21421,22942,8048,'2016-08-29T08:52:39.000Z',0),
(20137,22948,1226,'CO_338:0000318',0),
(20927,22948,1800,'Trait',0),
(21422,23356,8048,'2016-08-29T08:52:39.000Z',0),
(21423,23365,8048,'2016-08-29T08:52:39.000Z',0),
(20390,23368,1226,'CO_338:0000265',0),
(21424,23369,8048,'2016-08-29T08:52:39.000Z',0),
(21425,23373,8048,'2016-08-29T08:52:39.000Z',0),
(20397,23376,1226,'CO_338:0000026',0),
(21426,23377,8048,'2016-08-29T08:52:39.000Z',0),
(21427,23381,8048,'2016-08-29T08:52:39.000Z',0),
(21428,23385,8048,'2016-08-29T08:52:39.000Z',0),
(21429,23389,8048,'2016-08-29T08:52:39.000Z',0),
(21586,23390,8048,'2016-08-29T08:52:39.000Z',0),
(20414,23397,1226,'CO_338:0000266',0),
(21430,23398,8048,'2016-08-29T08:52:39.000Z',0),
(20418,23401,1226,'CO_338:0000044',0),
(21431,23402,8048,'2016-08-29T08:52:39.000Z',0),
(20421,23405,1226,'CO_338:0000045',0),
(21432,23406,8048,'2016-08-29T08:52:39.000Z',0),
(21587,23407,8048,'2016-08-29T08:52:39.000Z',0),
(20420,23408,1226,'CO_338:0000283',0),
(20928,23408,1800,'Trait',0),
(21433,23410,8048,'2016-08-29T08:52:39.000Z',0),
(21434,23414,8048,'2016-08-29T08:52:39.000Z',0),
(21435,23418,8048,'2016-08-29T08:52:39.000Z',0),
(21588,23419,8048,'2016-08-29T08:52:39.000Z',0),
(21436,23427,8048,'2016-08-29T08:52:39.000Z',0),
(21437,23441,8048,'2016-08-29T08:52:39.000Z',0),
(21438,23445,8048,'2016-08-29T08:52:39.000Z',0),
(21589,23446,8048,'2016-08-29T08:52:39.000Z',0),
(21439,23452,8048,'2016-08-29T08:52:39.000Z',0),
(20434,23454,1226,'CO_338:0000291',0),
(20929,23454,1800,'Trait',0),
(21440,23456,8048,'2016-08-29T08:52:39.000Z',0),
(21441,23460,8048,'2016-08-29T08:52:39.000Z',0),
(21442,23464,8048,'2016-08-29T08:52:39.000Z',0),
(21443,23471,8048,'2016-08-29T08:52:39.000Z',0),
(21444,23475,8048,'2016-08-29T08:52:39.000Z',0),
(21445,23482,8048,'2016-08-29T08:52:39.000Z',0),
(21446,23490,8048,'2016-08-29T08:52:39.000Z',0),
(21447,23494,8048,'2016-08-29T08:52:39.000Z',0),
(21448,23498,8048,'2016-08-29T08:52:39.000Z',0),
(21449,23505,8048,'2016-08-29T08:52:39.000Z',0),
(21590,23506,8048,'2016-08-29T08:52:39.000Z',0),
(20474,23511,1226,'CO_338:0000059',0),
(21450,23512,8048,'2016-08-29T08:52:39.000Z',0),
(21451,23516,8048,'2016-08-29T08:52:39.000Z',0),
(20481,23519,1226,'CO_338:0000060',0),
(21452,23520,8048,'2016-08-29T08:52:39.000Z',0),
(21453,23524,8048,'2016-08-29T08:52:39.000Z',0),
(21591,23525,8048,'2016-08-29T08:52:39.000Z',0),
(21454,23528,8048,'2016-08-29T08:52:39.000Z',0),
(21455,23532,8048,'2016-08-29T08:52:39.000Z',0),
(20493,23535,1226,'CO_338:0000063',0),
(21456,23536,8048,'2016-08-29T08:52:39.000Z',0),
(21457,23543,8048,'2016-08-29T08:52:39.000Z',0),
(21458,23547,8048,'2016-08-29T08:52:39.000Z',0),
(21459,23551,8048,'2016-08-29T08:52:39.000Z',0),
(21460,23560,8048,'2016-08-29T08:52:39.000Z',0),
(21592,23570,8048,'2016-08-29T08:52:39.000Z',0),
(21461,23576,8048,'2016-08-29T08:52:39.000Z',0),
(20512,23579,1226,'CO_338:0000074',0),
(21462,23580,8048,'2016-08-29T08:52:39.000Z',0),
(21463,23584,8048,'2016-08-29T08:52:39.000Z',0),
(21464,23593,8048,'2016-08-29T08:52:39.000Z',0),
(20516,23595,1226,'CO_338:0000319',0),
(20930,23595,1800,'Trait',0),
(21465,23597,8048,'2016-08-29T08:52:39.000Z',0),
(20520,23599,1226,'CO_338:0000320',0),
(20931,23599,1800,'Trait',0),
(21466,23601,8048,'2016-08-29T08:52:39.000Z',0),
(21593,23602,8048,'2016-08-29T08:52:39.000Z',0),
(20529,23604,1226,'CO_338:0000067',0),
(21467,23605,8048,'2016-08-29T08:52:39.000Z',0),
(20528,23607,1226,'CO_338:0000322',0),
(20932,23607,1800,'Trait',0),
(21468,23609,8048,'2016-08-29T08:52:39.000Z',0),
(21469,23618,8048,'2016-08-29T08:52:39.000Z',0),
(21594,23619,8048,'2016-08-29T08:52:39.000Z',0),
(20534,23620,1226,'CO_338:0000324',0),
(20933,23620,1800,'Trait',0),
(21470,23622,8048,'2016-08-29T08:52:39.000Z',0),
(21471,23626,8048,'2016-08-29T08:52:39.000Z',0),
(21472,23630,8048,'2016-08-29T08:52:39.000Z',0),
(21473,23634,8048,'2016-08-29T08:52:39.000Z',0),
(20551,23642,1226,'CO_338:0000007',0),
(21474,23643,8048,'2016-08-29T08:52:39.000Z',0),
(21595,23644,8048,'2016-08-29T08:52:39.000Z',0),
(20550,23645,1226,'CO_338:0000329',0),
(20934,23645,1800,'Trait',0),
(20553,23646,1226,'CO_338:0000008',0),
(21475,23647,8048,'2016-08-29T08:52:39.000Z',0),
(20555,23650,1226,'CO_338:0000009',0),
(21476,23651,8048,'2016-08-29T08:52:39.000Z',0),
(20557,23654,1226,'CO_338:0000010',0),
(21477,23655,8048,'2016-08-29T08:52:39.000Z',0),
(20556,23657,1226,'CO_338:0000332',0),
(20935,23657,1800,'Trait',0),
(20559,23658,1226,'CO_338:0000012',0),
(21478,23659,8048,'2016-08-29T08:52:39.000Z',0),
(20558,23661,1226,'CO_338:0000333',0),
(20936,23661,1800,'Trait',0),
(21479,23663,8048,'2016-08-29T08:52:39.000Z',0),
(21596,23664,8048,'2016-08-29T08:52:39.000Z',0),
(20560,23665,1226,'CO_338:0000334',0),
(20937,23665,1800,'Trait',0),
(21480,23667,8048,'2016-08-29T08:52:39.000Z',0),
(20562,23669,1226,'CO_338:0000335',0),
(20938,23669,1800,'Trait',0),
(21481,23671,8048,'2016-08-29T08:52:39.000Z',0),
(20564,23673,1226,'CO_338:0000336',0),
(20939,23673,1800,'Trait',0),
(21482,23675,8048,'2016-08-29T08:52:39.000Z',0),
(21597,23676,8048,'2016-08-29T08:52:39.000Z',0),
(20566,23677,1226,'CO_338:0000337',0),
(20940,23677,1800,'Trait',0),
(21483,23679,8048,'2016-08-29T08:52:39.000Z',0),
(21598,23680,8048,'2016-08-29T08:52:39.000Z',0),
(20568,23681,1226,'CO_338:0000338',0),
(20941,23681,1800,'Trait',0),
(21484,23683,8048,'2016-08-29T08:52:39.000Z',0),
(21599,23684,8048,'2016-08-29T08:52:39.000Z',0),
(20570,23685,1226,'CO_338:0000339',0),
(20942,23685,1800,'Trait',0),
(20573,23686,1226,'CO_338:0000080',0),
(21485,23687,8048,'2016-08-29T08:52:39.000Z',0),
(21600,23688,8048,'2016-08-29T08:52:39.000Z',0),
(20572,23689,1226,'CO_338:0000340',0),
(20943,23689,1800,'Trait',0),
(21486,23700,8048,'2016-08-29T08:52:39.000Z',0),
(21487,23709,8048,'2016-08-29T08:52:39.000Z',0),
(20578,23711,1226,'CO_338:0000343',0),
(20944,23711,1800,'Trait',0),
(21488,23713,8048,'2016-08-29T08:52:39.000Z',0),
(20582,23715,1226,'CO_338:0000344',0),
(20945,23715,1800,'Trait',0),
(20587,23716,1226,'CO_338:0000087',0),
(21489,23717,8048,'2016-08-29T08:52:39.000Z',0),
(20586,23719,1226,'CO_338:0000345',0),
(20946,23719,1800,'Trait',0),
(21490,23721,8048,'2016-08-29T08:52:39.000Z',0),
(20590,23723,1226,'CO_338:0000346',0),
(20947,23723,1800,'Trait',0),
(21491,23725,8048,'2016-08-29T08:52:39.000Z',0),
(20594,23727,1226,'CO_338:0000347',0),
(20948,23727,1800,'Trait',0),
(21492,23729,8048,'2016-08-29T08:52:39.000Z',0),
(20598,23731,1226,'CO_338:0000348',0),
(20949,23731,1800,'Trait',0),
(21493,23733,8048,'2016-08-29T08:52:39.000Z',0),
(20602,23735,1226,'CO_338:0000349',0),
(20950,23735,1800,'Trait',0),
(21494,23737,8048,'2016-08-29T08:52:39.000Z',0),
(20606,23739,1226,'CO_338:0000350',0),
(20951,23739,1800,'Trait',0),
(20611,23740,1226,'CO_338:0000093',0),
(21495,23741,8048,'2016-08-29T08:52:39.000Z',0),
(20610,23743,1226,'CO_338:0000351',0),
(20952,23743,1800,'Trait',0),
(21496,23745,8048,'2016-08-29T08:52:39.000Z',0),
(20614,23747,1226,'CO_338:0000352',0),
(20953,23747,1800,'Trait',0),
(21497,23749,8048,'2016-08-29T08:52:39.000Z',0),
(20618,23751,1226,'CO_338:0000353',0),
(20954,23751,1800,'Trait',0),
(20623,23752,1226,'CO_338:0000096',0),
(21498,23753,8048,'2016-08-29T08:52:39.000Z',0),
(20622,23755,1226,'CO_338:0000354',0),
(20955,23755,1800,'Trait',0),
(21601,23852,8048,'2016-08-29T08:52:39.000Z',0),
(21602,23853,8048,'2016-08-29T08:52:39.000Z',0),
(21603,23854,8048,'2016-08-29T08:52:39.000Z',0),
(21604,23855,8048,'2016-08-29T08:52:39.000Z',0),
(21605,23856,8048,'2016-08-29T08:52:39.000Z',0),
(21606,23857,8048,'2016-08-29T08:52:39.000Z',0),
(21607,23858,8048,'2016-08-29T08:52:39.000Z',0),
(21608,23859,8048,'2016-08-29T08:52:39.000Z',0),
(21609,23860,8048,'2016-08-29T08:52:39.000Z',0),
(21610,23861,8048,'2016-08-29T08:52:39.000Z',0),
(21611,23862,8048,'2016-08-29T08:52:39.000Z',0),
(21612,23863,8048,'2016-08-29T08:52:39.000Z',0),
(21613,23864,8048,'2016-08-29T08:52:39.000Z',0),
(21614,23865,8048,'2016-08-29T08:52:39.000Z',0),
(21615,23866,8048,'2016-08-29T08:52:39.000Z',0),
(21616,23867,8048,'2016-08-29T08:52:39.000Z',0),
(21617,23868,8048,'2016-08-29T08:52:39.000Z',0),
(21618,23869,8048,'2016-08-29T08:52:39.000Z',0),
(21619,23870,8048,'2016-08-29T08:52:39.000Z',0),
(21620,23871,8048,'2016-08-29T08:52:39.000Z',0),
(21621,23872,8048,'2016-08-29T08:52:39.000Z',0),
(21622,23873,8048,'2016-08-29T08:52:39.000Z',0),
(21623,23874,8048,'2016-08-29T08:52:39.000Z',0),
(21624,23875,8048,'2016-08-29T08:52:39.000Z',0),
(21625,23876,8048,'2016-08-29T08:52:39.000Z',0),
(21626,23877,8048,'2016-08-29T08:52:39.000Z',0),
(21627,23878,8048,'2016-08-29T08:52:39.000Z',0),
(21628,23879,8048,'2016-08-29T08:52:39.000Z',0),
(21629,23880,8048,'2016-08-29T08:52:39.000Z',0);
/*!40000 ALTER TABLE `cvtermprop` ENABLE KEYS */;                                                                                   
UNLOCK TABLES;                                                                                                                      
                                                                                                                                    
--                                                                                                                                  
-- Dumping data for table `cvtermsynonym`                                                                                           
--                                                                                                                                  
                                                                                                                                    
LOCK TABLES `cvtermsynonym` WRITE;                                                                                                  
/*!40000 ALTER TABLE `cvtermsynonym` DISABLE KEYS */;                                                                               
INSERT INTO `cvtermsynonym` (`cvtermsynonym_id`, `cvterm_id`, `synonym`, `type_id`) VALUES
(20004,20030,'Number of pods per plant',1230),
(20005,20032,'Number of seeds per pod',1230),
(20006,20045,'Seed coat color',1230),
(20007,20045,'Testa color',1230),
(20008,20075,'Type of chickpea',1230),
(20009,20040,'Stem pigmentation',1230),
(20010,20050,'Biomass',1230),
(20011,20039,'Plant canopy width',1230),
(20012,20049,'Number of seeds per plant',1230),
(20013,20048,'100-seed mass',1230),
(20066,22802,'FLCOL',1227),
(20067,22812,'PLHGT',1227),
(20068,22832,'SYPLOT',1227),
(20069,22831,'SYPL',1227),
(20070,22783,'SDWT',1227),
(20071,22830,'SYHA',1227),
(20072,22805,'FWR',1227),
(20073,22905,'ABR',1227),
(20074,22798,'DFTFL',1227),
(20075,22799,'DM',1227),
(20076,22811,'PDPL',1227),
(20077,22825,'SDPD',1227),
(20078,22806,'GRH',1227),
(20079,22822,'SDCOL',1227),
(20080,22824,'SDNPL',1227),
(20081,22833,'VGRP',1227),
(20082,22790,'BYPL',1227),
(20083,22815,'PLWTH',1227),
(20084,22804,'FLPED',1227),
(20085,22823,'SDDIA',1227),
(20086,22826,'SDSHP',1227),
(20087,22810,'PBR',1227),
(20088,22796,'DFFL',1227),
(20089,22794,'CT',1227),
(20090,22809,'NPDPL',1227),
(20091,22814,'PLPIG',1227),
(20092,22827,'SDSRF',1227),
(20093,22782,'BYPLOT',1227),
(20094,22803,'FLD',1227),
(20095,22816,'PRT',1227),
(20096,22895,'CKT',1227),
(20097,22829,'SHWT',1227),
(20098,22792,'CH',1227),
(20099,22801,'EGRV',1227),
(20100,22820,'RTWT',1227),
(20101,22793,'COLRR',1227),
(20102,22788,'BGMR',1227),
(20103,22808,'LMR',1227),
(20104,22922,'LFT',1227),
(20105,22800,'DRRR',1227),
(20106,22797,'DFPD',1227),
(20107,22948,'COLBR',1227),
(20108,22813,'PLN',1227),
(20109,22834,'VRLR',1227),
(20110,22818,'RL',1227),
(20111,22821,'SALT',1227),
(20112,22817,'RDP',1227),
(20113,22795,'CYSNR',1227),
(20114,22787,'ASBR',1227),
(20115,22789,'BPBR',1227),
(20116,22941,'ALTBR',1227),
(20117,22819,'RTKNR',1227);
/*!40000 ALTER TABLE `cvtermsynonym` ENABLE KEYS */;                                                                                
UNLOCK TABLES;                                                                                                                      
                                                                                                                                    
--                                                                                                                                  
-- Dumping data for table `variable_overrides`                                                                                      
--                                                                                                                                  
                                                                                                                                    
LOCK TABLES `variable_overrides` WRITE;                                                                                             
/*!40000 ALTER TABLE `variable_overrides` DISABLE KEYS */;                                                                          
INSERT INTO `variable_overrides` (`id`, `program_uuid`, `cvterm_id`, `alias`, `expected_min`, `expected_max`) VALUES
(2,NULL,22782,NULL,'10','500'),
(3,NULL,22783,NULL,'5','70'),
(4,NULL,22790,NULL,'20','300'),
(5,NULL,22792,NULL,'20','150'),
(6,NULL,22793,NULL,'0','100'),
(7,NULL,22794,NULL,'0','2'),
(8,NULL,22796,NULL,'20','75'),
(9,NULL,22798,NULL,'25','85'),
(10,NULL,22799,NULL,'70','150'),
(11,NULL,22800,NULL,'0','100'),
(12,NULL,22803,NULL,'20','60'),
(13,NULL,22805,NULL,'0','100'),
(14,NULL,22809,NULL,'1','1000'),
(15,NULL,22810,NULL,'0','100'),
(16,NULL,22811,NULL,'1','1000'),
(17,NULL,22812,NULL,'4','100'),
(18,NULL,22815,NULL,'5','50'),
(19,NULL,22816,NULL,'10','30'),
(20,NULL,22817,NULL,'2','350'),
(21,NULL,22818,NULL,'1','1000000'),
(22,NULL,22821,NULL,'0','2'),
(23,NULL,22823,NULL,'2','14'),
(24,NULL,22824,NULL,'1','1200'),
(25,NULL,22825,NULL,'1','4'),
(26,NULL,22830,NULL,'0','5000'),
(27,NULL,22831,NULL,'1','250'),
(28,NULL,23454,NULL,'10','75'),
(29,NULL,23595,NULL,'1','20'),
(30,NULL,23599,NULL,'1','250'),
(31,NULL,23607,NULL,'0','2'),
(32,NULL,23711,NULL,'0','10000'),
(33,NULL,23715,NULL,'0','5000'),
(34,NULL,23719,NULL,'0','1'),
(35,NULL,23723,NULL,'0','3'),
(36,NULL,23727,NULL,'1','10000'),
(37,NULL,23731,NULL,'1','30000'),
(38,NULL,23735,NULL,'-35','-17'),
(39,NULL,23739,NULL,'100','300'),
(40,NULL,23743,NULL,'20','100'),
(41,NULL,23747,NULL,'1','5'),
(42,NULL,23751,NULL,'1','5'),
(43,NULL,23755,NULL,'-5','5');
/*!40000 ALTER TABLE `variable_overrides` ENABLE KEYS */;                                                                           
UNLOCK TABLES;                                                                                                                      
/*!40103 SET TIME_ZONE=@OLD_TIME_ZONE */;                                                                                           
                                                                                                                                    
/*!40101 SET SQL_MODE=@OLD_SQL_MODE */;                                                                                             
/*!40014 SET FOREIGN_KEY_CHECKS=@OLD_FOREIGN_KEY_CHECKS */;                                                                         
/*!40014 SET UNIQUE_CHECKS=@OLD_UNIQUE_CHECKS */;                                                                                   
/*!40101 SET CHARACTER_SET_CLIENT=@OLD_CHARACTER_SET_CLIENT */;                                                                     
/*!40101 SET CHARACTER_SET_RESULTS=@OLD_CHARACTER_SET_RESULTS */;                                                                   
/*!40101 SET COLLATION_CONNECTION=@OLD_COLLATION_CONNECTION */;                                                                     
/*!40111 SET SQL_NOTES=@OLD_SQL_NOTES */;                                                                                           
                                                                                                                                    
-- Dump completed on 2016-11-05 17:12:55                                                                                            
