/*                                                                                                                                  
SQLyog Community v11.28 (64 bit)                                                                                                    
MySQL - 5.6.27 : Database - curated_new_om                                                                                          
*********************************************************************                                                               
*/                                                                                                                                 
                                                                                                                                    
/*!40101 SET NAMES utf8 */;                                                                                                         
                                                                                                                                    
/*!40101 SET SQL_MODE=''*/;                                                                                                         
                                                                                                                                    
/*!40014 SET @OLD_UNIQUE_CHECKS=@@UNIQUE_CHECKS, UNIQUE_CHECKS=0 */;                                                                
/*!40014 SET @OLD_FOREIGN_KEY_CHECKS=@@FOREIGN_KEY_CHECKS, FOREIGN_KEY_CHECKS=0 */;                                                 
/*!40101 SET @OLD_SQL_MODE=@@SQL_MODE, SQL_MODE='NO_AUTO_VALUE_ON_ZERO' */;                                                         
/*!40111 SET @OLD_SQL_NOTES=@@SQL_NOTES, SQL_NOTES=0 */;                                                                            
/*Data for the table `project` */                                                                                                   
                                                                                                                                    
insert  into `project`(`project_id`,`name`,`description`,`program_uuid`) values
(1000,'Templates','Templates',NULL),
(1001,'Nursery Template','Nursery Template for Chickpea',NULL),
(1002,'Nursery Template-ENVIRONMENT','Nursery Template-ENVIRONMENT',NULL),
(1003,'Nursery Template-PLOTDATA','Nursery Template-PLOTDATA',NULL),
(1004,'Trial Template','Trial template for Chickpea',NULL),
(1005,'Trial Template-ENVIRONMENT','Trial Template-ENVIRONMENT',NULL),
(1006,'Trial Template-PLOTDATA','Trial Template-PLOTDATA',NULL);
                                                                                                                                    
/*Data for the table `project_relationship` */                                                                                      
                                                                                                                                    
insert  into `project_relationship`(`project_relationship_id`,`subject_project_id`,`object_project_id`,`type_id`) values
(1000,1000,1,1140),
(1001,1001,1000,1145),
(1002,1002,1001,1150),
(1003,1003,1001,1150),
(1004,1004,1000,1145),
(1005,1005,1004,1150),
(1006,1006,1004,1150);
                                                                                                                                    
/*Data for the table `projectprop` */                                                                                               
                                                                                                                                    
insert  into `projectprop`(`projectprop_id`,`project_id`,`type_id`,`value`,`rank`) values
(1004,1001,1805,'PI_NAME_ID',3),
(1005,1001,1060,'Principal investigator - assigned (DBID)',3),
(1006,1001,1070,'8110',3),
(1007,1001,1805,'STUDY_NAME',4),
(1008,1001,1060,'Study - assigned (DBCV)',4),
(1009,1001,1070,'8005',4),
(1010,1001,1805,'STUDY_TITLE',5),
(1011,1001,1060,'Study title - assigned (text)',5),
(1012,1001,1070,'8007',5),
(1013,1001,1805,'START_DATE',6),
(1014,1001,1060,'Start date - assigned (date)',6),
(1015,1001,1070,'8050',6),
(1016,1001,1805,'STUDY_OBJECTIVE',7),
(1017,1001,1060,'Objective - described (text)',7),
(1018,1001,1070,'8030',7),
(1019,1001,1805,'END_DATE',8),
(1020,1001,1060,'End date - assigned (date)',8),
(1021,1001,1070,'8060',8),
(1022,1001,1805,'Study_UID',9),
(1023,1001,1060,'ID of the user entering the study data - assigned (DBID)',9),
(1024,1001,1070,'8020',9),
(1025,1001,1805,'STUDY_UPDATE',10),
(1026,1001,1060,'Date the study was last updated - assigned (YYYYMMDD)',10),
(1027,1001,1070,'8009',10),
(1028,1001,1805,'STUDY_BMETH',11),
(1029,1001,1060,'Breeding method applied to all plots (DBCV)',11),
(1030,1001,1070,'8256',11),
(1031,1001,1805,'PI_NAME',12),
(1032,1001,1060,'Principal investigator - assigned (DBCV)',12),
(1033,1001,1070,'8100',12),
(1034,1001,1806,'TRIAL_INSTANCE',13),
(1035,1001,1060,'TRIAL_INSTANCE',13),
(1036,1001,1070,'8170',13),
(1037,1001,1805,'STUDY_TYPE',1),
(1038,1001,1060,'Study type',1),
(1039,1001,1070,'8070',1),
(1040,1001,8070,'10000',1),
(1041,1001,8251,NULL,2),
(1042,1001,8110,NULL,3),
(1043,1001,8050,'20140812',6),
(1044,1001,8030,NULL,7),
(1045,1001,8060,NULL,8),
(1046,1001,8020,'-1',9),
(1047,1001,8009,'20140814',10),
(1048,1001,8256,NULL,11),
(1049,1001,8100,NULL,12),
(1050,1002,1806,'LOCATION_NAME_ID',4),
(1051,1002,1060,'Location - selected (DBID)',4),
(1052,1002,1070,'8190',4),
(1053,1002,1806,'LOCATION_NAME',5),
(1054,1002,1060,'Location - selected (DBCV)',5),
(1055,1002,1070,'8180',5),
(1056,1002,1806,'TRIAL_INSTANCE',6),
(1057,1002,1060,'TRIAL_INSTANCE',6),
(1058,1002,1070,'8170',6),
(1059,1002,1805,'DATASET_NAME',1),
(1060,1002,1060,'Dataset name',1),
(1061,1002,1070,'8150',1),
(1062,1002,1805,'DATASET_TITLE',2),
(1063,1002,1060,'Dataset title',2),
(1064,1002,1070,'8155',2),
(1065,1002,1805,'DATASET_TYPE',3),
(1066,1002,1060,'Dataset type',3),
(1067,1002,1070,'8160',3),
(1068,1002,8160,'10080',3),
(1069,1003,1806,'LOCATION_NAME_ID',4),
(1070,1003,1060,'Location - selected (DBID)',4),
(1071,1003,1070,'8190',4),
(1072,1003,1806,'LOCATION_NAME',5),
(1073,1003,1060,'Location - selected (DBCV)',5),
(1074,1003,1070,'8180',5),
(1075,1003,1806,'TRIAL_INSTANCE',6),
(1076,1003,1060,'TRIAL_INSTANCE',6),
(1077,1003,1070,'8170',6),
(1078,1003,1805,'DATASET_NAME',1),
(1079,1003,1060,'Dataset name',1),
(1080,1003,1070,'8150',1),
(1081,1003,1805,'DATASET_TITLE',2),
(1082,1003,1060,'Dataset title',2),
(1083,1003,1070,'8155',2),
(1084,1003,1805,'DATASET_TYPE',3),
(1085,1003,1060,'Dataset type',3),
(1086,1003,1070,'8160',3),
(1087,1003,1804,'ENTRY_NO',7),
(1088,1003,1060,'Germplasm entry - enumerated (number)',7),
(1089,1003,1070,'8230',7),
(1090,1003,1804,'DESIGNATION',8),
(1091,1003,1060,'Germplasm identifier - assigned (DBCV)',8),
(1092,1003,1070,'8250',8),
(1093,1003,1804,'CROSS',9),
(1094,1003,1060,'The pedigree string of the germplasm',9),
(1095,1003,1070,'8377',9),
(1096,1003,1804,'GID',10),
(1097,1003,1060,'Germplasm identifier - assigned (DBID)',10),
(1098,1003,1070,'8240',10),
(1099,1003,1810,'PLOT_NO',11),
(1100,1003,1060,'Field plot - enumerated (number)',11),
(1101,1003,1070,'8200',11),
(1102,1003,1804,'SOURCE',12),
(1103,1003,1060,'The seed source of the germplasm - selected (Name)',12),
(1104,1003,1070,'8378',12),
(1105,1003,1808,'TimeFlw_50Count_day',13),
(1106,1003,1060,'Time to flowering -BY- Days to 50% flowering - Method -IN- day',13),
(1107,1003,1070,'22798',13),
(1108,1003,1808,'TimMat_Count_day',14),
(1109,1003,1060,'Time to maturity -BY- Days to maturity - Method -IN- day',14),
(1110,1003,1070,'22799',14),
(1111,1003,1808,'GRV_Est_1to3',15),
(1112,1003,1060,'Growth vigor -BY- Early growth vigor - Method -IN- Growth vigor category',15),
(1113,1003,1070,'22801',15),
(1120,1003,1808,'PLWTH_Av_cm',18),
(1121,1003,1060,'Plant width -BY- Plant width - Method -IN- cm',18),
(1122,1003,1070,'22815',18),
(1123,1003,1808,'SDNPL_Count_SdPlnt',19),
(1124,1003,1060,'Seed per plant -BY- Seed per plant - Method -IN- seeds/plant',19),
(1125,1003,1070,'22824',19),
(1126,1003,1808,'SY_Meas_gPlot',20),
(1127,1003,1060,'Seed yield -BY- Seed yield per plot- Method -IN- g/plot',20),
(1128,1003,1070,'22832',20),
(1129,1003,1808,'NOTES',21),
(1130,1003,1060,'Field notes - observed (text)',21),
(1131,1003,1070,'8390',21),
(1132,1003,1807,'NPSEL',22),
(1133,1003,1060,'Number of plants selected - counted (number)',22),
(1134,1003,1070,'8263',22),
(1135,1003,8160,'10090',3),
(1136,1004,1805,'STUDY_NAME',2),
(1137,1004,1060,'Study - assigned (DBCV)',2),
(1138,1004,1070,'8005',2),
(1139,1004,1805,'STUDY_TITLE',3),
(1140,1004,1060,'Study title - assigned (text)',3),
(1141,1004,1070,'8007',3),
(1142,1004,1805,'STUDY_OBJECTIVE',4),
(1143,1004,1060,'Objective - described (text)',4),
(1144,1004,1070,'8030',4),
(1145,1004,1805,'START_DATE',5),
(1146,1004,1060,'Start date - assigned (date)',5),
(1147,1004,1070,'8050',5),
(1148,1004,1805,'END_DATE',6),
(1149,1004,1060,'End date - assigned (date)',6),
(1150,1004,1070,'8060',6),
(1151,1004,1805,'STUDY_UID',7),
(1152,1004,1060,'ID of the user entering thestudy data - assigned (DBID)',7),
(1153,1004,1070,'8020',7),
(1154,1004,1805,'PI_NAME_ID',8),
(1155,1004,1060,'Principal investigator - assigned (DBID)',8),
(1156,1004,1070,'8110',8),
(1157,1004,1805,'PI_NAME',9),
(1158,1004,1060,'Principal investigator - assigned (DBCV)',9),
(1159,1004,1070,'8100',9),
(1160,1004,1805,'STUDY_TYPE',1),
(1161,1004,1060,'Study type',1),
(1162,1004,1070,'8070',1),
(1163,1004,8070,'10010',1),
(1164,1004,8030,NULL,4),
(1165,1004,8050,'20140814',5),
(1166,1004,8060,NULL,6),
(1167,1004,8020,'-1',7),
(1168,1004,8110,'0',8),
(1169,1004,8100,NULL,9),
(1170,1005,1806,'TRIAL_INSTANCE',4),
(1171,1005,1060,'Trial instance - enumerated (number)',4),
(1172,1005,1070,'8170',4),
(1173,1005,1802,'SITE_SOIL_PH',5),
(1174,1005,1060,'Soil acidity - ph meter (pH)',5),
(1175,1005,1070,'8270',5),
(1176,1005,1805,'DATASET_NAME',1),
(1177,1005,1060,'Dataset name',1),
(1178,1005,1070,'8150',1),
(1179,1005,1805,'DATASET_TITLE',2),
(1180,1005,1060,'Dataset title',2),
(1181,1005,1070,'8155',2),
(1182,1005,1805,'DATASET_TYPE',3),
(1183,1005,1060,'Dataset type',3),
(1184,1005,1070,'8160',3),
(1185,1005,8160,'10080',3),
(1186,1006,1806,'TRIAL_INSTANCE',4),
(1187,1006,1060,'Trial instance - enumerated (number)',4),
(1188,1006,1070,'8170',4),
(1189,1006,1802,'SITE_SOIL_PH',5),
(1190,1006,1060,'Soil acidity - ph meter (pH)',5),
(1191,1006,1070,'8270',5),
(1192,1006,1805,'DATASET_NAME',1),
(1193,1006,1060,'Dataset name',1),
(1194,1006,1070,'8150',1),
(1195,1006,1805,'DATASET_TITLE',2),
(1196,1006,1060,'Dataset title',2),
(1197,1006,1070,'8155',2),
(1198,1006,1805,'DATASET_TYPE',3),
(1199,1006,1060,'Dataset type',3),
(1200,1006,1070,'8160',3),
(1201,1006,1804,'ENTRY_TYPE',6),
(1202,1006,1060,'Entry type (test/check)- assigned (type)',6),
(1203,1006,1070,'8255',6),
(1204,1006,1804,'GID',7),
(1205,1006,1060,'Germplasm identifier - assigned (DBID)',7),
(1206,1006,1070,'8240',7),
(1207,1006,1804,'DESIGNATION',8),
(1208,1006,1060,'Germplasm identifier - assigned (DBCV)',8),
(1209,1006,1070,'8250',8),
(1210,1006,1804,'ENTRY_NO',9),
(1211,1006,1060,'Germplasm entry - enumerated (number)',9),
(1212,1006,1070,'8230',9),
(1213,1006,1804,'CROSS',10),
(1214,1006,1060,'The pedigree string of the germplasm',10),
(1215,1006,1070,'8377',10),
(1216,1006,1804,'SOURCE',11),
(1217,1006,1060,'The seed source of the germplasm - selected (Name)',11),
(1218,1006,1070,'8378',11),
(1219,1006,1804,'ENTRY_CODE',12),
(1220,1006,1060,'Germplasm ID - Assigned (Code)',12),
(1221,1006,1070,'8300',12),
(1222,1006,8160,'10090',3),
(1223,1005,1806,'LOCATION_NAME',6),
(1224,1005,1060,'Location - selected (DBCV)',6),
(1225,1005,1070,'8180',6),
(1226,1006,1806,'LOCATION_ID',13),
(1227,1006,1060,'Location - selected(DBID)',13),
(1228,1006,1070,'8190',13),
(1229,1005,1806,'LOCATION_ID',7),
(1230,1005,1060,'Location - selected (DBID)',7),
(1231,1005,1070,'8190',7),
(1232,1006,1806,'LOCATION_NAME',14),
(1233,1006,1060,'Location - selected (DBCV)',14),
(1234,1006,1070,'8180',14),
(1235,1006,1808,'ASBR_Av_brnch',15),
(1236,1006,1060,'Apical secondary branches number per plant -BY- Apical secondary branches number - Method -IN- branches',15),
(1237,1006,1070,'22787',15),
(1238,1006,1808,'BGMR_Est_1to9',16),
(1239,1006,1060,'Botrytis grey mold resistance -BY- Botrytis grey mold resistance - Method -IN- Disease resistance scale',16),
(1240,1006,1070,'22788',16),
(1241,1006,1808,'BPBR_Av_brnch',17),
(1242,1006,1060,'Basal primary branches number per plant -BY- Basal primary branches number - Method -IN- branches',17),
(1243,1006,1070,'22789',17),
(1244,1006,1808,'BYPL_Wgh_gPlnt',18),
(1245,1006,1060,'Biomass yield per plant -BY- Biomass yieldper plant - Method -IN- g/plant',18),
(1246,1006,1070,'22790',18),
(1247,1006,1808,'BY_Meas_gPlot',19),
(1248,1006,1060,'Biomass yield-BY- Biomass yield per plot - Method -IN- g/plot',19),
(1249,1006,1070,'22782',19),
(1250,1006,1808,'CH_Comp_cm',20),
(1251,1006,1060,'Canopyheight -BY- Canopy height - Method -IN- cm',20),
(1252,1006,1070,'22792',20),
(1253,1006,1808,'COLRR_Comp_pct',21),
(1254,1006,1060,'Collar rot resistance -BY- Collar rot resistance - Method -IN- %',21),
(1255,1006,1070,'22793',21),
(1256,1006,1808,'CT_Comp_idx',22),
(1257,1006,1060,'Cold tolerance -BY- Cold tolerance - Method -IN- index',22),
(1258,1006,1070,'22794',22),
(1259,1006,1808,'CYSNR_Est_1to9',23),
(1260,1006,1060,'Cyst nematode resistance -BY- Cyst nematode resistance - Method -IN- Disease resistance scale',23),
(1261,1006,1070,'22795',23),
(1262,1006,1808,'TimeFlw_1stCount_day',24),
(1263,1006,1060,'Time to flowering -BY- Days to first flower - Method -IN- day',24),
(1264,1006,1070,'22796',24),
(1265,1006,1808,'DFPD_Count_day',25),
(1266,1006,1060,'Time to pod formation -BY- Days tofirst pod formation - Method -IN- day',25),
(1267,1006,1070,'22797',25),
(1268,1006,1808,'TimeFlw_50Count_day',26),
(1269,1006,1060,'Time to flowering -BY- Days to 50% flowering - Method -IN- day',26),
(1270,1006,1070,'22798',26),
(1271,1006,1808,'TimMat_Count_day',27),
(1272,1006,1060,'Time to maturity -BY- Days to maturity - Method -IN- day',27),
(1273,1006,1070,'22799',27),
(1274,1006,1808,'DRRR_Comp_pct',28),
(1275,1006,1060,'Dry root rot resistance -BY- Dry root rot resistance - Method -IN- %',28),
(1276,1006,1070,'22800',28),
(1277,1006,1808,'GRV_Est_1to3',29),
(1278,1006,1060,'Growth vigor -BY- Early growth vigor - Method -IN- Growth vigor category',29),
(1279,1006,1070,'22801',29),
(1280,1006,1808,'FLCOL_Est_1to5',30),
(1281,1006,1060,'Flower color -BY- Flower color - Method -IN- Flower color category',30),
(1282,1006,1070,'22802',30),
(1283,1006,1808,'FLD_Count_cm',31),
(1284,1006,1060,'Flowering duration -BY- Flowering duration - Method -IN- day',31),
(1285,1006,1070,'22803',31),
(1286,1006,1808,'FLPED_Count_1to3',32),
(1287,1006,1060,'Number of flowers per peduncle -BY- Number of flowers per peduncle - Method -IN- Flowering type',32),
(1288,1006,1070,'22804',32),
(1289,1006,1808,'FWR_Comp_pct',33),
(1290,1006,1060,'Fusarium wilt resistance -BY- Fusarium wilt resistance - Method -IN- %',33),
(1291,1006,1070,'22805',33),
(1292,1006,1808,'GRH_Est_1to5',34),
(1293,1006,1060,'Growth habit -BY- Growth habit - Method -IN- Type of growth habit categories',34),
(1294,1006,1070,'22806',34),
(1301,1006,1808,'LMR_Est_1to9',37),
(1302,1006,1060,'Leaf miner resistance -BY- Leaf miner resistance - Method -IN- Disease resistance scale',37),
(1303,1006,1070,'22808',37),
(1304,1006,1808,'NPDPL_Av_podPlnt',38),
(1305,1006,1060,'No. offertile pods per plant -BY- No. of fertile pods per plant - Method -IN- fertile pods/plant',38),
(1306,1006,1070,'22809',38),
(1307,1006,1808,'PBR_Comp_pct',39),
(1308,1006,1060,'Pod borer resistance -BY- Pod borer resistance - Method -IN- %',39),
(1309,1006,1070,'22810',39),
(1310,1006,1808,'PDPL_Comp_PodPlnt',40),
(1311,1006,1060,'Pods per plant -BY- Pods per plant - Method -IN- pods/plant',40),
(1312,1006,1070,'22811',40),
(1316,1006,1808,'PLSTD_Count_PlntPlot',42),
(1317,1006,1060,'Plant stand -BY- Plant stand - Method -IN- plants/plot',42),
(1318,1006,1070,'22813',42),
(1319,1006,1808,'PLPIG_Est_1to3',43),
(1320,1006,1060,'Plant pigmentation -BY- Plant pigmentation - Method -IN- Plant pigmentation category',43),
(1321,1006,1070,'22814',43),
(1322,1006,1808,'PLWTH_Av_cm',44),
(1323,1006,1060,'Plant width -BY- Plant width - Method -IN- cm',44),
(1324,1006,1070,'22815',44),
(1325,1006,1808,'PRT_Meas_pct',45),
(1326,1006,1060,'Seed protein content -BY- Protein % - Method -IN- %',45),
(1327,1006,1070,'22816',45),
(1328,1006,1808,'RDp_Meas_cm',46),
(1329,1006,1060,'Rooting depth -BY- Rooting depth - Method -IN- cm',46),
(1330,1006,1070,'22817',46),
(1331,1006,1808,'RL_Comp_cm',47),
(1332,1006,1060,'Root length -BY- Root length - Method -IN- cm',47),
(1333,1006,1070,'22818',47),
(1334,1006,1808,'RTKNR_Est_1to9',48),
(1335,1006,1060,'Root knot nematode resistance -BY- Root knot nematode resistance - Method -IN- Disease resistance scale',48),
(1336,1006,1070,'22819',48),
(1337,1006,1808,'RTWT_Wgh_g',49),
(1338,1006,1060,'Root dry weight -BY- Root dry weight - Method -IN- g',49),
(1339,1006,1070,'22820',49),
(1340,1006,1808,'SALT_Comp_idx',50),
(1341,1006,1060,'Salinity tolerance -BY- Salinity tolerance - Method -IN-index',50),
(1342,1006,1070,'22821',50),
(1343,1006,1808,'SDCOL_Est_1to21',51),
(1344,1006,1060,'Seed color -BY- Seed color - Method -IN- Seed color category',51),
(1345,1006,1070,'22822',51),
(1346,1006,1808,'SDDIA_Meas_mm',52),
(1347,1006,1060,'Seed diameter -BY- Seed diameter - Method -IN- mm',52),
(1348,1006,1070,'22823',52),
(1349,1006,1808,'SDNPL_Count_SdPlnt',53),
(1350,1006,1060,'Seed per plant -BY- Seed per plant - Method -IN- seeds/plant',53),
(1351,1006,1070,'22824',53),
(1352,1006,1808,'SDPD_Comp_sdpod',54),
(1353,1006,1060,'Seedsper pod -BY- Seeds per pod - Method -IN- seeds/pod',54),
(1354,1006,1070,'22825',54),
(1355,1006,1808,'SDSHP_Est_1to3',55),
(1356,1006,1060,'Seed shape -BY- Seed shape - Method -IN- Type of seed shape',55),
(1357,1006,1070,'22826',55),
(1358,1006,1808,'SDSRF_Est_1to3',56),
(1359,1006,1060,'Seed surface -BY- Seed surface - Method -IN- Surface categories',56),
(1360,1006,1070,'22827',56),
(1361,1006,1808,'SDWT_100Wgh_g',57),
(1362,1006,1060,'Seed weight -BY- 100-seed weight - Method -IN- g',57),
(1363,1006,1070,'22783',57),
(1364,1006,1808,'SHWT_Wgh_g',58),
(1365,1006,1060,'Shoot dry weight -BY- Shoot dry weight - Method -IN- g',58),
(1366,1006,1070,'22829',58),
(1367,1006,1808,'SY_Comp_kgha',59),
(1368,1006,1060,'Seed yield -BY- Seed yield - Method -IN- kg/ha',59),
(1369,1006,1070,'22830',59),
(1370,1006,1808,'SYPL_Av_g',60),
(1371,1006,1060,'Seed yield per plant -BY- Seed yield per plant - Method -IN- g',60),
(1372,1006,1070,'22831',60),
(1373,1006,1808,'SY_Meas_gPlot',61),
(1374,1006,1060,'Seed yield -BY- Seed yield per plot - Method -IN- g/plot',61),
(1375,1006,1070,'22832',61),
(1376,1006,1808,'VGRP_Est_1to3',62),
(1377,1006,1060,'Variety group -BY- Variety group - Method -IN- variety group scale',62),
(1378,1006,1070,'22833',62),
(1379,1006,1808,'VRLR_Est_1to9',63),
(1380,1006,1060,'Viral (stunt) resistance -BY- Viral (stunt) resistance - Method -IN- Disease resistance scale',63),
(1381,1006,1070,'22834',63),
(1382,1006,1808,'NOTES',64),
(1383,1006,1060,'Field notes - observed (text)',64),
(1384,1006,1070,'8390',64),
(1385,1005,1806,'COOPERATOR_ID_ID',8),
(1386,1005,1060,'COOPERATOR ID-Assigned (DBID)',8),
(1387,1005,1070,'8372',8),
(1388,1006,1806,'COOPERATOR_ID_ID',65),
(1389,1006,1060,'COOPERATOR ID -Assigned (DBID)',65),
(1390,1006,1070,'8372',65),
(1391,1005,1806,'COOPERATOR_ID',9),
(1392,1005,1060,'COOPERATOR NAME',9),
(1393,1005,1070,'8373',9),
(1394,1006,1806,'COOPERATOR_ID',66),
(1395,1006,1060,'COOPERATOR NAME',66),
(1396,1006,1070,'8373',66),
(1397,1006,1060,'Field plot id - assigned (text)',67),
(1398,1006,1070,'8201',67),
(1399,1006,1804,'PLOT_ID',67),
(1400,1003,1060,'Field plot id - assigned (text)',23),
(1401,1003,1070,'8201',23),
(1402,1003,1804,'PLOT_ID',23);
                                                                                                                                    
/*!40101 SET SQL_MODE=@OLD_SQL_MODE */;                                                                                             
/*!40014 SET FOREIGN_KEY_CHECKS=@OLD_FOREIGN_KEY_CHECKS */;                                                                         
/*!40014 SET UNIQUE_CHECKS=@OLD_UNIQUE_CHECKS */;                                                                                   
/*!40111 SET SQL_NOTES=@OLD_SQL_NOTES */;                                                                                           
