/*                                                                                                                                  
SQLyog Community v11.28 (64 bit)                                                                                                    
MySQL - 5.6.27 : Database - curated_new_om                                                                                          
*********************************************************************                                                               
*/                                                                                                                                 
                                                                                                                                    
/*!40101 SET NAMES utf8 */;                                                                                                         
                                                                                                                                    
/*!40101 SET SQL_MODE=''*/;                                                                                                         
                                                                                                                                    
/*!40014 SET @OLD_UNIQUE_CHECKS=@@UNIQUE_CHECKS, UNIQUE_CHECKS=0 */;                                                                
/*!40014 SET @OLD_FOREIGN_KEY_CHECKS=@@FOREIGN_KEY_CHECKS, FOREIGN_KEY_CHECKS=0 */;                                                 
/*!40101 SET @OLD_SQL_MODE=@@SQL_MODE, SQL_MODE='NO_AUTO_VALUE_ON_ZERO' */;                                                         
/*!40111 SET @OLD_SQL_NOTES=@@SQL_NOTES, SQL_NOTES=0 */;                                                                            
/*Data for the table `project` */                                                                                                   
                                                                                                                                    
insert  into `project`(`project_id`,`name`,`description`,`program_uuid`) values
(10100,'Templates','Trial and Nursery Templates',NULL),
(10101,'Basic Trial Template','Basic Trial Template',NULL),
(10102,'Basic Trial Template-ENVIRONMENT','ENVIRONMENT_Basic Trial Template',NULL),
(10103,'Basic Trial Template-PLOTDATA','MEASUREMENT EFFECT_Basic Trial Template',NULL),
(10104,'Basic Nursery Template','Basic Nursery Template',NULL),
(10105,'Basic Nursery Template-ENVIRONMENT','ENVIRONMENT_Basic Nursery Template',NULL),
(10106,'BasicNursery Template-PLOTDATA','MEASUREMENT EFFECT_Basic Nursery Template',NULL);
                                                                                                                                    
/*Data for the table `project_relationship` */                                                                                      
                                                                                                                                    
insert  into `project_relationship`(`project_relationship_id`,`subject_project_id`,`object_project_id`,`type_id`) values
(10400,10100,1,1140),
(10401,10101,10100,1145),
(10402,10102,10101,1150),
(10403,10103,10101,1150),
(10404,10104,10100,1145),
(10405,10105,10104,1150),
(10406,10106,10104,1150);
                                                                                                                                    
/*Data for the table `projectprop` */                                                                                               
                                                                                                                                    
insert  into `projectprop`(`projectprop_id`,`project_id`,`type_id`,`value`,`rank`) values
(517800,10106,8160,'10090',3),
(517801,10106,1070,'8263',17),
(517802,10106,1060,'Number of plants selected - counted (number)',17),
(517803,10106,1807,'NPSEL',17),
(517804,10106,1070,'8390',16),
(517805,10106,1060,'Field notes - observed (text)',16),
(517806,10106,1808,'NOTES',16),
(517807,10106,1070,'20963',15),
(517808,10106,1060,'Phenotypic Acceptability -BY- Phenotypic acceptability estimation -IN- Phenotypic acceptability scale',15),
(517809,10106,1808,'PhenAcc_Est_1to9',15),
(517813,10106,1070,'22564',13),
(517814,10106,1060,'Plant height -BY- Plant height measure -IN- cm',13),
(517815,10106,1808,'PlntHt_Av_cm',13),
(517816,10106,1070,'22545',12),
(517817,10106,1060,'Yield -BY- Yield measurement -IN- kg/ha',12),
(517818,10106,1808,'GrYld_Comp_kgha',12),
(517819,10106,1070,'8255',11),
(517820,10106,1060,'Entry type (test/check)- assigned (type)',11),
(517821,10106,1804,'ENTRY_TYPE',11),
(517822,10106,1070,'8200',10),
(517823,10106,1060,'Field plot - enumerated (number)',10),
(517824,10106,1810,'PLOT_NO',10),
(517825,10106,1070,'8378',9),
(517826,10106,1060,'The seed source of the germplasm - selected (Name)',9),
(517827,10106,1804,'SOURCE',9),
(517828,10106,1070,'8377',8),
(517829,10106,1060,'The pedigree string of the germplasm',8),
(517830,10106,1804,'CROSS',8),
(517831,10106,1070,'8240',7),
(517832,10106,1060,'Germplasm identifier - assigned (DBID)',7),
(517833,10106,1804,'GID',7),
(517834,10106,1070,'8250',6),
(517835,10106,1060,'Germplasm identifier - assigned (DBCV)',6),
(517836,10106,1804,'DESIGNATION',6),
(517837,10106,1070,'8230',5),
(517838,10106,1060,'Germplasm entry - enumerated (number)',5),
(517839,10106,1804,'ENTRY_NO',5),
(517840,10106,1070,'8160',3),
(517841,10106,1060,'Dataset type -assigned (type)',3),
(517842,10106,1805,'DATASET_TYPE',3),
(517843,10106,1070,'8155',2),
(517844,10106,1060,'Dataset title - assigned (Text)',2),
(517845,10106,1805,'DATASET_TITLE',2),
(517846,10106,1070,'8150',1),
(517847,10106,1060,'Dataset name - assigned (DBCV)',1),
(517848,10106,1805,'DATASET_NAME',1),
(517849,10106,1070,'8170',4),
(517850,10106,1060,'Trial instance - enumerated (number)',4),
(517851,10106,1806,'TRIAL_INSTANCE',4),
(517852,10105,8160,'10080',3),
(517853,10105,1070,'8160',3),
(517854,10105,1060,'Dataset type -assigned (type)',3),
(517855,10105,1805,'DATASET_TYPE',3),
(517856,10105,1070,'8155',2),
(517857,10105,1060,'Dataset title - assigned (Text)',2),
(517858,10105,1805,'DATASET_TITLE',2),
(517859,10105,1070,'8150',1),
(517860,10105,1060,'Dataset name - assigned (DBCV)',1),
(517861,10105,1805,'DATASET_NAME',1),
(517862,10105,1070,'8170',4),
(517863,10105,1060,'Trial instance - enumerated (number)',4),
(517864,10105,1806,'TRIAL_INSTANCE',4),
(517865,10104,8060,'0',6),
(517866,10104,8050,'0',5),
(517867,10104,8070,'10000',4),
(517868,10104,8030,'Nursery Objective',3),
(517869,10104,1070,'8060',6),
(517870,10104,1060,'End date - assigned (date)',6),
(517871,10104,1805,'END_DATE',6),
(517872,10104,1070,'8050',5),
(517873,10104,1060,'Start date - assigned (date)',5),
(517874,10104,1805,'START_DATE',5),
(517875,10104,1070,'8070',4),
(517876,10104,1060,'Study type - assigned (type)',4),
(517877,10104,1805,'STUDY_TYPE',4),
(517878,10104,1070,'8030',3),
(517879,10104,1060,'Objective - described (text)',3),
(517880,10104,1805,'STUDY_OBJECTIVE',3),
(517881,10104,1070,'8007',2),
(517882,10104,1060,'Study title - assigned (text)',2),
(517883,10104,1805,'STUDY_TITLE',2),
(517884,10104,1070,'8005',1),
(517885,10104,1060,'Study - assigned (DBCV)',1),
(517886,10104,1805,'STUDY_NAME',1),
(517887,10104,1070,'8170',7),
(517888,10104,1060,'Trial instance - enumerated (number)',7),
(517889,10104,1806,'TRIAL_INSTANCE',7),
(517890,10103,8160,'10090',3),
(517891,10103,1070,'8390',62),
(517892,10103,1060,'Field notes - observed (text)',62),
(517893,10103,1808,'NOTES',62),
(517900,10103,1070,'27367',59),
(517901,10103,1060,'Tillering -BY- Average number of tillers -IN- Tillering scale',59),
(517902,10103,1808,'TillNo_Comp_1to9',59),
(517906,10103,1070,'20834',57),
(517907,10103,1060,'Submergence tolerance -BY- Submergence relative survival assessment -IN- Submergence relative survival scale',57),
(517908,10103,1808,'SubTol_GHEst_1to9',57),
(517912,10103,1070,'20820',55),
(517913,10103,1060,'Plant vigor -BY- Seedling vigor -IN-Seedling vigor scale',55),
(517914,10103,1808,'PlntVg_SdEst_1to9',55),
(517921,10103,1070,'22003',52),
(517922,10103,1060,'Plant vigor-BY- Vegetative vigor -IN- Vegetative vigor scale',52),
(517923,10103,1808,'PlntVg_VegEst_1to9',52),
(517939,10103,1070,'20819',46),
(517940,10103,1060,'Lodging incidence -BY- Lodging incidence % -IN- % of plants that lodged',46),
(517941,10103,1808,'LodInc_Meas_pct',46),
(517948,10103,1070,'21742',43),
(517949,10103,1060,'Head rice -BY- Head rice proportion -IN- Percent',43),
(517950,10103,1808,'HdR_Comp_Perc',43),
(517954,10103,1070,'27342',41),
(517955,10103,1060,'Grain width -BY- Grain width UPOV estimation -IN- Grain width UPOV scale',41),
(517956,10103,1808,'GrWdt_Meas_1to7',41),
(517966,10103,1070,'21993',37),
(517967,10103,1060,'Caryopsis shape -BY- Caryopsis length:width ratio SES -IN- Caryopsis length/width ratio scale SES',37),
(517968,10103,1808,'CaryoShp_Comp_1to9',37),
(517972,10103,1070,'20826',35),
(517973,10103,1060,'Grain length -BY- Grain length UPOV -IN- Grain length score',35),
(517974,10103,1808,'GrLng_Meas_1to7',35),
(517978,10103,1070,'27332',33),
(517979,10103,1060,'Gelatinization temperature -BY- Alkali digestion estimation -IN- Alkali digestion scale',33),
(517980,10103,1808,'GelTemp_Alkd_1to7',33),
(517981,10103,1070,'21990',32),
(517982,10103,1060,'Gel consistency -BY- Gel consistency lab measurement -IN- Gel consistency scale',32),
(517983,10103,1808,'GelC_Meas_1to5',32),
(517993,10103,1070,'21744',28),
(517994,10103,1060,'Drought injury -BY- Drought estimation leaf drying -IN- Drought scale leaf drying',28),
(517995,10103,1808,'DhtInj_EstDry_0to9',28),
(518005,10103,1070,'20868',24),
(518006,10103,1060,'Flowering date -BY- First heading date observation-IN- ISO Date (yyyy-mm-dd)',24),
(518007,10103,1808,'FlwDate_1stFlw_Date',24),
(518011,10103,1070,'21984',22),
(518012,10103,1060,'Culm strength -BY- Culm strength estimation - SES -IN- Culm strength scale SES',22),
(518013,10103,1808,'CulmStr_EstSES_1to9',22),
(518014,10103,1070,'21757',21),
(518015,10103,1060,'Culm length -BY- Average culm length -IN- cm',21),
(518016,10103,1808,'CulmLng_Av_cm',21),
(518017,10103,1070,'21762',20),
(518018,10103,1060,'Culm diameter -BY- Average culm diameter - cultivated species -IN- mm',20),
(518019,10103,1808,'CulmDiam_CultAv_mm',20),
(518020,10103,1070,'22768',19),
(518021,10103,1060,'Chalkiness of endosperm -BY- Chalkiness Cervitec assessment -IN- Cervitec reading',19),
(518022,10103,1808,'Clk_Cerv_cerv',19),
(518023,10103,1070,'21982',18),
(518024,10103,1060,'Awn presence -BY- Awn presence -IN- Awn presence scale UPOV',18),
(518025,10103,1808,'AwPres_Est_0to9',18),
(518029,10103,1070,'21735',16),
(518030,10103,1060,'Amylose content -BY- Amylose content -IN- Percent',16),
(518031,10103,1808,'AmyCt_Meas_Pct',16),
(518032,10103,1070,'21734',15),
(518033,10103,1060,'Grain weight -BY- 100 grain weight measurement -IN- g',15),
(518034,10103,1808,'GrnWt_100Wgh_g',15),
(518038,10103,1070,'8221',13),
(518039,10103,1060,'Sub-block or incomplete block in a field design - assigned (number)',13),
(518040,10103,1810,'BLOCK',13),
(518041,10103,1070,'8210',12),
(518042,10103,1060,'Replication - assigned (number)',12),
(518043,10103,1810,'REP',12),
(518044,10103,1070,'8200',11),
(518045,10103,1060,'Field plot - enumerated (number)',11),
(518046,10103,1810,'PLOT_NO',11),
(518047,10103,1070,'8300',10),
(518048,10103,1060,'Germplasm ID - Assigned (Code)',10),
(518049,10103,1804,'ENTRY_CODE',10),
(518050,10103,1070,'8378',9),
(518051,10103,1060,'The seed source of the germplasm - selected (Name)',9),
(518052,10103,1804,'SOURCE',9),
(518053,10103,1070,'8377',8),
(518054,10103,1060,'The pedigree string of the germplasm',8),
(518055,10103,1804,'CROSS',8),
(518056,10103,1070,'8240',7),
(518057,10103,1060,'Germplasm identifier - assigned (DBID)',7),
(518058,10103,1804,'GID',7),
(518059,10103,1070,'8250',6),
(518060,10103,1060,'Germplasm identifier - assigned (DBCV)',6),
(518061,10103,1804,'DESIGNATION',6),
(518062,10103,1070,'8230',5),
(518063,10103,1060,'Germplasm entry - enumerated (number)',5),
(518064,10103,1804,'ENTRY_NO',5),
(518065,10103,1070,'8160',3),
(518066,10103,1060,'Dataset type -assigned (type)',3),
(518067,10103,1805,'DATASET_TYPE',3),
(518068,10103,1070,'8155',2),
(518069,10103,1060,'Dataset title - assigned (Text)',2),
(518070,10103,1805,'DATASET_TITLE',2),
(518071,10103,1070,'8150',1),
(518072,10103,1060,'Dataset name - assigned (DBCV)',1),
(518073,10103,1805,'DATASET_NAME',1),
(518074,10103,1070,'8170',4),
(518075,10103,1060,'Trial instance - enumerated (number)',4),
(518076,10103,1806,'TRIAL_INSTANCE',4),
(518077,10102,8160,'10080',3),
(518078,10102,1070,'8160',3),
(518079,10102,1060,'Dataset type -assigned (type)',3),
(518080,10102,1805,'DATASET_TYPE',3),
(518081,10102,1070,'8155',2),
(518082,10102,1060,'Dataset title - assigned (Text)',2),
(518083,10102,1805,'DATASET_TITLE',2),
(518084,10102,1070,'8150',1),
(518085,10102,1060,'Dataset name - assigned (DBCV)',1),
(518086,10102,1805,'DATASET_NAME',1),
(518087,10102,1070,'8170',4),
(518088,10102,1060,'Trial instance - enumerated (number)',4),
(518089,10102,1806,'TRIAL_INSTANCE',4),
(518090,10101,8060,'0',6),
(518091,10101,8050,'0',5),
(518092,10101,8070,'10010',4),
(518093,10101,8030,'OBJECTIVE DESCRIBED',3),
(518094,10101,1070,'8060',6),
(518095,10101,1060,'End date - assigned (date)',6),
(518096,10101,1805,'END_DATE',6),
(518097,10101,1070,'8050',5),
(518098,10101,1060,'Start date - assigned (date)',5),
(518099,10101,1805,'START_DATE',5),
(518100,10101,1070,'8070',4),
(518101,10101,1060,'Study type - assigned (type)',4),
(518102,10101,1805,'STUDY_TYPE',4),
(518103,10101,1070,'8030',3),
(518104,10101,1060,'Objective - described (text)',3),
(518105,10101,1805,'STUDY_OBJECTIVE',3),
(518106,10101,1070,'8007',2),
(518107,10101,1060,'Study title - assigned (text)',2),
(518108,10101,1805,'STUDY_TITLE',2),
(518109,10101,1070,'8005',1),
(518110,10101,1060,'Study - assigned (DBCV)',1),
(518111,10101,1805,'STUDY_NAME',1),
(518112,10105,1806,'SITE',15),
(518113,10105,1060,'Location - selected (DBCV)',15),
(518114,10105,1070,'8180',15),
(518116,10105,1806,'SITE_ID',16),
(518117,10105,1060,'Location - selected (DBID)',16),
(518118,10105,1070,'8190',16),
(518119,10102,1806,'SITE',15),
(518120,10102,1060,'Location - selected (DBCV)',15),
(518121,10102,1070,'8180',15),
(518122,10102,1806,'SITE_ID',16),
(518123,10102,1060,'Location - selected (DBID)',16),
(518124,10102,1070,'8190',16),
(518125,10103,1060,'Field plot id - assigned (text)',63),
(518126,10103,1070,'8201',63),
(518127,10103,1804,'PLOT_ID',63),
(518128,10106,1060,'Field plot id - assigned (text)',18),
(518129,10106,1070,'8201',18),
(518130,10106,1804,'PLOT_ID',18);
                                                                                                                                    
/*!40101 SET SQL_MODE=@OLD_SQL_MODE */;                                                                                             
/*!40014 SET FOREIGN_KEY_CHECKS=@OLD_FOREIGN_KEY_CHECKS */;                                                                         
/*!40014 SET UNIQUE_CHECKS=@OLD_UNIQUE_CHECKS */;                                                                                   
/*!40111 SET SQL_NOTES=@OLD_SQL_NOTES */;                                                                                           
