/*                                                                                                                                  
SQLyog Community v11.28 (64 bit)                                                                                                    
MySQL - 5.6.27 : Database - curated_new_om                                                                                          
*********************************************************************                                                               
*/                                                                                                                                 
                                                                                                                                    
/*!40101 SET NAMES utf8 */;                                                                                                         
                                                                                                                                    
/*!40101 SET SQL_MODE=''*/;                                                                                                         
                                                                                                                                    
/*!40014 SET @OLD_UNIQUE_CHECKS=@@UNIQUE_CHECKS, UNIQUE_CHECKS=0 */;                                                                
/*!40014 SET @OLD_FOREIGN_KEY_CHECKS=@@FOREIGN_KEY_CHECKS, FOREIGN_KEY_CHECKS=0 */;                                                 
/*!40101 SET @OLD_SQL_MODE=@@SQL_MODE, SQL_MODE='NO_AUTO_VALUE_ON_ZERO' */;                                                         
/*!40111 SET @OLD_SQL_NOTES=@@SQL_NOTES, SQL_NOTES=0 */;                                                                            
/*Data for the table `project` */                                                                                                   
                                                                                                                                    
insert  into `project`(`project_id`,`name`,`description`,`program_uuid`) values
(6001,'Templates','Trial And Nursery Templates',NULL),
(6002,'cassava_CIAT_template','The Cassava CIAT Template',NULL),
(6003,'cassava_CIAT_template-ENVIRONMENT','cassava_CIAT_template-ENVIRONMENT',NULL),
(6004,'cassava_CIAT_template-PLOTDATA','cassava_CIAT_template-PLOTDATA',NULL),
(6005,'Cassava Nursery template','Template for a breeding nursery',NULL),
(6006,'Cassava Nursery template-ENVIRONMENT','Cassava Nursery template-ENVIRONMENT',NULL),
(6007,'Cassava Nursery template-PLOTDATA','Cassava Nursery template-PLOTDATA',NULL);
                                                                                                                                    
/*Data for the table `project_relationship` */                                                                                      
                                                                                                                                    
insert  into `project_relationship`(`project_relationship_id`,`subject_project_id`,`object_project_id`,`type_id`) values
(6001,6001,1,1140),
(6002,6002,6001,1145),
(6003,6003,6002,1150),
(6004,6004,6002,1150),
(6005,6005,6001,1145),
(6006,6006,6005,1150),
(6007,6007,6005,1150);
                                                                                                                                    
/*Data for the table `projectprop` */                                                                                               
                                                                                                                                    
insert  into `projectprop`(`projectprop_id`,`project_id`,`type_id`,`value`,`rank`) values
(315000,6002,1805,'STUDY',1),
(315001,6002,1060,'Study name',1),
(315002,6002,1070,'8005',1),
(315003,6002,1805,'STUDY_TITLE',2),
(315004,6002,1060,'Study title',2),
(315005,6002,1070,'8007',2),
(315006,6002,1805,'STUDY_OBJECTIVE',3),
(315007,6002,1060,'Study objective',3),
(315008,6002,1070,'8030',3),
(315009,6002,1805,'STUDY_TYPE',4),
(315010,6002,1060,'Study type',4),
(315011,6002,1070,'8070',4),
(315012,6002,1805,'START_DATE',5),
(315013,6002,1060,'Start date',5),
(315014,6002,1070,'8050',5),
(315015,6002,1805,'END_DATE',6),
(315016,6002,1060,'End date',6),
(315017,6002,1070,'8060',6),
(315018,6002,8030,'To generate the Template CIAT DB',3),
(315019,6002,8070,'10010',4),
(315020,6002,8050,'20140801',5),
(315021,6002,8060,'20140831',6),
(315022,6003,1806,'TRIAL',4),
(315023,6003,1060,'Trial instance - enumerated (number)',4),
(315024,6003,1070,'8170',4),
(315025,6003,1805,'DATASET_NAME',1),
(315026,6003,1060,'Dataset name',1),
(315027,6003,1070,'8150',1),
(315028,6003,1805,'DATASET_TITLE',2),
(315029,6003,1060,'Dataset title',2),
(315030,6003,1070,'8155',2),
(315031,6003,1805,'DATASET_TYPE',3),
(315032,6003,1060,'Dataset type',3),
(315033,6003,1070,'8160',3),
(315034,6003,8160,'10080',3),
(315035,6004,1806,'TRIAL',4),
(315036,6004,1060,'Trialinstance - enumerated (number)',4),
(315037,6004,1070,'8170',4),
(315038,6004,1805,'DATASET_NAME',1),
(315039,6004,1060,'Dataset name',1),
(315040,6004,1070,'8150',1),
(315041,6004,1805,'DATASET_TITLE',2),
(315042,6004,1060,'Dataset title',2),
(315043,6004,1070,'8155',2),
(315044,6004,1805,'DATASET_TYPE',3),
(315045,6004,1060,'Dataset type',3),
(315046,6004,1070,'8160',3),
(315047,6004,1804,'ENTRY_NO',5),
(315048,6004,1060,'Germplasm entry - enumerated (number)',5),
(315049,6004,1070,'8230',5),
(315050,6004,1804,'DESIGNATION',6),
(315051,6004,1060,'Germplasm identifier - assigned (DBCV)',6),
(315052,6004,1070,'8250',6),
(315053,6004,1804,'GID',7),
(315054,6004,1060,'Germplasm identifier - assigned (DBID)',7),
(315055,6004,1070,'8240',7),
(315056,6004,1804,'CROSS',8),
(315057,6004,1060,'The pedigree string of the germplasm',8),
(315058,6004,1070,'8377',8),
(315059,6004,1804,'SOURCE',9),
(315060,6004,1060,'The seed source of the germplasm - selected (Name)',9),
(315061,6004,1070,'8378',9),
(315062,6004,1810,'PLOT_NO',10),
(315063,6004,1060,'Field plot - enumerated(number)',10),
(315064,6004,1070,'8200',10),
(315065,6004,1810,'REP_NO',11),
(315066,6004,1060,'Replication - assigned (number)',11),
(315067,6004,1070,'8210',11),
(315068,6004,1810,'BLOCK_NO',12),
(315069,6004,1060,'Block - assigned (number)',12),
(315070,6004,1070,'8220',12),
(315089,6004,1808,'BrnchAng_VisScg_0to7',19),
(315090,6004,1060,'Branching Angle BY Visual Scoring :Branching Angle_method IN8pt scale',19),
(315091,6004,1070,'25073',19),
(315092,6004,1808,'BrnchHt_Meas_cm',20),
(315093,6004,1060,'Branch height BY Measurement :First Apical Branch Height_method IN cm',20),
(315094,6004,1070,'25074',20),
(315110,6004,1808,'CADisInc_Comp_r_T6m',26),
(315111,6004,1060,'Cassava anthracnose disease incidence BY Counting:cassava anthractnose disease incidence in 6-months_method IN ratio',26),
(315112,6004,1070,'25131',26),
(315113,6004,1808,'CADisSev_VisScg_1to5_T6m',27),
(315114,6004,1060,'Cassava anthracnose disease severity BY Visual Observation:cassava anthractnose disease severity in 6-months_method IN 5 pt scale',27),
(315115,6004,1070,'25134',27),
(315116,6004,1808,'CADisInc_Comp_r_T9m',28),
(315117,6004,1060,'Cassava anthracnose disease incidence BY Counting:cassava anthractnose diseaseincidence in 9-months_method IN ratio',28),
(315118,6004,1070,'25132',28),
(315119,6004,1808,'CADisSev_VisScg_1to5_T9m',29),
(315120,6004,1060,'Cassava anthracnose disease severity BY Visual Observation:cassava anthractnose disease severity in 9-months_methodIN 5 ptscale',29),
(315121,6004,1070,'25135',29),
(315125,6004,1808,'CBBInc_Comp_r_T3m',31),
(315126,6004,1060,'Cassava bacterial blight incidence BY Counting:cassava bacterial blight incidence 3-month evalution_method IN ratio',31),
(315127,6004,1070,'25137',31),
(315128,6004,1808,'CBBSev_VisScg_1to5_T3m',32),
(315129,6004,1060,'Cassava bacterial blight severity BY Visual Observation:cassava bacterial blight severity 3-month evalution_method IN 5 pt scale',32),
(315130,6004,1070,'25139',32),
(315131,6004,1808,'CBBInc_Comp_r_T6m',33),
(315132,6004,1060,'Cassava bacterial blight incidence BY Counting:cassava bacterial blight incidence 6-month evalution_method IN ratio',33),
(315133,6004,1070,'25005',33),
(315134,6004,1808,'CBBSev_VisScg_1to5_T6m',34),
(315135,6004,1060,'Cassava bacterial blight severity BY Visual Observation:cassava bacterial blight severity 6-month evalution_method IN 5 pt scale',34),
(315136,6004,1070,'25006',34),
(315143,6004,1808,'CBSDisLfInc_Comp_r_T3m',37),
(315144,6004,1060,'Cassava brown streak disease leaf incidence BY Counting:cassavabrown streak disease leaf incidence 3-month evaluation_method IN ratio',37),
(315145,6004,1070,'25270',37),
(315146,6004,1808,'CBSDisLfSev_Scg_1to5_T3m',38),
(315147,6004,1060,'Cassava brown streak disease leaf severity BY Visual Observation:cassava brown streak disease leaf severity 3-month evaluation_method IN 5 pt scale',38),
(315148,6004,1070,'25271',38),
(315149,6004,1808,'CBSDisRtSev_Scg_1to5',39),
(315150,6004,1060,'Cassava brown streak disease root severity BY Visual Observation:cassava brown streak disease root severity 12-month evaluation_method IN 5 pt scale',39),
(315151,6004,1070,'25277',39),
(315152,6004,1808,'CBSDisRtInc_Comp_r',40),
(315153,6004,1060,'Cassava brown streak disease root severity BY Visual Observation:cassava brown streak disease root severity 12-month evaluation_method IN 5 pt scale',40),
(315154,6004,1070,'25276',40),
(315155,6004,1808,'CGMInc_Comp_r',41),
(315156,6004,1060,'Cassava green mite incidence BY Counting:cassava green mite incidence first evaluation_method IN ratio',41),
(315157,6004,1070,'25279',41),
(315158,6004,1808,'CGMsev_VisScg2_1to5',42),
(315159,6004,1060,'Cassava green mite severity BY Visual Observation:cassava green mite severity second evaluation_method IN 5 pt scale',42),
(315160,6004,1070,'25280',42),
(315167,6004,1808,'CMBInc_Est_1to5',45),
(315168,6004,1060,'Cassava Mealy Bug Incidence BY Counting:Cassava Mealy Bug Incidence_method IN ratio',45),
(315169,6004,1070,'25122',45),
(315170,6004,1808,'CMBSev_Est_1to5',46),
(315171,6004,1060,'Cassava Mealy Bug Severity BY Visual Observation:Cassava Mealy Bug Severity_method IN5 pt scale',46),
(315172,6004,1070,'25123',46),
(315179,6004,1808,'CMDisInc_Comp_r_T1m',49),
(315180,6004,1060,'Cassava mosaic diseaseincidence BY Counting:cassava mosaic disease incidence 1-month evaluation_method IN ratio',49),
(315181,6004,1070,'25141',49),
(315182,6004,1808,'CMDisSev_VisScg_1to5_T1m',50),
(315183,6004,1060,'Cassava mosaic disease severity BY Visual Observation:cassava mosaic disease severity 1-month evaluation_method IN 5 pt scale',50),
(315184,6004,1070,'25143',50),
(315185,6004,1808,'CMDisInc_Comp_r_T3m',51),
(315186,6004,1060,'Cassava mosaic disease incidence BY Counting:cassava mosaic disease incidence 3-month evaluation_methodIN ratio',51),
(315187,6004,1070,'25007',51),
(315188,6004,1808,'CMDisSev_VisScg_1to5_T3m',52),
(315189,6004,1060,'Cassava mosaic disease severityBY Visual Observation:cassava mosaic disease severity 3-month evaluation_method IN 5 pt scale',52),
(315190,6004,1070,'25004',52),
(315191,6004,1808,'CMDisInc_Comp_r_T6m',53),
(315192,6004,1060,'Cassava mosaic disease incidence BY Counting:cassava mosaicdisease incidence 6-month evaluation_method IN ratio',53),
(315193,6004,1070,'25008',53),
(315194,6004,1808,'CMDisSev_VisScg_1to5_T6m',54),
(315195,6004,1060,'Cassava mosaic disease severity BY Visual Observation:cassava mosaic disease severity 6-month evaluation_method IN 5pt scale',54),
(315196,6004,1070,'25009',54),
(315206,6004,1808,'DMCt_Comp_r',58),
(315207,6004,1060,'Root Dry Matter ContentBY Estimation :Root Dry Matter Content_method IN ratio',58),
(315208,6004,1070,'25119',58),
(315212,6004,1808,'RtYld_Dry_tha',60),
(315213,6004,1060,'Root Yield BY Calculation :Dry Yield_method IN t/ha',60),
(315214,6004,1070,'25082',60),
(315215,6004,1808,'PeelEase_Clsn_1to7',61),
(315216,6004,1060,'Ease Of Peeling Root Cortex BY Visual Scoring :Ease Of Peeling Root Cortex_method IN 7pt scale',61),
(315217,6004,1070,'25114',61),
(315227,6004,1808,'FlwAb_Est_0to3',65),
(315228,6004,1060,'Flowering BY Visual Observation:flowering_method IN 4pt scale',65),
(315229,6004,1070,'25192',65),
(315230,6004,1808,'FrtSetPrsnc_VisClsn_0or1',66),
(315231,6004,1060,'Fruit set presence BY Visual Rating:Fruit Set _method IN 2pt scale',66),
(315232,6004,1070,'25095',66),
(315236,6004,1808,'FSDisSev_VisScg_1to5',68),
(315237,6004,1060,'Frog Skin Disease BY Visual Observation:Frog Skin Disease_method IN 5 pt scale',68),
(315238,6004,1070,'25149',68),
(315239,6004,1808,'RtYld_Fresh_tha',69),
(315240,6004,1060,'Root Yield BY Calculation :Fresh Root Yield_method IN t/ha',69),
(315241,6004,1070,'25081',69),
(315242,6004,1808,'GariCt_Comp_gkg',70),
(315243,6004,1060,'Gari Content BY Measurement :Gari Content_method IN g/kg',70),
(315244,6004,1070,'25174',70),
(315245,6004,1808,'RtCyanCt_Enz_1to3',71),
(315246,6004,1060,'Tuberous root cyanide content BY Estimation :hydrogen cyanide potential enzymatic method_method IN 3pt scale',71),
(315247,6004,1070,'25153',71),
(315251,6004,1808,'RtCtxCol_VisClsn_1to4',73),
(315252,6004,1060,'Storage Root Cortex Color BY Visual Rating:Storage Root Cortex Color_method IN 4pt scale',73),
(315253,6004,1070,'25116',73),
(315275,6004,1808,'LfRet_VisSc_1to7',81),
(315276,6004,1060,'Leaf Retention BY Visual Rating:Leaf Retention_method IN 7pt scale',81),
(315277,6004,1070,'25084',81),
(315284,6004,1808,'RtMoistCt_Comp_pct',84),
(315285,6004,1060,'Moisture Content BY Estimation :Moisture Content_method IN Pct (%)',84),
(315286,6004,1070,'25177',84),
(315308,6004,1808,'NkLng_VisClsn_0to7',92),
(315309,6004,1060,'Root Neck Length BY Visual Rating:Root Neck Length_method IN 8pt scale',92),
(315310,6004,1070,'25111',92),
(315311,6004,1808,'NoHvstPlnt_Count_Plnt',93),
(315312,6004,1060,'Plant Stands Harvested BY Counting:Plant Stands Harvested_method INPlant',93),
(315313,6004,1070,'25078',93),
(315314,6004,1808,'Pd_SensScg_1to4',94),
(315315,6004,1060,'PoundabilityBY Sensory Assesment :Poundability_method IN 4pt scale',94),
(315316,6004,1070,'25251',94),
(315317,6004,1808,'BoilRtCol_VisClsn_1to3',95),
(315318,6004,1060,'Color Of Boiled Tuberous Roots BY Visual Rating :Color Of Boiled Tuberous Roots_method IN 3pt scale',95),
(315319,6004,1070,'25157',95),
(315320,6004,1808,'RtTast_SensClsn_0to3',96),
(315321,6004,1060,'Taste Of Boiled Roots BY Gustation :Taste Of Boiled Roots_method IN 3pt scale',96),
(315322,6004,1070,'25162',96),
(315329,6004,1808,'PlntArch_VisScg_1to5',99),
(315330,6004,1060,'Plant Architecture BYVisual Rating:Plant Architecture_method IN 5pt scale',99),
(315331,6004,1070,'25085',99),
(315332,6004,1808,'PlpCol_ClsnCIAT_1to3',100),
(315333,6004,1060,'Storage Root Pulp Color  BY Visual Rating:root flesh color_method IN 3pt scale',100),
(315334,6004,1070,'25117',100),
(315335,6004,1808,'PlntH_Meas_cm',101),
(315336,6004,1060,'Plant Height BY Measurement :Plant Height_method IN cm',101),
(315337,6004,1070,'25075',101),
(315347,6004,1808,'NoRotRt_Count_Rt',105),
(315348,6004,1060,'Rotted Storage RootsBY Counting:Rotted Storage Roots _method IN Root',105),
(315349,6004,1070,'25118',105),
(315353,6004,1808,'RtConsPrsnc_VisClsn_0or1',107),
(315354,6004,1060,'Storage Root Constrictions BY Visual Rating:Storage Root Constrictions_method IN 2pt scale',107),
(315355,6004,1070,'25102',107),
(315359,6004,1808,'NoHvstRt_Count_Rt',109),
(315360,6004,1060,'Root Number BY Counting:Root Number_method IN Root',109),
(315361,6004,1070,'25079',109),
(315362,6004,1808,'RtPed_VisClsn_0to7',110),
(315363,6004,1060,'Storage Root Peduncle BY VisualRating:Storage Root Peduncle_method IN 8pt scale',110),
(315364,6004,1070,'25100',110),
(315368,6004,1808,'RtShp_VisClsn_1to6',112),
(315369,6004,1060,'Storage Root Shape BY Visual Rating:Storage Root Shape_method IN 6pt scale',112),
(315370,6004,1070,'25101',112),
(315371,6004,1808,'RtSurfCol_ClsnCIAT_1to3',113),
(315372,6004,1060,'Root Surface Color BY Visual Rating:root color_method IN 3pt scale',113),
(315373,6004,1070,'25104',113),
(315374,6004,1808,'RtLng_VisScg_1to7',114),
(315375,6004,1060,'Storage Root Size BY Visual Rating:Storage Root Size_method IN 7pt scale',114),
(315376,6004,1070,'25112',114),
(315377,6004,1808,'RtSurfTex_VisClsn_1to7',115),
(315378,6004,1060,'Root Surface Texture BY Visual Rating:Root Surface Texture_method IN 3pt scale',115),
(315379,6004,1070,'25105',115),
(315380,6004,1808,'RtWt_Wgh_kg',116),
(315381,6004,1060,'Storage root weight BY Measurement :Fresh Weight of Storage Root_method IN kg',116),
(315382,6004,1070,'25080',116),
(315392,6004,1808,'ShWt_Meas_kg',120),
(315393,6004,1060,'Fresh Shoot Weight BY Measurement :Fresh Shoot Weight_method IN kg',120),
(315394,6004,1070,'25076',120),
(315395,6004,1808,'SepCol_VisClsn_1to5',121),
(315396,6004,1060,'Sepal Color BY Visual Rating :Sepal Color_method IN 5pt scale',121),
(315397,6004,1070,'25087',121),
(315398,6004,1808,'sprout_comp_r',122),
(315399,6004,1060,'Sprouting BY Counting:Sprouting_method IN ratio',122),
(315400,6004,1070,'25055',122),
(315401,6004,1808,'StrchCt_Est_pct',123),
(315402,6004,1060,'Starch Content  BY Estimation :Starch Content _method IN Pct (%)',123),
(315403,6004,1070,'25155',123),
(315404,6004,1808,'StGrwHab_VisScg_1to2',124),
(315405,6004,1060,'Young Stem Growth Habit BY Visual Rating :Young Stem Growth Habit_method IN 2pt scale',124),
(315406,6004,1070,'25010',124),
(315407,6004,1808,'StmCol_VisClsn_1to4',125),
(315408,6004,1060,'Stem Color BY Visual Scoring :Stem Color_method IN 4pt scale',125),
(315409,6004,1070,'25069',125),
(315419,6004,1808,'CarotCt_spectro_ugg',129),
(315420,6004,1060,'Carotenoid content BY Estimation :Total Carotenoid Content_method IN ug beta caroten / g fresh weight',129),
(315421,6004,1070,'25163',129),
(315422,6004,1808,'RtYld_FreshAerial_tha',130),
(315423,6004,1060,'Root Yield BY Calculation :Top Yield_method IN t/ha',130),
(315424,6004,1070,'25077',130),
(315425,6004,1808,'IVig_IITAVisScg_1to7',131),
(315426,6004,1060,'Initial Vigor BY Visual Rating:Initial Vigor_method IN 7 pt scale',131),
(315427,6004,1070,'25054',131),
(315431,6004,1808,'NOTES',133),
(315432,6004,1060,'Field notes - observed(text)',133),
(315433,6004,1070,'8390',133),
(315434,6003,1808,'SITE_SOIL_PH',134),
(315435,6003,1060,'Soil acidity - ph meter (pH)',134),
(315436,6003,1070,'8270',134),
(315437,6004,8160,'10090',3),
(315438,6005,1806,'TRIAL',7),
(315439,6005,1060,'TRIAL_INSTANCE',7),
(315440,6005,1070,'8170',7),
(315441,6005,1805,'STUDY',1),
(315442,6005,1060,'Study name',1),
(315443,6005,1070,'8005',1),
(315444,6005,1805,'STUDY_TITLE',2),
(315445,6005,1060,'Study title',2),
(315446,6005,1070,'8007',2),
(315447,6005,1805,'STUDY_OBJECTIVE',3),
(315448,6005,1060,'Study objective',3),
(315449,6005,1070,'8030',3),
(315450,6005,1805,'STUDY_TYPE',4),
(315451,6005,1060,'Study type',4),
(315452,6005,1070,'8070',4),
(315453,6005,1805,'START_DATE',5),
(315454,6005,1060,'Start date',5),
(315455,6005,1070,'8050',5),
(315456,6005,1805,'END_DATE',6),
(315457,6005,1060,'End date',6),
(315458,6005,1070,'8060',6),
(315459,6005,8030,'Nurserytemplate Cassava',3),
(315460,6005,8070,'10000',4),
(315461,6005,8050,'20140809',5),
(315462,6005,8060,'20140831',6),
(315463,6006,1806,'TRIAL',4),
(315464,6006,1060,'TRIAL_INSTANCE',4),
(315465,6006,1070,'8170',4),
(315466,6006,1805,'DATASET_NAME',1),
(315467,6006,1060,'Dataset name',1),
(315468,6006,1070,'8150',1),
(315469,6006,1805,'DATASET_TITLE',2),
(315470,6006,1060,'Dataset title',2),
(315471,6006,1070,'8155',2),
(315472,6006,1805,'DATASET_TYPE',3),
(315473,6006,1060,'Dataset type',3),
(315474,6006,1070,'8160',3),
(315475,6006,8160,'10080',3),
(315476,6007,1806,'TRIAL',4),
(315477,6007,1060,'TRIAL_INSTANCE',4),
(315478,6007,1070,'8170',4),
(315479,6007,1805,'DATASET_NAME',1),
(315480,6007,1060,'Dataset name',1),
(315481,6007,1070,'8150',1),
(315482,6007,1805,'DATASET_TITLE',2),
(315483,6007,1060,'Dataset title',2),
(315484,6007,1070,'8155',2),
(315485,6007,1805,'DATASET_TYPE',3),
(315486,6007,1060,'Dataset type',3),
(315487,6007,1070,'8160',3),
(315488,6007,1804,'ENTRY_NO',5),
(315489,6007,1060,'Germplasm entry - enumerated (number)',5),
(315490,6007,1070,'8230',5),
(315491,6007,1804,'DESIGNATION',6),
(315492,6007,1060,'Germplasm identifier - assigned (DBCV)',6),
(315493,6007,1070,'8250',6),
(315494,6007,1804,'GID',7),
(315495,6007,1060,'Germplasm identifier - assigned (DBID)',7),
(315496,6007,1070,'8240',7),
(315497,6007,1810,'PLOT_NO',8),
(315498,6007,1060,'Field plot - enumerated (number)',8),
(315499,6007,1070,'8200',8),
(315506,6007,1808,'CMDisInc_Comp_r_T3m',11),
(315507,6007,1060,'Cassava mosaic disease incidence BY Counting:cassava mosaic disease incidence 3-month evaluation_method IN ratio',11),
(315508,6007,1070,'25007',11),
(315509,6007,1808,'CMDisSev_VisScg_1to5_T3m',12),
(315510,6007,1060,'Cassava mosaic disease severity BY Visual Observation:cassava mosaic disease severity 3-month evaluation_method IN 5 pt scale',12),
(315511,6007,1070,'25004',12),
(315512,6007,1808,'CMDisInc_Comp_r_T6m',13),
(315513,6007,1060,'Cassava mosaic disease incidence BY Counting:cassava mosaic disease incidence 6-monthevaluation_method IN ratio',13),
(315514,6007,1070,'25008',13),
(315515,6007,1808,'CMDisSev_VisScg_1to5_T6m',14),
(315516,6007,1060,'Cassava mosaic disease severity BY Visual Observation:cassava mosaic disease severity 6-month evaluation_method IN 5 pt scale',14),
(315517,6007,1070,'25009',14),
(315518,6007,1808,'DMCt_Comp_r',15),
(315519,6007,1060,'Root Dry Matter Content BY Estimation :Root Dry Matter Content_method IN ratio',15),
(315520,6007,1070,'25119',15),
(315530,6007,1808,'StrchCt_Est_pct',19),
(315531,6007,1060,'Starch ContentBY Estimation :Starch Content _method IN Pct (%)',19),
(315532,6007,1070,'25155',19),
(315533,6007,1808,'NOTES',20),
(315534,6007,1060,'Field notes - observed (text)',20),
(315535,6007,1070,'8390',20),
(315536,6007,1807,'Clones Produced',21),
(315537,6007,1060,'Number of clones produces - counted (number)',21),
(315538,6007,1070,'8263',21),
(315539,6007,8160,'10090',3),
(315540,6006,1806,'SITE',7),
(315541,6006,1060,'TRIAL SITE NAME',7),
(315542,6006,1070,'8180',7),
(315543,6006,1806,'SITE_ID',8),
(315544,6006,1060,'TRIAL SITE ID',8),
(315545,6006,1070,'8190',8),
(315546,6002,1805,'PI_NAME',10),
(315547,6002,1060,'Name of the Principal Investigator',10),
(315548,6002,1070,'8100',10),
(315549,6002,8100,NULL,10),
(315550,6002,1805,'PI_ID',11),
(315551,6002,1060,'ID of thePrincipal Investigator',11),
(315552,6002,1070,'8110',11),
(315553,6002,8110,NULL,11),
(315554,6003,1806,'COOPERATOR',5),
(315555,6003,1060,'COOPERATOR NAME',5),
(315556,6003,1070,'8373',5),
(315557,6003,1806,'COOPERATOR_ID',6),
(315558,6003,1060,'COOPERATOR ID',6),
(315559,6003,1070,'8372',6),
(315560,6003,1806,'SITE',7),
(315561,6003,1060,'TRIAL SITE NAME',7),
(315562,6003,1070,'8180',7),
(315563,6003,1806,'SITE_ID',8),
(315564,6003,1060,'TRIAL SITE ID',8),
(315565,6003,1070,'8190',8),
(315685,6006,1808,'SITE_SOIL_PH',9),
(315686,6006,1060,'Soil acidity - ph meter (pH)',9),
(315687,6006,1070,'8270',9),
(315688,6004,1060,'Field plot id - assigned (text)',134),
(315689,6004,1070,'8201',134),
(315690,6004,1804,'PLOT_ID',134),
(315691,6007,1060,'Field plot id - assigned (text)',22),
(315692,6007,1070,'8201',22),
(315693,6007,1804,'PLOT_ID',22);
                                                                                                                                    
/*!40101 SET SQL_MODE=@OLD_SQL_MODE */;                                                                                             
/*!40014 SET FOREIGN_KEY_CHECKS=@OLD_FOREIGN_KEY_CHECKS */;                                                                         
/*!40014 SET UNIQUE_CHECKS=@OLD_UNIQUE_CHECKS */;                                                                                   
/*!40111 SET SQL_NOTES=@OLD_SQL_NOTES */;                                                                                           
