-- MySQL dump 10.13  Distrib 5.6.27, for Win64 (x86_64)                                                                             
--                                                                                                                                  
-- Host: localhost    Database: ibdbv2_brachiaria_merged_nom                                                                        
-- ------------------------------------------------------                                                                           
-- Server version	5.6.27                                                                                                            
                                                                                                                                    
/*!40101 SET @OLD_CHARACTER_SET_CLIENT=@@CHARACTER_SET_CLIENT */;                                                                   
/*!40101 SET @OLD_CHARACTER_SET_RESULTS=@@CHARACTER_SET_RESULTS */;                                                                 
/*!40101 SET @OLD_COLLATION_CONNECTION=@@COLLATION_CONNECTION */;                                                                   
/*!40101 SET NAMES utf8 */;                                                                                                         
/*!40103 SET @OLD_TIME_ZONE=@@TIME_ZONE */;                                                                                         
/*!40103 SET TIME_ZONE='+00:00' */;                                                                                                 
/*!40014 SET @OLD_UNIQUE_CHECKS=@@UNIQUE_CHECKS, UNIQUE_CHECKS=0 */;                                                                
/*!40014 SET @OLD_FOREIGN_KEY_CHECKS=@@FOREIGN_KEY_CHECKS, FOREIGN_KEY_CHECKS=0 */;                                                 
/*!40101 SET @OLD_SQL_MODE=@@SQL_MODE, SQL_MODE='NO_AUTO_VALUE_ON_ZERO' */;                                                         
/*!40111 SET @OLD_SQL_NOTES=@@SQL_NOTES, SQL_NOTES=0 */;                                                                            
                                                                                                                                    
--                                                                                                                                  
-- Dumping data for table `cv`                                                                                                      
--                                                                                                                                  
                                                                                                                                    
LOCK TABLES `cv` WRITE;                                                                                                             
/*!40000 ALTER TABLE `cv` DISABLE KEYS */;                                                                                          
INSERT INTO `cv` (`cv_id`, `name`, `definition`) VALUES
(20001,'25001','RhizocSev_E_0to5'),
(20002,'25002','DR_E_1to5'),
(20003,'25006','PLP_E_1to5'),
(20004,'25012','ReprodM_E_1to3'),
(20005,'25017','DrghtTol_E_1to5'),
(20006,'25024','FN_E_1to5'),
(20007,'25028','PA_E_1to5'),
(20008,'20008','Filled seed proportion'),
(20009,'20009','Seed gross yield'),
(20010,'25031','PBm_E_1to10'),
(20012,'25037','GH_E_1to5'),
(20013,'25038','PPP_E_1to5'),
(20014,'25045','AreduNDmg_E_0to5'),
(20015,'25046','AreduADmg_E_0to5'),
(20016,'25050','AvariADmg_E_0to5'),
(20017,'25054','AvariNDmg_E_0to5'),
(20018,'25055','PsimuADmg_E_0to5'),
(20019,'25058','PsimuNDmg_E_0to5'),
(20020,'25062','RhizocSev_E_0to2'),
(20021,'25063','ZcarbADmg_E_0to5'),
(20022,'25066','ZcarbNDmg_E_0to5'),
(20023,'25074','LWid_E_1to3'),
(20025,'25134','PA_E_1to5_aTreat'),
(20026,'25135','PA_E_1to5_bTreat'),
(20027,'25137','PChlorosis_E_0to2'),
(20028,'25139','RA_E_1to10'),
(20029,'25140','RA_E_1to10_T1'),
(20030,'25141','RA_E_1to10_T2'),
(20031,'25150','FN_E_1to5_T1'),
(20032,'25151','FN_E_1to5_T2'),
(20033,'25152','FN_E_1to5_T3'),
(20034,'25153','FN_E_1to5_T4'),
(20035,'25154','FN_E_1to5_T5'),
(20036,'25155','GH_E_1to5_T1'),
(20037,'25156','GH_E_1to5_T2'),
(20038,'25157','GH_E_1to5_T3'),
(20039,'25158','GH_E_1to5_T4'),
(20040,'25159','GH_E_1to5_T5'),
(20041,'25160','PBm_E_1to10_T1'),
(20042,'25161','PBm_E_1to10_T2'),
(20043,'25162','PBm_E_1to10_T3'),
(20044,'25163','PBm_E_1to10_T4'),
(20045,'25164','PBm_E_1to10_T5'),
(20046,'25165','PChlorosis_E_0to2_T1'),
(20047,'25166','PChlorosis_E_0to2_T2'),
(20048,'25167','PChlorosis_E_0to2_T3'),
(20049,'25168','PChlorosis_E_0to2_T4'),
(20050,'25169','PChlorosis_E_0to2_T5'),
(20051,'25170','PLP_E_1to5_T1'),
(20052,'25171','PLP_E_1to5_T2'),
(20053,'25172','PLP_E_1to5_T3'),
(20054,'25173','PLP_E_1to5_T4'),
(20055,'25174','PLP_E_1to5_T5'),
(20056,'25175','PPP_E_1to5_T1'),
(20057,'25176','PPP_E_1to5_T2'),
(20058,'25177','PPP_E_1to5_T3'),
(20059,'25178','PPP_E_1to5_T4'),
(20060,'25179','PPP_E_1to5_T5');
/*!40000 ALTER TABLE `cv` ENABLE KEYS */;                                                                                           
UNLOCK TABLES;                                                                                                                      
                                                                                                                                    
--                                                                                                                                  
-- Dumping data for table `cvterm`                                                                                                  
--                                                                                                                                  
                                                                                                                                    
LOCK TABLES `cvterm` WRITE;                                                                                                         
/*!40000 ALTER TABLE `cvterm` DISABLE KEYS */;                                                                                      
INSERT INTO `cvterm` (`cvterm_id`, `cv_id`, `name`, `definition`, `dbxref_id`, `is_obsolete`, `is_relationshiptype`) VALUES
(20001,1010,'Rhizoctonia severity','Disease severity on a plant caused by Rhizoctonia.',NULL,0,0),
(20002,1010,'Drought root','Visual estimation of drought root',NULL,0,0),
(20003,1010,'Plant biomass','Amount of aboveground plant biomass (leaves and stems).',NULL,0,0),
(20004,1010,'Leaf weight to plant weight ratio','Ratio of leaf weight to plant weight.',NULL,0,0),
(20005,1010,'Plant leafiness','Relative leafiness of a plant defined as how leafy a plant is.',NULL,0,0),
(20007,1010,'Proportion of off-type','Proportion of off-types plants in a population.',NULL,0,0),
(20008,1010,'Filled seed proportion','Proportion of filled seed over total seed.',NULL,0,0),
(20009,1010,'Seed gross yield','The amount (weight) of total seed that was harvested per unit area or plant.',NULL,0,0),
(20010,1010,'Seed net yield','The amount (weight) of filled seed that was harvested per unit area or plant.',NULL,0,0),
(20011,1010,'Plant diameter','Diameter of the plant from widest part',NULL,0,0),
(20012,1010,'Plant reproductive mode','Uniformity of progeny, indicating that reproduction is sexual, apomictic, or facultative apomictic.',NULL,0,0),
(20013,1010,'Green leaf area','Green leaf area.',NULL,0,0),
(20014,1010,'Chlorophyll content','Chlorophyll content in leaf green tissue. Includes both chlorophyll-a and chlorophyll-b.',NULL,0,0),
(20015,1010,'Photosynthetic efficiency','Photosynthetic quantum yield.',NULL,0,0),
(20016,1010,'Aluminium tolerance','The plants tolerance to Aluminium.',NULL,0,0),
(20017,1010,'Drought tolerance','The plant tolerance to drought stress.',NULL,0,0),
(20018,1010,'Water extraction rate','Amount of water extracted in a period of time.',NULL,0,0),
(20019,1010,'Waterlogging tolerance','Plant tolerance to waterlogging.',NULL,0,0),
(20020,1010,'Root length','Root length density.',NULL,0,0),
(20021,1010,'Root length density','Root length density.',NULL,0,0),
(20022,1010,'Root length density at deep','Root length density at deep.',NULL,0,0),
(20023,1010,'Root mean diameter','Root mean diameter.',NULL,0,0),
(20024,1010,'Flower number','Number of flowers.',NULL,0,0),
(20026,1010,'Green leaf biomass','The amount (weight) of green leaves per unit area or plant.',NULL,0,0),
(20027,1010,'Leaf biomass','The amount (weight) of leaves per unit area or plant.',NULL,0,0),
(20028,1010,'Plant aspect','Plant aspect.',NULL,0,0),
(20034,1010,'Biomass harvest time','Biomass harvest time.',NULL,0,0),
(20035,1010,'Plant chlorosis','An assessment of chlorosis symptoms.',NULL,0,0),
(20036,1010,'Plant groundcover','Projected area of the plant on the ground.',NULL,0,0),
(20037,1010,'Plant growth habit','Growth habit as grade to which a plant is erect or prostrate.',NULL,0,0),
(20038,1010,'Plant phenotypic performance','Overall performance of the plant that indicates whether the material is to be culled, kept, or selected as promising for further evaluation or not.',NULL,0,0),
(20039,1010,'Seed harvest time','Seed harvest time.',NULL,0,0),
(20040,1010,'Root biomass','The amount (weight) of root per unit area, volume or plant.',NULL,0,0),
(20041,1010,'Shoot biomass','The amount (weight) of shoot per unit area or plant.',NULL,0,0),
(20043,1010,'Stem biomass','The amount (weight) of stem per unit area or plant.',NULL,0,0),
(20044,1010,'Yellow leaf biomass','The amount (weight) of yellow leaves per unit area or plant.',NULL,0,0),
(20045,1010,'Aeneolamia reducta nymph damage','Plant damage caused by nymphs of Aeneolamia reducta (Spittlebug).',NULL,0,0),
(20046,1010,'Aeneolamia reducta adult damage','Plant damage caused by adults of Aeneolamia reducta (Spittlebug).',NULL,0,0),
(20047,1010,'Aeneolamia reducta adult number','Number of Aeneolamia reducta adults.',NULL,0,0),
(20048,1010,'Aeneolamia reducta antibiosis','Plants antibiosis tolerance to Aeneolamia reducta.',NULL,0,0),
(20049,1010,'Aeneolamia reducta egg number','Number of Aeneolamia reducta eggs.',NULL,0,0),
(20050,1010,'Aeneolamia varia adult damage','Plant damage caused by adults of Aeneolamia varia (Spittlebug).',NULL,0,0),
(20051,1010,'Aeneolamia varia adult number','Number of Aeneolamia varia adults.',NULL,0,0),
(20052,1010,'Aeneolamia varia antibiosis','Plants antibiosis tolerance to Aeneolamia varia.',NULL,0,0),
(20053,1010,'Aeneolamia varia egg number','Number of Aeneolamia varia eggs.',NULL,0,0),
(20054,1010,'Aeneolamia varia nymph damage','Plant damage caused by nymphs of Aeneolamia varia (Spittlebug).',NULL,0,0),
(20055,1010,'Prosapia simulans adult damage','Plant damage caused by adults of Prosapia simulans (Spittlebug).',NULL,0,0),
(20056,1010,'Overall Spittlebug nymph antibiosis','Overall antibiosis tolerance on a plant to of several Spittlebugspecies (A. reducta, A. varia, P. simulans, Z. carbonaria).',NULL,0,0),
(20057,1010,'Overall Spittlebug nymph tolerance','Overall damage on a plants caused by Spittlebug nymphs of several species (A. reducta, A. varia, P. simulans, Z. carbonaria).',NULL,0,0),
(20058,1010,'Prosapia simulans nymph damage','Plant damage caused by nymphs of Prosapia simulans (Spittlebug).',NULL,0,0),
(20059,1010,'Prosapia simulans adult number','Number of Prosapia simulans adults.',NULL,0,0),
(20060,1010,'Prosapia simulans antibiosis','Plants antibiosis tolerance to Prosapia simulans.',NULL,0,0),
(20061,1010,'Prosapia simulans egg number','Number of Prosapia simulans eggs.',NULL,0,0),
(20063,1010,'Zulia carbonaria adult damage','Plant damage caused by adults of Zulia carbonaria (Spittlebug).',NULL,0,0),
(20064,1010,'Spittlebug adult number','Number of Spittlebug adults.',NULL,0,0),
(20065,1010,'Spittlebug egg number','Number of Spittlebugeggs.',NULL,0,0),
(20066,1010,'Zulia carbonaria nymph damage','Plant damage caused by nymphs of Zulia carbonaria (Spittlebug).',NULL,0,0),
(20067,1010,'Zulia carbonaria adult number','Number of Zulia carbonaria adults.',NULL,0,0),
(20068,1010,'Zulia carbonaria antibiosis','Antibiosis tolerance on a plants to Zulia carbonaria.',NULL,0,0),
(20069,1010,'Zulia carbonaria egg number','Number of Zulia carbonaria eggs.',NULL,0,0),
(20070,1010,'Overall Spittlebug adult damage','Overall damage on plants caused by Spittlebug adults of several species (A. reducta, A. varia, P. simulans, Z. carbonaria).',NULL,0,0),
(20071,1010,'Cylinder weight','Weight of cylinder (or pot).',NULL,0,0),
(20073,1010,'Leaf length','Length of fully mature leaves from ligule to leaf tip (exclude flowering stems).',NULL,0,0),
(20074,1010,'Leaf width','Width of fully mature leaves at the widest part.',NULL,0,0),
(20075,1010,'Leaf width to length ratio','Ratio of leaf width to length.',NULL,0,0),
(20078,1010,'Acid detergent fiber content','Acid detergent fiber content of aboveground biomass.',NULL,0,0),
(20080,1010,'Crude protein content','Crude protein content of aboveground biomass.',NULL,0,0),
(20082,1010,'In vitro dry matter digestibility','In vitro dry matter digestibility of aboveground biomass.',NULL,0,0),
(20084,1010,'Neutral detergent fibercontent','Neutral detergent fiber content of aboveground biomass.',NULL,0,0),
(20086,1010,'In vitro dry matter digestibility of neutral detergent fiber fraction','In vitro dry matter digestibility of aboveground biomass neutral detergent fiber fraction.',NULL,0,0),
(20090,1010,'Aluminium chloride molar concentration treatment','Molar concentration of Aluminium chloride applied as treatment factor.',NULL,0,0),
(20091,1010,'Chlorotic leaf biomass','The amount (weight) of chlorotic (yellow) leaves per unit area or plant.',NULL,0,0),
(20092,1010,'Root aspect','Aspect of root system.',NULL,0,0),
(20093,1010,'Plant height','Plant height',NULL,0,0),
(21001,1020,'Plant Rhizoctonia severity - Estimation','Observe relative or absolute area of plant tissue affected by Rhizoctonia and record it. Often severity is represented as a proportion or percentage of plant surface affected.',NULL,0,0),
(21002,1020,'Drought Root-Estimation','Visual evaluation of Drought Root',NULL,0,0),
(21003,1020,'Biomass drone method - Estimation','Nondestructive estimate of plant biomass by analysis of images captured with a drone.',NULL,0,0),
(21004,1020,'Leaf weight to plant weight ratio - Computation','Use formula to calculate leaf weight to plant weight ratio.',NULL,0,0),
(21005,1020,'Plant Leaf proportion - Computation','Use formula to calculate leaf weight to plant weight ratio.',NULL,0,0),
(21006,1020,'Plant Leaf proportion - Estimation','Observe plants leafiness andrate it.',NULL,0,0),
(21007,1020,'Plant proportionoff types - Estimation','Visual evaluation of off-types plants in a population.',NULL,0,0),
(21008,1020,'Filled seed proportion - Computation','Use formula to calculate proportion of filled seed over total seed weight.',NULL,0,0),
(21009,1020,'Seed gross yield - Measurement','Record the weight of harvested seed.',NULL,0,0),
(21010,1020,'Seed net yield - Measurement','Clean harvested seed by removing not filled seeds and record the weight.',NULL,0,0),
(21011,1020,'Plant Diameter- Measurement','Plant diameter is measured at the widest and most narrow point of the plant crown',NULL,0,0),
(21012,1020,'Plant reproductive mode - Estimation','Observe plant reproductive mode and rate it.',NULL,0,0),
(21013,1020,'Area Meter - Measurement','Green leaf area is quantified using area meter (Licor-3100).',NULL,0,0),
(21014,1020,'Handheld Chlorophyll meter - Measurement','The chlorophyll content of leaves (and other green tissues)can be quickly, and non-destructively measured using a hand-held battery portable optical meter (e.g., Minolta SPAD-502 chlorophyllmeter) which measures the chlorophyll content via light transmi',NULL,0,0),
(21015,1020,'Handheld Fluorometer - Measurement','Standard method for chlorophyll fluorescent measurements using a handheld Fluorometer (Fluorpen).',NULL,0,0),
(21016,1020,'Aluminium Tolerance Index - Computing','Use formula to calculate Aluminium tolerance index. Entries withindices above 1 are more resistant than theaverage genotype in the experiment and entries with indices less than 1 have below average tolerance.',NULL,0,0),
(21017,1020,'Drought tolerance - Estimation','Observe plant drought tolerance and rate it.',NULL,0,0),
(21018,1020,'Root Water extration rate - Measurement','Calculate amount of water extracted during a period of time.',NULL,0,0),
(21019,1020,'Waterlogging tolerance - Computing','Useformula to compute waterlogging tolerance index basde on visual observation recorded before treatment and at harvest time.',NULL,0,0),
(21020,1020,'Root length - Measurement','Root length measured by root scanning and image analysis using WinRhizo Software. ',NULL,0,0),
(21021,1020,'Root length density - Measurement','Root length density measured at deep (50-80 cm) by root scanning and image analysis using WinRhizo Software. Root length density measured at deep (50-80 cm).',NULL,0,0),
(21022,1020,'Root Length density at deep- Measurement','Root length density measured by root scanning and image analysis using WinRhizo Software. Root length density measured at deep (50-80 cm).',NULL,0,0),
(21023,1020,'Root mean diameter - Measurement','Root mean diameter measured by root scanning and image analysis using WinRhizo Software. ',NULL,0,0),
(21024,1020,'Flower number - Estimation','Visual evaluation of number of flowers.',NULL,0,0),
(21025,1020,'Flower number - Counting','Count flowers in a sampling quadrat.',NULL,0,0),
(21026,1020,'Green leaf biomassDW - Measurement','Separate green leaves from stem and yellow leaves, use dryer at 60C for three days and weigh.',NULL,0,0),
(21027,1020,'Leaf biomass DW - Computing','Compute leaf biomass using the formula.',NULL,0,0),
(21028,1020,'Plant aspect - Estimation','Observe the aspect of plants per plot/entry and rate it.',NULL,0,0),
(21031,1020,'Plant biomass -Estimation','Visual estimation of plantbiomass.',NULL,0,0),
(21032,1020,'PBm Fresh weight - Measurement','Spaced plants cut by hand to 10 cm from base of stem and weighed in a bag on a milk scale',NULL,0,0),
(21033,1020,'PBm Dry weight - Measurement','Plants areweighed and then placed in a dryer (60 C)for 5 days approximately. After drying the samples are reweighed. This ratio is used to calculate the dry weight of the sample',NULL,0,0),
(21034,1020,'Biomass harvest date - Estimation','Record date of biomass harvest.',NULL,0,0),
(21035,1020,'Plant chlorosis - Estimation','Observe plant chlorosis and rate it.',NULL,0,0),
(21036,1020,'PGC Image analysis - Measurement','Nondestructive estimate of plant groundcover by analysis of images captured with drone.',NULL,0,0),
(21037,1020,'Plant Growth habit - Estimation','Observe plant growth habit and rate it.',NULL,0,0),
(21038,1020,'Phenotypic performance - Estimation','Observe plant phenotypic performance and rate it.',NULL,0,0),
(21039,1020,'Seed harvest date - Estimation','Record date of seed harvest.',NULL,0,0),
(21040,1020,'Root biomass DW - Measurement','Record dry weight of roots.',NULL,0,0),
(21041,1020,'Shoot biomass FW - Measurement','Record shoot weight in freshweight basis.',NULL,0,0),
(21042,1020,'Shoot biomass DW - Measurement','Record dry weight ofshoots.',NULL,0,0),
(21043,1020,'Stem biomass DW - Measurement','Separate stem from leaves, use dryer at 60C for three days and weigh.',NULL,0,0),
(21044,1020,'Yellow leaf biomass DW - Measurement','Separate green leaves from stem and yellow leaves, use dryer at 60C forthree days and weigh.',NULL,0,0),
(21045,1020,'Spittlebug nymph damage - Estimation','Observe plant damage caused by Splittlebug nymphs and record it.',NULL,0,0),
(21046,1020,'Spittlebug adult damage - Estimation','Observe plant damage caused by Splittlebug adults and record it.',NULL,0,0),
(21047,1020,'Spittlebug adult number - Counting','Count the number of Spittlebug adult per plant.',NULL,0,0),
(21048,1020,'Spittlebug antibiosis - Computation','Calculate antibiosis tolerance to Spittlebug as survival rate of nymphs or eggs that mature to final instar or adult stage.',NULL,0,0),
(21049,1020,'Spittlebug egg number - Counting','Count the number of Spittlebug eggs per plant.',NULL,0,0),
(21056,1020,'Overall Spittlebug antibiosis - Computation','Calculate overall antibiosis tolerance to Spittlebug.',NULL,0,0),
(21057,1020,'Overall Spittlebug nymph damage - Computation','Calculate overall Spittlebug nymph damage.',NULL,0,0),
(21070,1020,'Overall Spittlebug adult damage - Computation','Calculate overall Spittlebug adult damage.',NULL,0,0),
(21071,1020,'Cylinder weight - Measurement','Record the cylinder (plant pot) weight.',NULL,0,0),
(21073,1020,'Leaf lenght - Measurement','Measure leaf length and record it.',NULL,0,0),
(21074,1020,'Leaf width - Estimation','Observe whether leaves are notably wide or narrow.',NULL,0,0),
(21075,1020,'Leaf width tolength ratio - Computation','Compute leaf width to length ratio.',NULL,0,0),
(21076,1020,'Leaf width - Measurement','Measure leaf width and record it.',NULL,0,0),
(21077,1020,'Plant Height - Measurement','Measure plant height and record it.',NULL,0,0),
(21080,1020,'Near-infrared spectroscopy','Follow standard near-infrared spectroscopy (NIRS) method for quality determination on different fraction of the biomass.',NULL,0,0),
(21081,1020,'Chemical Analysis in Laboratory','Follow standard chemical analysis for quality determination on different fraction of the biomass.',NULL,0,0),
(21091,1020,'Chemical Analysis - Measurement - SS1','Follow standard chemical analysis for quality determination on different fraction of the biomass.',NULL,0,0),
(21092,1020,'Chemical Analysis - Measurement - SS2','Follow standard chemical analysis for quality determination on different fraction of the biomass.',NULL,0,0),
(21093,1020,'Chemical Analysis - Measurement - SS3','Follow standard chemical analysis for quality determinationon different fraction of the biomass.',NULL,0,0),
(21094,1020,'Chemical Analysis - Measurement - SS4','Follow standard chemical analysis for quality determination on different fraction of the biomass.',NULL,0,0),
(21095,1020,'NIR spectroscopy - Measurement - SS1','Followstandard near-infrared spectroscopy (NIRS) method for quality determination on different fraction of the biomass.',NULL,0,0),
(21096,1020,'NIR spectroscopy - Measurement - SS2','Follow standard near-infrared spectroscopy (NIRS) method for quality determination on different fraction of the biomass.',NULL,0,0),
(21097,1020,'NIR spectroscopy - Measurement - SS3','Follow standard near-infrared spectroscopy (NIRS) method for quality determination on different fraction of the biomass.',NULL,0,0),
(21098,1020,'NIR spectroscopy - Measurement - SS4','Follow standardnear-infrared spectroscopy (NIRS) method for quality determination on different fraction of the biomass.',NULL,0,0),
(21099,1020,'Chlorotic leaf biomass DW - Measurement','Separate green leaves from stem and yellow leaves, usedryer at 60C for three days and weigh.',NULL,0,0),
(21100,1020,'Cylinder weight - Measurement - T2','Record the cylinder (plant pot)weight.',NULL,0,0),
(21101,1020,'Root aspect - Estimation','Observe the aspect of root aspect and rate it.',NULL,0,0),
(21102,1020,'Root aspect - Estimation - T1','Observethe aspect of root aspect and rate it.',NULL,0,0),
(21103,1020,'Root aspect - Estimation - T2','Observethe aspect of root aspect and rate it.',NULL,0,0),
(21104,1020,'Root length density - Measurement - 5080cm','Root length density measured by root scanning and image analysis using WinRhizo Software.',NULL,0,0),
(21105,1020,'Cylinder weight - Measurement - T1','Record the cylinder (plant pot) weight.',NULL,0,0),
(21106,1020,'Plant aspect - Estimation aTreat','Observe the aspect of plants per plot/entry and rate it.',NULL,0,0),
(21107,1020,'Plant aspect - Estimation bTreat','Observe the aspect of plants per plot/entry and rate it.',NULL,0,0),
(21110,1020,'Flower number - Estimation - T1','Visual estimation of number of flowers.',NULL,0,0),
(21111,1020,'Flowernumber - Estimation - T2','Visual estimation of number of flowers.',NULL,0,0),
(21112,1020,'Flower number - Estimation - T3','Visualestimation of number of flowers.',NULL,0,0),
(21113,1020,'Flower number - Estimation - T4','Visual estimation of number of flowers.',NULL,0,0),
(21114,1020,'Flower number - Estimation - T5','Visual estimation of number of flowers.',NULL,0,0),
(21115,1020,'Plant Growth habit - Estimation - T1','Observe plant growth habit and rate it.',NULL,0,0),
(21116,1020,'Plant Growth habit - Estimation- T2','Observe plant growth habit and rate it.',NULL,0,0),
(21117,1020,'Plant Growth habit - Estimation - T3','Observe plant growth habit andrate it.',NULL,0,0),
(21118,1020,'Plant Growth habit - Estimation - T4','Observe plant growth habit and rate it.',NULL,0,0),
(21119,1020,'Plant Growth habit - Estimation - T5','Observe plant growth habit and rate it.',NULL,0,0),
(21120,1020,'Plant biomass -Estimation - T1','Visual estimation of plant biomass.',NULL,0,0),
(21121,1020,'Plant biomass - Estimation - T2','Visual estimation of plant biomass.',NULL,0,0),
(21122,1020,'Plant biomass - Estimation - T3','Visual estimation of plant biomass.',NULL,0,0),
(21123,1020,'Plant biomass - Estimation - T4','Visual estimation of plant biomass.',NULL,0,0),
(21124,1020,'Plant biomass - Estimation - T5','Visual estimation of plant biomass.',NULL,0,0),
(21125,1020,'Plant chlorosis - Estimation - T1','Observe plant chlorosis and rate it.',NULL,0,0),
(21126,1020,'Plant chlorosis - Estimation - T2','Observe plant chlorosis and rate it.',NULL,0,0),
(21127,1020,'Plant chlorosis - Estimation - T3','Observe plant chlorosis and rate it.',NULL,0,0),
(21128,1020,'Plant chlorosis - Estimation - T4','Observe plant chlorosis and rate it.',NULL,0,0),
(21129,1020,'Plant chlorosis - Estimation - T5','Observe plant chlorosis and rate it.',NULL,0,0),
(21130,1020,'Plant leafiness - Estimation - T1','Observe plants leafiness and rate it.',NULL,0,0),
(21131,1020,'Plant leafiness - Estimation- T2','Observe plants leafiness and rate it.',NULL,0,0),
(21132,1020,'Plant leafiness - Estimation - T3','Observe plants leafiness and rate it.',NULL,0,0),
(21133,1020,'Plant leafiness - Estimation - T4','Observe plants leafiness and rate it.',NULL,0,0),
(21134,1020,'Plant leafiness - Estimation - T5','Observe plants leafiness and rate it.',NULL,0,0),
(21135,1020,'Phenotypic performance- Estimation - T1','Observe plant phenotypic performance and rate it.',NULL,0,0),
(21136,1020,'Phenotypic performance - Estimation -T2','Observe plant phenotypic performance and rate it.',NULL,0,0),
(21137,1020,'Phenotypic performance - Estimation - T3','Observe plant phenotypic performance and rate it.',NULL,0,0),
(21138,1020,'Phenotypic performance - Estimation - T4','Observe plant phenotypicperformance and rate it.',NULL,0,0),
(21139,1020,'Phenotypic performance - Estimation - T5','Observe plant phenotypic performance and rate it.',NULL,0,0),
(22001,1030,'0-5 Visual damage/severity score','0-5 Visual damage/severity score',NULL,0,0),
(22002,1030,'Visual Drought score','Visual Drought score',NULL,0,0),
(22003,1030,'g/plant','g/plant',NULL,0,0),
(22006,1030,'1-5 Plant Leaf proportion scale','1-5 Plant Leaf proportion scale',NULL,0,0),
(22012,1030,'1-3 Reproductive score','1-3 Reproductive score',NULL,0,0),
(22013,1030,'cm2/plant','cm2/plant',NULL,0,0),
(22014,1030,'CCI','CCI',NULL,0,0),
(22017,1030,'1-5 Visual tolerance score','1-5 Visual tolerancescore',NULL,0,0),
(22018,1030,'g/cylinder/week','g/cylinder/week',NULL,0,0),
(22019,1030,'Visual waterlogging','Visual waterlogging',NULL,0,0),
(22020,1030,'cm/plant','cm/plant',NULL,0,0),
(22021,1030,'cm/cm3','cm/cm3',NULL,0,0),
(22024,1030,'1-5 Flower abundance scale','1-5 Flowerabundance scale',NULL,0,0),
(22025,1030,'flower/m2','flower/m2',NULL,0,0),
(22028,1030,'1-5 General evaluation scale','1-5 General evaluation scale',NULL,0,0),
(22031,1030,'1-10 Biomass scale','1-10 Biomass scale',NULL,0,0),
(22034,1030,'Date (yymmdd)','Date (yymmdd)',NULL,0,0),
(22037,1030,'1-5 Growth habit scale','1-5 Growth habit scale',NULL,0,0),
(22038,1030,'1-5 Phenotypic evaluation scale','1-5 Phenotypic evaluation scale',NULL,0,0),
(22047,1030,'Spittlebug adult/plant','Spittlebug adult/plant',NULL,0,0),
(22062,1030,'0-2 Symtoms presence-absencescale','0-2 Symtoms presence-absence scale',NULL,0,0),
(22065,1030,'Spittlebug egg/plant','Spittlebug egg/plant',NULL,0,0),
(22070,1030,'Spittlebug damage','Spittlebug damage',NULL,0,0),
(22074,1030,'1-3 Leaf width score','1-3 Leaf width score',NULL,0,0),
(22090,1030,'uM','uM',NULL,0,0),
(22091,1030,'0-2 Symptoms general scale','0-2 Symptoms general scale',NULL,0,0),
(22092,1030,'1-10 General aspect score','1-10 General aspect score',NULL,0,0),
(22093,1030,'1-5 Plant leafiness scale','1-5 Plant leafiness scale',NULL,0,0),
(25001,1040,'RhizocSev_E_0to5','Rhizoctonia severity BY Plant Rhizoctonia severity - Estimation IN 0-5 Visual damage/severity score',NULL,0,0),
(25002,1040,'DR_E_1to5','Drought root BY Drought Root-Estimation IN Visual Drought score',NULL,0,0),
(25003,1040,'PBm_Img_gPlnt','Plant biomass BY Biomass drone method - Estimation IN g/plant',NULL,0,0),
(25004,1040,'LPWR_C_pct','Leaf weight to plant weight ratio BY Leaf weight to plant weight ratio - Computation IN %',NULL,0,0),
(25005,1040,'PLP_C_pct','Plant leafiness BY Plant Leaf proportion - Computation IN %',NULL,0,0),
(25006,1040,'PLP_E_1to5','Plant leafiness BY Plant Leaf proportion - Estimation IN 1-5 Plant Leaf proportion scale',NULL,0,0),
(25007,1040,'POTP_M_pct','Proportion of off-type BY Plant proportion off types - Estimation IN %',NULL,0,0),
(25008,1040,'FillSdP_C_pct','Filled seed proportion BY Filled seed proportion - Computation IN %',NULL,0,0),
(25009,1040,'SdGY_M_gplant','Seed gross yield BY Seed gross yield - Measurement IN g/plant',NULL,0,0),
(25010,1040,'SdNY_M_gplant','Seed net yield BY Seednet yield - Measurement IN g/plant',NULL,0,0),
(25011,1040,'PDia_M_cm','Plant diameter BY Plant Diameter - Measurement IN cm',NULL,0,0),
(25012,1040,'ReprodM_E_1to3','Plant reproductive mode BY Plant reproductive mode - EstimationIN 1-3 Reproductive score',NULL,0,0),
(25013,1040,'GLA_M_cm2Plnt','Green leaf area BY Area Meter - Measurement IN cm2/plant',NULL,0,0),
(25014,1040,'LChl_M_CCI','Chlorophyll content BY Handheld Chlorophyll meter - Measurement IN CCI',NULL,0,0),
(25015,1040,'PQY_M_num','Photosynthetic efficiency BY Handheld Fluorometer - Measurement IN Number',NULL,0,0),
(25016,1040,'AlTol_C_idx','Aluminium tolerance BY Aluminium Tolerance Index - Computing IN Index',NULL,0,0),
(25017,1040,'DrghtTol_E_1to5','Drought tolerance BY Drought tolerance - EstimationIN 1-5 Visual tolerance score',NULL,0,0),
(25018,1040,'WaterExt_M_gPlnt','Water extraction rate BY Root Water extration rate - Measurement IN g/cylinder/week',NULL,0,0),
(25019,1040,'WlgTol_C_idx','Waterlogging tolerance BY Waterlogging tolerance - Computing IN Visual waterlogging',NULL,0,0),
(25020,1040,'RL_C_cmPlnt','Root length BY Root length - Measurement IN cm/plant',NULL,0,0),
(25021,1040,'RLD_C_cmcm3','Root length density BY Root length density - Measurement IN cm/cm3',NULL,0,0),
(25022,1040,'RLDdeep_M_cmcm3','Root length density at deep BY Root Length density at deep - Measurement IN cm/cm3',NULL,0,0),
(25023,1040,'RMDia_M_mm','Root mean diameter BYRoot mean diameter - Measurement IN mm',NULL,0,0),
(25024,1040,'FN_E_1to5','Flower number  BY Flower number - Estimation IN 1-5 Flower abundance scale',NULL,0,0),
(25025,1040,'FN_Ct_fm2','Flower number BY Flower number - Counting IN flower/m2',NULL,0,0),
(25026,1040,'GLBm_DW_gPlnt','Green leaf biomass BY Green leaf biomass DW - Measurement IN g/plant',NULL,0,0),
(25027,1040,'LBm_DW_gPlnt','Leaf biomass BY Leaf biomass DW - Computing IN g/plant',NULL,0,0),
(25028,1040,'PA_E_1to5','Plant aspect BY Plant aspect - Estimation IN 1-5 General evaluationscale',NULL,0,0),
(25031,1040,'PBm_E_1to10','Plant biomass BY Plant biomass - Estimation IN 1-10 Biomass scale',NULL,0,0),
(25032,1040,'PBm_FW_gPlnt','Plant biomass BY PBm Fresh weight - Measurement IN g/plant',NULL,0,0),
(25033,1040,'PBm_DW_gPlnt','Plant biomass BYPBm Dry weight - Measurement IN g/plant',NULL,0,0),
(25034,1040,'BmHvst_date_ymd','Biomass harvest time BY Biomassharvest date - Estimation IN Date (yymmdd)',NULL,0,0),
(25037,1040,'GH_E_1to5','Plant growth habit BY Plant Growth habit - Estimation IN 1-5 Growth habit scale',NULL,0,0),
(25038,1040,'PPP_E_1to5','Plant phenotypic performance BY Phenotypic performance - EstimationIN 1-5 Phenotypicevaluation scale',NULL,0,0),
(25039,1040,'SdHvst_date_ymd','Seed harvest time BY Seed harvest date -Estimation IN Date (yymmdd)',NULL,0,0),
(25040,1040,'RBm_M_gPlnt','Root biomass BY Root biomass DW - Measurement IN g/plant',NULL,0,0),
(25041,1040,'ShootBm_FW_gPlnt','Shoot biomass BY Shoot biomass FW - Measurement IN g/plant',NULL,0,0),
(25042,1040,'ShootBm_DW_gPlnt','Shoot biomass BY Shoot biomass DW - Measurement IN g/plant',NULL,0,0),
(25043,1040,'StmBm_DW_gPlnt','Stem biomass BY Stem biomass DW - Measurement IN g/plant',NULL,0,0),
(25044,1040,'YLBm_DW_gPlnt','Yellow leaf biomass BY Yellow leaf biomass DW - Measurement INg/plant',NULL,0,0),
(25045,1040,'AreduNDmg_E_0to5','Aeneolamia reducta nymph damage BY Spittlebug nymph damage - Estimation IN 0-5 Visual damage/severity score',NULL,0,0),
(25046,1040,'AreduADmg_E_0to5','Aeneolamia reducta adult damage BY Spittlebug adult damage - Estimation IN 0-5Visual damage/severity score',NULL,0,0),
(25047,1040,'AreduAN_C_AdultPlnt','Aeneolamia reducta adult number BY Spittlebug adult number - Counting IN Spittlebug adult/plant',NULL,0,0),
(25048,1040,'AreduAnti_E_pct','Aeneolamia reducta antibiosis BY Spittlebug antibiosis - Computation IN %',NULL,0,0),
(25049,1040,'AreduEN_C_EggPlnt','Aeneolamia reducta egg number BY Spittlebug eggnumber - CountingIN Spittlebugadult/plant',NULL,0,0),
(25050,1040,'AvariADmg_E_0to5','Aeneolamia varia adult damage BY Spittlebug adult damage - Estimation IN 0-5Visual damage/severity score',NULL,0,0),
(25051,1040,'AvariAN_C_AdultPlnt','Aeneolamia varia adult number BY Spittlebug adult number- Counting IN Spittlebug adult/plant',NULL,0,0),
(25052,1040,'AvariAnti_E_pct','Aeneolamia varia antibiosis BY Spittlebugantibiosis- Computation IN %',NULL,0,0),
(25053,1040,'AvariEN_C_EggPlnt','Aeneolamia varia egg number BY Spittlebug egg number - Counting IN Spittlebug adult/plant',NULL,0,0),
(25054,1040,'AvariNDmg_E_0to5','Aeneolamia varia nymph damage BY Spittlebug nymph damage - Estimation IN 0-5 Visual damage/severity score',NULL,0,0),
(25055,1040,'PsimuADmg_E_0to5','Prosapia simulans adult damage BY Spittlebug adultdamage - Estimation IN 0-5 Visual damage/severity score',NULL,0,0),
(25056,1040,'SpittleAnti_E_pct','Overall Spittlebug nymph antibiosis BY Overall Spittlebug antibiosis - Computation IN %',NULL,0,0),
(25057,1040,'SpittleNDmg_C_num','Overall Spittlebug nymph tolerance BY Overall Spittlebug nymph damage - Computation IN Number',NULL,0,0),
(25058,1040,'PsimuNDmg_E_0to5','Prosapia simulansnymph damage BY Spittlebug nymph damage - Estimation IN 0-5 Visual damage/severity score',NULL,0,0),
(25059,1040,'PsimuAN_C_AdultPlnt','Prosapia simulans adult number BY Spittlebug adult number - Counting IN Spittlebug adult/plant',NULL,0,0),
(25060,1040,'PsimuAnti_E_pct','Prosapia simulans antibiosis BY Spittlebug antibiosis - Computation IN %',NULL,0,0),
(25061,1040,'PsimuEN_C_EggPlnt','Prosapia simulans egg number BY Spittlebug egg number - Counting IN Spittlebug adult/plant',NULL,0,0),
(25062,1040,'RhizocSev_E_0to2','Rhizoctonia severity BY Plant Rhizoctonia severity - Estimation IN 0-2 Symtoms presence-absence scale',NULL,0,0),
(25063,1040,'ZcarbADmg_E_0to5','Zulia carbonaria adult damage BY Spittlebug adult damage - Estimation IN 0-5 Visual damage/severity score',NULL,0,0),
(25064,1040,'SpittleAN_C_AdultPlnt','Spittlebug adult number BY Spittlebug adult number - Counting IN Spittlebug adult/plant',NULL,0,0),
(25065,1040,'SpittleEN_C_EggPlnt','Spittlebug egg number BY Spittlebug egg number - Counting IN Spittlebug egg/plant',NULL,0,0),
(25066,1040,'ZcarbNDmg_E_0to5','Zulia carbonaria nymph damage BY Spittlebug nymph damage - Estimation IN 0-5 Visual damage/severity score',NULL,0,0),
(25067,1040,'ZcarbAN_C_AdultPlnt','Zulia carbonaria adult number BY Spittlebug adult number - Counting IN Spittlebug adult/plant',NULL,0,0),
(25068,1040,'ZcarbAnti_E_pct','Zulia carbonaria antibiosis BY Spittlebug antibiosis - Computation IN %',NULL,0,0),
(25069,1040,'ZcarbEN_C_EggPlnt','Zulia carbonaria egg number BY Spittlebug egg number - Counting IN Spittlebug adult/plant',NULL,0,0),
(25070,1040,'SpittleADmg_C_num','Overall Spittlebug adult damage BY Overall Spittlebug adult damage - Computation IN Spittlebug damage',NULL,0,0),
(25071,1040,'CylW_M_g_T1','Cylinder weight BY Cylinder weight - Measurement IN g',NULL,0,0),
(25073,1040,'LLng_M_cm','Leaf length BY Leaf lenght - Measurement IN cm',NULL,0,0),
(25074,1040,'LWid_E_1to3','Leaf width BY Leaf width - Estimation IN 1-3 Leaf width score',NULL,0,0),
(25075,1040,'LWidLngR_C_pct','Leaf width to length ratio BY Leaf width to length ratio- Computation IN %',NULL,0,0),
(25076,1040,'LWid_M_cm','Leaf width BY Leaf width - Measurement IN cm',NULL,0,0),
(25077,1040,'PH_M_cm','Plant height BY Plant Height - Measurement IN cm',NULL,0,0),
(25078,1040,'BmADF_NIR_pct','Acid detergent fiber content BY Near-infrared spectroscopy IN %',NULL,0,0),
(25079,1040,'BmADF_M_pct','Acid detergent fiber content BY Chemical Analysis in Laboratory IN %',NULL,0,0),
(25080,1040,'BmCP_NIR_pct','Crude protein content BY Near-infrared spectroscopy IN %',NULL,0,0),
(25081,1040,'BmCP_M_pct','Crude protein content BY Chemical Analysis in Laboratory IN %',NULL,0,0),
(25082,1040,'BmIVDMD_NIR_pct','In vitro dry matter digestibility BY Near-infrared spectroscopy IN %',NULL,0,0),
(25083,1040,'BmIVDMD_M_pct','In vitro dry matter digestibility BY Chemical Analysis in Laboratory IN %',NULL,0,0),
(25084,1040,'BmNDF_NIR_pct','Neutral detergent fiber content BY Near-infrared spectroscopy IN %',NULL,0,0),
(25085,1040,'BmNDF_M_pct','Neutral detergent fiber content BY Chemical Analysis in Laboratory IN %',NULL,0,0),
(25086,1040,'IVDMDNDF_NIR_pct','In vitrodry matter digestibility of neutral detergent fiber fraction BY Near-infrared spectroscopy IN %',NULL,0,0),
(25087,1040,'IVDMDNDF_M_pct','In vitro dry matter digestibility of neutral detergent fiber fraction BY Chemical Analysis in Laboratory IN %',NULL,0,0),
(25090,1040,'AlCl3Treat_uM','Aluminium chloride molar concentration treatment BY Assigned IN uM',NULL,0,0),
(25091,1040,'BmADF_M_pct_SS1','Acid detergent fiber content BY Chemical Analysis - Measurement - SS1 IN %',NULL,0,0),
(25092,1040,'BmADF_M_pct_SS2','Acid detergentfiber content BY Chemical Analysis - Measurement - SS2 IN %',NULL,0,0),
(25093,1040,'BmADF_M_pct_SS3','Aciddetergent fiber content BY Chemical Analysis - Measurement - SS3 IN %',NULL,0,0),
(25094,1040,'BmADF_M_pct_SS4','Acid detergent fiber content BY Chemical Analysis - Measurement - SS4 IN %',NULL,0,0),
(25095,1040,'BmADF_NIR_pct_SS1','Acid detergent fiber content BY NIR spectroscopy - Measurement - SS1 IN %',NULL,0,0),
(25096,1040,'BmADF_NIR_pct_SS2','Acid detergent fiber content BY NIR spectroscopy - Measurement - SS2 IN%',NULL,0,0),
(25097,1040,'BmADF_NIR_pct_SS3','Acid detergent fiber content BY NIR spectroscopy - Measurement - SS3 IN %',NULL,0,0),
(25098,1040,'BmADF_NIR_pct_SS4','Acid detergent fiber content BY NIR spectroscopy - Measurement - SS4 IN %',NULL,0,0),
(25099,1040,'BmCP_M_pct_SS1','Crude protein content BY Chemical Analysis - Measurement - SS1 IN %',NULL,0,0),
(25100,1040,'BmCP_M_pct_SS2','Crude protein content BY Chemical Analysis - Measurement - SS2 IN %',NULL,0,0),
(25101,1040,'BmCP_M_pct_SS3','Crude protein content BY Chemical Analysis - Measurement - SS3 IN %',NULL,0,0),
(25102,1040,'BmCP_M_pct_SS4','Crude protein content BY Chemical Analysis - Measurement - SS4 IN %',NULL,0,0),
(25103,1040,'BmCP_NIR_pct_SS1','Crude protein content BY NIR spectroscopy - Measurement - SS1 IN %',NULL,0,0),
(25104,1040,'BmCP_NIR_pct_SS2','Crude protein content BY NIR spectroscopy - Measurement - SS2 IN %',NULL,0,0),
(25105,1040,'BmCP_NIR_pct_SS3','Crude protein content BY NIR spectroscopy - Measurement - SS3 IN %',NULL,0,0),
(25106,1040,'BmCP_NIR_pct_SS4','Crude protein content BY NIR spectroscopy - Measurement - SS4 IN %',NULL,0,0),
(25107,1040,'BmIVDMD_M_pct_SS1','In vitro dry matter digestibility BY Chemical Analysis - Measurement - SS1 IN %',NULL,0,0),
(25108,1040,'BmIVDMD_M_pct_SS2','In vitro dry matter digestibilityBY Chemical Analysis - Measurement - SS2 IN %',NULL,0,0),
(25109,1040,'BmIVDMD_M_pct_SS3','In vitro dry matter digestibility BY ChemicalAnalysis - Measurement - SS3 IN %',NULL,0,0),
(25110,1040,'BmIVDMD_M_pct_SS4','In vitro dry matter digestibility BY Chemical Analysis - Measurement - SS4 IN %',NULL,0,0),
(25111,1040,'BmIVDMD_NIR_pct_SS1','In vitro dry matter digestibility BYNIR spectroscopy - Measurement - SS1 IN %',NULL,0,0),
(25112,1040,'BmIVDMD_NIR_pct_SS2','In vitro dry matter digestibility BY NIR spectroscopy - Measurement - SS2 IN %',NULL,0,0),
(25113,1040,'BmIVDMD_NIR_pct_SS3','In vitro dry matter digestibility BY NIR spectroscopy - Measurement - SS3IN %',NULL,0,0),
(25114,1040,'BmIVDMD_NIR_pct_SS4','In vitro dry matter digestibility BY NIR spectroscopy - Measurement - SS4 IN %',NULL,0,0),
(25115,1040,'BmNDF_M_pct_SS1','Neutral detergent fiber content BY Chemical Analysis - Measurement - SS1 IN %',NULL,0,0),
(25116,1040,'BmNDF_M_pct_SS2','Neutral detergent fiber content BY Chemical Analysis - Measurement - SS2 IN %',NULL,0,0),
(25117,1040,'BmNDF_M_pct_SS3','Neutral detergent fiber content BY Chemical Analysis - Measurement - SS3 IN %',NULL,0,0),
(25118,1040,'BmNDF_M_pct_SS4','Neutral detergent fiber content BY Chemical Analysis - Measurement - SS4 IN %',NULL,0,0),
(25119,1040,'BmNDF_NIR_pct_SS1','Neutral detergent fiber content BY NIR spectroscopy - Measurement - SS1 IN %',NULL,0,0),
(25120,1040,'BmNDF_NIR_pct_SS2','Neutral detergent fiber content BY NIR spectroscopy - Measurement - SS2 IN %',NULL,0,0),
(25121,1040,'BmNDF_NIR_pct_SS3','Neutral detergent fiber content BY NIR spectroscopy - Measurement - SS3 IN %',NULL,0,0),
(25122,1040,'BmNDF_NIR_pct_SS4','Neutral detergent fiber content BY NIRspectroscopy - Measurement - SS4 IN %',NULL,0,0),
(25123,1040,'ChoroticLBm_DW_gPlnt','Chlorotic leaf biomass BYChlorotic leaf biomass DW - Measurement IN g/plant',NULL,0,0),
(25124,1040,'CylW_M_g','Cylinder weight BY Cylinder weight - Measurement IN g',NULL,0,0),
(25125,1040,'CylW_M_g_T2','Cylinder weight BY Cylinder weight - Measurement - T2 IN g',NULL,0,0),
(25126,1040,'IVDMDNDF_M_pct_SS1','Invitro dry matter digestibility of neutral detergent fiber fraction BY Chemical Analysis - Measurement - SS1 IN %',NULL,0,0),
(25127,1040,'IVDMDNDF_M_pct_SS2','In vitro dry matter digestibility of neutral detergent fiber fraction BY Chemical Analysis - Measurement - SS2 IN %',NULL,0,0),
(25128,1040,'IVDMDNDF_M_pct_SS3','In vitro dry matter digestibility of neutral detergent fiber fraction BY Chemical Analysis - Measurement - SS3 IN %',NULL,0,0),
(25129,1040,'IVDMDNDF_M_pct_SS4','In vitro dry matter digestibility of neutral detergent fiber fraction BY Chemical Analysis - Measurement - SS4 IN %',NULL,0,0),
(25130,1040,'IVDMDNDF_NIR_pct_SS1','In vitro dry matter digestibility of neutral detergent fiber fraction BY NIR spectroscopy - Measurement - SS1 IN %',NULL,0,0),
(25131,1040,'IVDMDNDF_NIR_pct_SS2','In vitro dry matter digestibility of neutral detergent fiber fraction BY NIR spectroscopy - Measurement - SS2 IN %',NULL,0,0),
(25132,1040,'IVDMDNDF_NIR_pct_SS3','In vitro dry matter digestibility of neutral detergent fiber fraction BY NIR spectroscopy - Measurement - SS3 IN %',NULL,0,0),
(25133,1040,'IVDMDNDF_NIR_pct_SS4','In vitro dry matter digestibility of neutral detergent fiberfraction BY NIR spectroscopy - Measurement - SS4 IN %',NULL,0,0),
(25134,1040,'PA_E_1to5_aTreat','Plant aspectBY Plant aspect - Estimation IN 1-5 General evaluation scale',NULL,0,0),
(25135,1040,'PA_E_1to5_bTreat','Plant aspect BY Plant aspect - Estimation IN 1-5 General evaluation scale',NULL,0,0),
(25136,1040,'PBm_Img_idx','Plant biomass BY Biomass drone method - Estimation IN Index',NULL,0,0),
(25137,1040,'PChlorosis_E_0to2','Plant chlorosis BY Plant chlorosis - Estimation IN 0-2 Symptoms general scale',NULL,0,0),
(25138,1040,'PGC_Img_cmPlnt','Plant groundcover BY PGC Image analysis - Measurement IN cm2/plant',NULL,0,0),
(25139,1040,'RA_E_1to10','Rootaspect BY Root aspect - Estimation IN 1-10 General aspect score',NULL,0,0),
(25140,1040,'RA_E_1to10_T1','Root aspect BY Root aspect - Estimation - T1 IN 1-10 General aspect score',NULL,0,0),
(25141,1040,'RA_E_1to10_T2','Root aspect BY Root aspect- Estimation - T2 IN 1-10 General aspect score',NULL,0,0),
(25150,1040,'FN_E_1to5_T1','Flower number  BY Flower number - Estimation - T1 IN 1-5 Flower abundance scale',NULL,0,0),
(25151,1040,'FN_E_1to5_T2','Flower number  BY Flower number - Estimation - T2 IN 1-5 Flower abundance scale',NULL,0,0),
(25152,1040,'FN_E_1to5_T3','Flower number  BY Flower number - Estimation - T3 IN 1-5 Flower abundance scale',NULL,0,0),
(25153,1040,'FN_E_1to5_T4','Flower number  BY Flower number - Estimation - T4 IN 1-5 Flower abundance scale',NULL,0,0),
(25154,1040,'FN_E_1to5_T5','Flower number  BY Flower number - Estimation - T5 IN 1-5 Flower abundance scale',NULL,0,0),
(25155,1040,'GH_E_1to5_T1','Plant growth habit BY Plant Growth habit - Estimation - T1 IN 1-5 Growth habit scale',NULL,0,0),
(25156,1040,'GH_E_1to5_T2','Plantgrowth habit BY Plant Growth habit - Estimation - T2 IN 1-5 Growth habit scale',NULL,0,0),
(25157,1040,'GH_E_1to5_T3','Plant growth habit BY Plant Growth habit - Estimation - T3 IN 1-5 Growth habit scale',NULL,0,0),
(25158,1040,'GH_E_1to5_T4','Plant growth habit BYPlant Growth habit - Estimation - T4 IN 1-5 Growth habit scale',NULL,0,0),
(25159,1040,'GH_E_1to5_T5','Plant growthhabit BY Plant Growth habit - Estimation - T5 IN 1-5 Growth habit scale',NULL,0,0),
(25160,1040,'PBm_E_1to10_T1','Plant biomass BY Plant biomass - Estimation- T1 IN 1-10 Biomass scale',NULL,0,0),
(25161,1040,'PBm_E_1to10_T2','Plant biomass BY Plant biomass - Estimation - T2 IN 1-10 Biomass scale',NULL,0,0),
(25162,1040,'PBm_E_1to10_T3','Plant biomass BY Plant biomass - Estimation - T3 IN 1-10 Biomass scale',NULL,0,0),
(25163,1040,'PBm_E_1to10_T4','Plant biomass BY Plant biomass - Estimation - T4 IN 1-10 Biomass scale',NULL,0,0),
(25164,1040,'PBm_E_1to10_T5','Plant biomass BY Plant biomass - Estimation - T5 IN 1-10 Biomass scale',NULL,0,0),
(25165,1040,'PChlorosis_E_0to2_T1','Plantchlorosis BY Plant chlorosis - Estimation - T1 IN 0-2 Symptoms general scale',NULL,0,0),
(25166,1040,'PChlorosis_E_0to2_T2','Plant chlorosis BY Plant chlorosis - Estimation - T2 IN 0-2 Symptoms general scale',NULL,0,0),
(25167,1040,'PChlorosis_E_0to2_T3','Plant chlorosis BY Plant chlorosis - Estimation - T3 IN 0-2 Symptoms general scale',NULL,0,0),
(25168,1040,'PChlorosis_E_0to2_T4','Plant chlorosis BY Plant chlorosis - Estimation - T4 IN 0-2 Symptoms general scale',NULL,0,0),
(25169,1040,'PChlorosis_E_0to2_T5','Plantchlorosis BY Plant chlorosis - Estimation - T5 IN 0-2 Symptoms general scale',NULL,0,0),
(25170,1040,'PLP_E_1to5_T1','Plant leafiness BY Plant leafiness - Estimation - T1 IN 1-5 Plant leafiness scale',NULL,0,0),
(25171,1040,'PLP_E_1to5_T2','Plant leafiness BY Plantleafiness- Estimation - T2 IN 1-5 Plant leafiness scale',NULL,0,0),
(25172,1040,'PLP_E_1to5_T3','Plant leafiness BY Plant leafiness- Estimation - T3 IN 1-5 Plant leafiness scale',NULL,0,0),
(25173,1040,'PLP_E_1to5_T4','Plant leafiness BY Plant leafiness - Estimation - T4 IN1-5 Plant leafiness scale',NULL,0,0),
(25174,1040,'PLP_E_1to5_T5','Plant leafiness BY Plant leafiness - Estimation - T5 IN 1-5 Plantleafiness scale',NULL,0,0),
(25175,1040,'PPP_E_1to5_T1','Plant phenotypic performance BY Phenotypic performance - Estimation - T1 IN1-5 Phenotypic evaluation scale',NULL,0,0),
(25176,1040,'PPP_E_1to5_T2','Plant phenotypic performance BY Phenotypic performance - Estimation - T2 IN 1-5 Phenotypic evaluation scale',NULL,0,0),
(25177,1040,'PPP_E_1to5_T3','Plant phenotypic performance BY Phenotypic performance - Estimation - T3 IN 1-5 Phenotypic evaluation scale',NULL,0,0),
(25178,1040,'PPP_E_1to5_T4','Plant phenotypicperformanceBY Phenotypic performance - Estimation - T4 IN 1-5 Phenotypic evaluation scale',NULL,0,0),
(25179,1040,'PPP_E_1to5_T5','Plant phenotypic performance BY Phenotypic performance - Estimation - T5 IN 1-5 Phenotypic evaluation scale',NULL,0,0),
(70001,20001,'0','0= no detectable damage',NULL,0,0),
(70002,20001,'1','1= 1-20% necrotic foliage',NULL,0,0),
(70003,20001,'2','2= 21-40% necrotic foliage',NULL,0,0),
(70004,20001,'3','3= 41-60% necrotic foliage',NULL,0,0),
(70005,20001,'4','4= 61-80% necrotic foliage',NULL,0,0),
(70006,20001,'5','5= 81-100% necrotic foliage',NULL,0,0),
(70007,20002,'1','1= severe',NULL,0,0),
(70008,20002,'2','2= high',NULL,0,0),
(70009,20002,'3','3= medium',NULL,0,0),
(70010,20002,'4','4= low',NULL,0,0),
(70011,20002,'5','5= none',NULL,0,0),
(70012,20003,'1','1=very stemmy',NULL,0,0),
(70013,20003,'2','2= stemmy',NULL,0,0),
(70014,20003,'3','3= intermediate',NULL,0,0),
(70015,20003,'4','4 = leafy',NULL,0,0),
(70016,20003,'5','5= very leafy',NULL,0,0),
(70017,20004,'SX','SX = sexual',NULL,0,0),
(70018,20004,'FA','FA = facultative apomictic',NULL,0,0),
(70019,20004,'AP','AP = apomictic',NULL,0,0),
(70020,20005,'1','1= highly susceptible ',NULL,0,0),
(70021,20005,'2','2= susceptible ',NULL,0,0),
(70022,20005,'3','3= intermediate',NULL,0,0),
(70023,20005,'4','4= tolerant',NULL,0,0),
(70024,20005,'5','5= highly tolerant',NULL,0,0),
(70025,20006,'1','1= no flowers',NULL,0,0),
(70026,20006,'2','2= few flowers',NULL,0,0),
(70027,20006,'3','3= moderate flowers',NULL,0,0),
(70028,20006,'4','4 = many flowers',NULL,0,0),
(70029,20006,'5','5= very many flowers',NULL,0,0),
(70030,20007,'1','1= very poor (VP)',NULL,0,0),
(70031,20007,'2','2= poor (P)',NULL,0,0),
(70032,20007,'3','3= fair (F)',NULL,0,0),
(70033,20007,'4','4= good (G)',NULL,0,0),
(70034,20007,'5','5= very good (VG)',NULL,0,0),
(70035,20008,'1','1= very poor(VP)',NULL,0,0),
(70036,20008,'2','2= poor (P)',NULL,0,0),
(70037,20008,'3','3= fair (F)',NULL,0,0),
(70038,20008,'4','4= good (G)',NULL,0,0),
(70039,20008,'5','5= very good (VG)',NULL,0,0),
(70040,20009,'1','1= very poor (VP)',NULL,0,0),
(70041,20009,'2','2= poor (P)',NULL,0,0),
(70042,20009,'3','3= fair (F)',NULL,0,0),
(70043,20009,'4','4= good (G)',NULL,0,0),
(70044,20009,'5','5= very good (VG)',NULL,0,0),
(70045,20010,'1','1= dead',NULL,0,0),
(70046,20010,'2','2= extremely low biomass',NULL,0,0),
(70047,20010,'3','3= very low biomass',NULL,0,0),
(70048,20010,'4','4= low biomass',NULL,0,0),
(70049,20010,'5','5= moderately low biomass',NULL,0,0),
(70050,20010,'6','6= average biomass',NULL,0,0),
(70051,20010,'7','7= moderately high biomass',NULL,0,0),
(70052,20010,'8','8= high biomass',NULL,0,0),
(70053,20010,'9','9= very high biomass',NULL,0,0),
(70054,20010,'10','10= extremely high biomass',NULL,0,0),
(70058,20012,'1','1= veryprostrate',NULL,0,0),
(70059,20012,'2','2= prostrate',NULL,0,0),
(70060,20012,'3','3= medium growth habit',NULL,0,0),
(70061,20012,'4','4 = erect',NULL,0,0),
(70062,20012,'5','5= very erect',NULL,0,0),
(70063,20013,'1','1 = dead',NULL,0,0),
(70064,20013,'2','2= culled',NULL,0,0),
(70065,20013,'3','3= kept for future evaluation',NULL,0,0),
(70066,20013,'4','4= selected as promising',NULL,0,0),
(70067,20013,'5','5=selected as very promising ',NULL,0,0),
(70068,20014,'0','0= no detectable damage',NULL,0,0),
(70069,20014,'1','1= 1-20% necrotic foliage',NULL,0,0),
(70070,20014,'2','2= 21-40% necrotic foliage',NULL,0,0),
(70071,20014,'3','3= 41-60% necrotic foliage',NULL,0,0),
(70072,20014,'4','4=61-80% necrotic foliage',NULL,0,0),
(70073,20014,'5','5= 81-100% necrotic foliage',NULL,0,0),
(70074,20015,'0','0= nodetectable damage',NULL,0,0),
(70075,20015,'1','1= 1-20% necrotic foliage',NULL,0,0),
(70076,20015,'2','2= 21-40% necrotic foliage',NULL,0,0),
(70077,20015,'3','3= 41-60% necrotic foliage',NULL,0,0),
(70078,20015,'4','4= 61-80% necrotic foliage',NULL,0,0),
(70079,20015,'5','5= 81-100%necrotic foliage',NULL,0,0),
(70080,20016,'0','0= no detectable damage',NULL,0,0),
(70081,20016,'1','1= 1-20% necrotic foliage',NULL,0,0),
(70082,20016,'2','2= 21-40% necrotic foliage',NULL,0,0),
(70083,20016,'3','3= 41-60% necrotic foliage',NULL,0,0),
(70084,20016,'4','4= 61-80% necrotic foliage',NULL,0,0),
(70085,20016,'5','5= 81-100% necrotic foliage',NULL,0,0),
(70086,20017,'0','0= no detectabledamage',NULL,0,0),
(70087,20017,'1','1= 1-20% necrotic foliage',NULL,0,0),
(70088,20017,'2','2= 21-40% necrotic foliage',NULL,0,0),
(70089,20017,'3','3= 41-60% necrotic foliage',NULL,0,0),
(70090,20017,'4','4= 61-80% necrotic foliage',NULL,0,0),
(70091,20017,'5','5= 81-100% necrotic foliage',NULL,0,0),
(70092,20018,'0','0= no detectable damage',NULL,0,0),
(70093,20018,'1','1= 1-20% necrotic foliage',NULL,0,0),
(70094,20018,'2','2= 21-40% necrotic foliage',NULL,0,0),
(70095,20018,'3','3= 41-60% necrotic foliage',NULL,0,0),
(70096,20018,'4','4= 61-80% necrotic foliage',NULL,0,0),
(70097,20018,'5','5= 81-100% necrotic foliage',NULL,0,0),
(70098,20019,'0','0= no detectable damage',NULL,0,0),
(70099,20019,'1','1= 1-20% necrotic foliage',NULL,0,0),
(70100,20019,'2','2= 21-40% necrotic foliage',NULL,0,0),
(70101,20019,'3','3= 41-60% necrotic foliage',NULL,0,0),
(70102,20019,'4','4= 61-80% necrotic foliage',NULL,0,0),
(70103,20019,'5','5= 81-100% necrotic foliage',NULL,0,0),
(70104,20020,'0','0= no symptoms observed',NULL,0,0),
(70105,20020,'1','1= mild to moderate symptoms',NULL,0,0),
(70106,20020,'2','2= severe symptoms',NULL,0,0),
(70107,20021,'0','0= no detectable damage',NULL,0,0),
(70108,20021,'1','1= 1-20% necrotic foliage',NULL,0,0),
(70109,20021,'2','2= 21-40% necrotic foliage',NULL,0,0),
(70110,20021,'3','3= 41-60% necrotic foliage',NULL,0,0),
(70111,20021,'4','4= 61-80% necrotic foliage',NULL,0,0),
(70112,20021,'5','5= 81-100% necrotic foliage',NULL,0,0),
(70113,20022,'0','0= no detectable damage',NULL,0,0),
(70114,20022,'1','1= 1-20% necrotic foliage',NULL,0,0),
(70115,20022,'2','2= 21-40% necrotic foliage',NULL,0,0),
(70116,20022,'3','3= 41-60% necrotic foliage',NULL,0,0),
(70117,20022,'4','4= 61-80% necrotic foliage',NULL,0,0),
(70118,20022,'5','5= 81-100% necrotic foliage',NULL,0,0),
(70119,20023,'N','N= narrow',NULL,0,0),
(70120,20023,'M','M= medium',NULL,0,0),
(70121,20023,'W','W= wide',NULL,0,0),
(70125,20025,'1','1= very poor (VP)',NULL,0,0),
(70126,20025,'2','2= poor (P)',NULL,0,0),
(70127,20025,'3','3= fair (F)',NULL,0,0),
(70128,20025,'4','4= good (G)',NULL,0,0),
(70129,20025,'5','5=very good (VG)',NULL,0,0),
(70130,20026,'1','1= very poor (VP)',NULL,0,0),
(70131,20026,'2','2= poor (P)',NULL,0,0),
(70132,20026,'3','3= fair (F)',NULL,0,0),
(70133,20026,'4','4= good (G)',NULL,0,0),
(70134,20026,'5','5= very good (VG)',NULL,0,0),
(70135,20027,'0','0=no symptoms observed',NULL,0,0),
(70136,20027,'1','1= mild to moderate symptoms',NULL,0,0),
(70137,20027,'2','2= severe symptoms',NULL,0,0),
(70138,20028,'1','1= very poor',NULL,0,0),
(70139,20028,'2','2= poor',NULL,0,0),
(70140,20028,'3','3= poor to fair',NULL,0,0),
(70141,20028,'4','4=fair',NULL,0,0),
(70142,20028,'5','5= fair to good',NULL,0,0),
(70143,20028,'6','6= good',NULL,0,0),
(70144,20028,'7','7= good to verygood',NULL,0,0),
(70145,20028,'8','8= very good',NULL,0,0),
(70146,20028,'9','9= very good to excellent',NULL,0,0),
(70147,20028,'10','10= excellent',NULL,0,0),
(70148,20029,'1','1= very poor',NULL,0,0),
(70149,20029,'2','2= poor',NULL,0,0),
(70150,20029,'3','3= poor to fair',NULL,0,0),
(70151,20029,'4','4= fair',NULL,0,0),
(70152,20029,'5','5= fair to good',NULL,0,0),
(70153,20029,'6','6= good',NULL,0,0),
(70154,20029,'7','7= good to very good',NULL,0,0),
(70155,20029,'8','8= very good',NULL,0,0),
(70156,20029,'9','9= very good to excellent',NULL,0,0),
(70157,20029,'10','10= excellent',NULL,0,0),
(70158,20030,'1','1= very poor',NULL,0,0),
(70159,20030,'2','2= poor',NULL,0,0),
(70160,20030,'3','3= poor to fair',NULL,0,0),
(70161,20030,'4','4= fair',NULL,0,0),
(70162,20030,'5','5=fair to good',NULL,0,0),
(70163,20030,'6','6= good',NULL,0,0),
(70164,20030,'7','7= good to very good',NULL,0,0),
(70165,20030,'8','8=very good',NULL,0,0),
(70166,20030,'9','9= very good to excellent',NULL,0,0),
(70167,20030,'10','10= excellent',NULL,0,0),
(70170,20031,'1','1= no flowers',NULL,0,0),
(70171,20031,'2','2= few flowers',NULL,0,0),
(70172,20031,'3','3= moderate flowers',NULL,0,0),
(70173,20031,'4','4 = many flowers',NULL,0,0),
(70174,20031,'5','5= very many flowers',NULL,0,0),
(70175,20032,'1','1= no flowers',NULL,0,0),
(70176,20032,'2','2= few flowers',NULL,0,0),
(70177,20032,'3','3= moderate flowers',NULL,0,0),
(70178,20032,'4','4 = many flowers',NULL,0,0),
(70179,20032,'5','5= very many flowers',NULL,0,0),
(70180,20033,'1','1= no flowers',NULL,0,0),
(70181,20033,'2','2= few flowers',NULL,0,0),
(70182,20033,'3','3= moderate flowers',NULL,0,0),
(70183,20033,'4','4 = many flowers',NULL,0,0),
(70184,20033,'5','5= verymany flowers',NULL,0,0),
(70185,20034,'1','1= no flowers',NULL,0,0),
(70186,20034,'2','2= few flowers',NULL,0,0),
(70187,20034,'3','3=moderate flowers',NULL,0,0),
(70188,20034,'4','4 = many flowers',NULL,0,0),
(70189,20034,'5','5= very many flowers',NULL,0,0),
(70190,20035,'1','1= no flowers',NULL,0,0),
(70191,20035,'2','2= few flowers',NULL,0,0),
(70192,20035,'3','3= moderate flowers',NULL,0,0),
(70193,20035,'4','4 = manyflowers',NULL,0,0),
(70194,20035,'5','5= very many flowers',NULL,0,0),
(70195,20036,'1','1= very prostrate',NULL,0,0),
(70196,20036,'2','2= prostrate',NULL,0,0),
(70197,20036,'3','3= medium growth habit',NULL,0,0),
(70198,20036,'4','4 = erect',NULL,0,0),
(70199,20036,'5','5= very erect',NULL,0,0),
(70200,20037,'1','1= very prostrate',NULL,0,0),
(70201,20037,'2','2= prostrate',NULL,0,0),
(70202,20037,'3','3= medium growth habit',NULL,0,0),
(70203,20037,'4','4 = erect',NULL,0,0),
(70204,20037,'5','5= very erect',NULL,0,0),
(70205,20038,'1','1= very prostrate',NULL,0,0),
(70206,20038,'2','2= prostrate',NULL,0,0),
(70207,20038,'3','3= medium growth habit',NULL,0,0),
(70208,20038,'4','4 = erect',NULL,0,0),
(70209,20038,'5','5= very erect',NULL,0,0),
(70210,20039,'1','1= very prostrate',NULL,0,0),
(70211,20039,'2','2= prostrate',NULL,0,0),
(70212,20039,'3','3= medium growth habit',NULL,0,0),
(70213,20039,'4','4 =erect',NULL,0,0),
(70214,20039,'5','5= very erect',NULL,0,0),
(70215,20040,'1','1= very prostrate',NULL,0,0),
(70216,20040,'2','2= prostrate',NULL,0,0),
(70217,20040,'3','3= medium growth habit',NULL,0,0),
(70218,20040,'4','4 = erect',NULL,0,0),
(70219,20040,'5','5=very erect',NULL,0,0),
(70220,20041,'1','1= no biomass',NULL,0,0),
(70221,20041,'2','2= extremely low biomass',NULL,0,0),
(70222,20041,'3','3= very low biomass',NULL,0,0),
(70223,20041,'4','4= low biomass',NULL,0,0),
(70224,20041,'5','5= moderately low biomass',NULL,0,0),
(70225,20041,'6','6= average biomass',NULL,0,0),
(70226,20041,'7','7= moderately high biomass',NULL,0,0),
(70227,20041,'8','8= high biomass',NULL,0,0),
(70228,20041,'9','9= very high biomass',NULL,0,0),
(70229,20041,'10','10= extremely high biomass',NULL,0,0),
(70230,20042,'1','1= no biomass',NULL,0,0),
(70231,20042,'2','2= extremely low biomass',NULL,0,0),
(70232,20042,'3','3= very low biomass',NULL,0,0),
(70233,20042,'4','4= low biomass',NULL,0,0),
(70234,20042,'5','5= moderately low biomass',NULL,0,0),
(70235,20042,'6','6= average biomass',NULL,0,0),
(70236,20042,'7','7= moderately high biomass',NULL,0,0),
(70237,20042,'8','8= high biomass',NULL,0,0),
(70238,20042,'9','9= very high biomass',NULL,0,0),
(70239,20042,'10','10= extremely high biomass',NULL,0,0),
(70240,20043,'1','1= no biomass',NULL,0,0),
(70241,20043,'2','2= extremely low biomass',NULL,0,0),
(70242,20043,'3','3= very low biomass',NULL,0,0),
(70243,20043,'4','4=low biomass',NULL,0,0),
(70244,20043,'5','5= moderately low biomass',NULL,0,0),
(70245,20043,'6','6= average biomass',NULL,0,0),
(70246,20043,'7','7= moderatelyhigh biomass',NULL,0,0),
(70247,20043,'8','8= high biomass',NULL,0,0),
(70248,20043,'9','9= very high biomass',NULL,0,0),
(70249,20043,'10','10= extremely high biomass',NULL,0,0),
(70250,20044,'1','1= no biomass',NULL,0,0),
(70251,20044,'2','2= extremely low biomass',NULL,0,0),
(70252,20044,'3','3= very low biomass',NULL,0,0),
(70253,20044,'4','4= low biomass',NULL,0,0),
(70254,20044,'5','5= moderately low biomass',NULL,0,0),
(70255,20044,'6','6= average biomass',NULL,0,0),
(70256,20044,'7','7= moderately high biomass',NULL,0,0),
(70257,20044,'8','8= high biomass',NULL,0,0),
(70258,20044,'9','9= very high biomass',NULL,0,0),
(70259,20044,'10','10= extremely high biomass',NULL,0,0),
(70260,20045,'1','1= no biomass',NULL,0,0),
(70261,20045,'2','2= extremely low biomass',NULL,0,0),
(70262,20045,'3','3= very low biomass',NULL,0,0),
(70263,20045,'4','4= low biomass',NULL,0,0),
(70264,20045,'5','5= moderately low biomass',NULL,0,0),
(70265,20045,'6','6= average biomass',NULL,0,0),
(70266,20045,'7','7= moderately high biomass',NULL,0,0),
(70267,20045,'8','8= high biomass',NULL,0,0),
(70268,20045,'9','9= very high biomass',NULL,0,0),
(70269,20045,'10','10= extremely high biomass',NULL,0,0),
(70270,20046,'0','0= no symptoms observed',NULL,0,0),
(70271,20046,'1','1= mild to moderate symptoms',NULL,0,0),
(70272,20046,'2','2= severe symptoms',NULL,0,0),
(70273,20047,'0','0= no symptoms observed',NULL,0,0),
(70274,20047,'1','1= mild to moderate symptoms',NULL,0,0),
(70275,20047,'2','2= severe symptoms',NULL,0,0),
(70276,20048,'0','0= no symptoms observed',NULL,0,0),
(70277,20048,'1','1= mild to moderate symptoms',NULL,0,0),
(70278,20048,'2','2= severe symptoms',NULL,0,0),
(70279,20049,'0','0= no symptomsobserved',NULL,0,0),
(70280,20049,'1','1= mild to moderate symptoms',NULL,0,0),
(70281,20049,'2','2= severe symptoms',NULL,0,0),
(70282,20050,'0','0= no symptoms observed',NULL,0,0),
(70283,20050,'1','1= mild to moderate symptoms',NULL,0,0),
(70284,20050,'2','2= severe symptoms',NULL,0,0),
(70285,20051,'1','1= very stemmy',NULL,0,0),
(70286,20051,'2','2= stemmy',NULL,0,0),
(70287,20051,'3','3= intermediate',NULL,0,0),
(70288,20051,'4','4 = leafy',NULL,0,0),
(70289,20051,'5','5= very leafy',NULL,0,0),
(70290,20052,'1','1= very stemmy',NULL,0,0),
(70291,20052,'2','2= stemmy',NULL,0,0),
(70292,20052,'3','3= intermediate',NULL,0,0),
(70293,20052,'4','4 = leafy',NULL,0,0),
(70294,20052,'5','5= very leafy',NULL,0,0),
(70295,20053,'1','1= very stemmy',NULL,0,0),
(70296,20053,'2','2= stemmy',NULL,0,0),
(70297,20053,'3','3= intermediate',NULL,0,0),
(70298,20053,'4','4 = leafy',NULL,0,0),
(70299,20053,'5','5= very leafy',NULL,0,0),
(70300,20054,'1','1= very stemmy',NULL,0,0),
(70301,20054,'2','2= stemmy',NULL,0,0),
(70302,20054,'3','3= intermediate',NULL,0,0),
(70303,20054,'4','4 = leafy',NULL,0,0),
(70304,20054,'5','5= very leafy',NULL,0,0),
(70305,20055,'1','1= very stemmy',NULL,0,0),
(70306,20055,'2','2=stemmy',NULL,0,0),
(70307,20055,'3','3= intermediate',NULL,0,0),
(70308,20055,'4','4 = leafy',NULL,0,0),
(70309,20055,'5','5= very leafy',NULL,0,0),
(70310,20056,'1','1 = dead',NULL,0,0),
(70311,20056,'2','2= culled',NULL,0,0),
(70312,20056,'3','3= kept for future evaluation',NULL,0,0),
(70313,20056,'4','4= selected as promising',NULL,0,0),
(70314,20056,'5','5= selected as very promising ',NULL,0,0),
(70315,20057,'1','1 = dead',NULL,0,0),
(70316,20057,'2','2= culled',NULL,0,0),
(70317,20057,'3','3= kept for future evaluation',NULL,0,0),
(70318,20057,'4','4= selected as promising',NULL,0,0),
(70319,20057,'5','5= selected as very promising ',NULL,0,0),
(70320,20058,'1','1 = dead',NULL,0,0),
(70321,20058,'2','2= culled',NULL,0,0),
(70322,20058,'3','3= kept for future evaluation',NULL,0,0),
(70323,20058,'4','4= selected as promising',NULL,0,0),
(70324,20058,'5','5= selected as very promising ',NULL,0,0),
(70325,20059,'1','1 = dead',NULL,0,0),
(70326,20059,'2','2= culled',NULL,0,0),
(70327,20059,'3','3= kept for future evaluation',NULL,0,0),
(70328,20059,'4','4= selected as promising',NULL,0,0),
(70329,20059,'5','5= selected as very promising ',NULL,0,0),
(70330,20060,'1','1 = dead',NULL,0,0),
(70331,20060,'2','2= culled',NULL,0,0),
(70332,20060,'3','3= kept for future evaluation',NULL,0,0),
(70333,20060,'4','4= selected as promising',NULL,0,0),
(70334,20060,'5','5= selected as very promising ',NULL,0,0),
(70381,1030,'Number of PQY_M_num','Number of PQY_M_num_generated',NULL,0,0),
(70382,1030,'Index of AlTol_C_idx','Index of AlTol_C_idx_generated',NULL,0,0),
(70383,1030,'g/plant of RBm_M_gPlnt','g/plant of RBm_M_gPlnt_generated',NULL,0,0),
(70384,1030,'g/plant of ShootBm_FW_gPlnt','g/plant of ShootBm_FW_gPlnt_generated',NULL,0,0),
(70385,1030,'g/plantof ShootBm_DW_gPlnt','g/plant of ShootBm_DW_gPlnt_generated',NULL,0,0),
(70386,1030,'g/plant of StmBm_DW_gPlnt','g/plant of StmBm_DW_gPlnt_generated',NULL,0,0),
(70387,1030,'g/plant of YLBm_DW_gPlnt','g/plant of YLBm_DW_gPlnt_generated',NULL,0,0),
(70388,1030,'0-5 Visual damage/severity score of AreduNDmg_E_0to5','0-5 Visual damage/severity score of AreduNDmg_E_0to5_generated',NULL,0,0),
(70389,1030,'0-5 Visual damage/severity score of AreduADmg_E_0to5','0-5 Visual damage/severity score of AreduADmg_E_0to5_generated',NULL,0,0),
(70390,1030,'Percent of AreduAnti_E_pct','Percent of AreduAnti_E_pct_generated',NULL,0,0),
(70391,1030,'Spittlebug adult/plant of AreduEN_C_EggPlnt','Spittlebug adult/plant of AreduEN_C_EggPlnt_generated',NULL,0,0),
(70392,1030,'0-5 Visual damage/severity score ofAvariADmg_E_0to5','0-5 Visual damage/severity score of AvariADmg_E_0to5_generated',NULL,0,0),
(70393,1030,'Spittlebug adult/plant ofAvariAN_C_AdultPlnt','Spittlebug adult/plant of AvariAN_C_AdultPlnt_generated',NULL,0,0),
(70394,1030,'Percent of AvariAnti_E_pct','Percent of AvariAnti_E_pct_generated',NULL,0,0),
(70395,1030,'Spittlebug adult/plant of AvariEN_C_EggPlnt','Spittlebug adult/plant ofAvariEN_C_EggPlnt_generated',NULL,0,0),
(70396,1030,'0-5 Visual damage/severity score of AvariNDmg_E_0to5','0-5 Visual damage/severity score of AvariNDmg_E_0to5_generated',NULL,0,0),
(70397,1030,'0-5 Visual damage/severity score of PsimuADmg_E_0to5','0-5 Visual damage/severity score of PsimuADmg_E_0to5_generated',NULL,0,0),
(70398,1030,'Percent of SpittleAnti_E_pct','Percent of SpittleAnti_E_pct_generated',NULL,0,0),
(70399,1030,'Number of SpittleNDmg_C_num','Number of SpittleNDmg_C_num_generated',NULL,0,0),
(70400,1030,'0-5 Visual damage/severity score of PsimuNDmg_E_0to5','0-5 Visual damage/severity score of PsimuNDmg_E_0to5_generated',NULL,0,0),
(70401,1030,'Spittlebug adult/plant of PsimuAN_C_AdultPlnt','Spittlebug adult/plant of PsimuAN_C_AdultPlnt_generated',NULL,0,0),
(70402,1030,'Percent of PsimuAnti_E_pct','Percent of PsimuAnti_E_pct_generated',NULL,0,0),
(70403,1030,'Spittlebug adult/plant of PsimuEN_C_EggPlnt','Spittlebug adult/plant of PsimuEN_C_EggPlnt_generated',NULL,0,0),
(70404,1030,'0-5 Visual damage/severity score of ZcarbADmg_E_0to5','0-5 Visual damage/severity score of ZcarbADmg_E_0to5_generated',NULL,0,0),
(70405,1030,'Spittlebugadult/plant of SpittleAN_C_AdultPlnt','Spittlebug adult/plant of SpittleAN_C_AdultPlnt_generated',NULL,0,0),
(70406,1030,'0-5 Visualdamage/severity score of ZcarbNDmg_E_0to5','0-5 Visual damage/severity score of ZcarbNDmg_E_0to5_generated',NULL,0,0),
(70407,1030,'Spittlebug adult/plant of ZcarbAN_C_AdultPlnt','Spittlebug adult/plant of ZcarbAN_C_AdultPlnt_generated',NULL,0,0),
(70408,1030,'Percent of ZcarbAnti_E_pct','Percent of ZcarbAnti_E_pct_generated',NULL,0,0),
(70409,1030,'Spittlebug adult/plant of ZcarbEN_C_EggPlnt','Spittlebug adult/plant of ZcarbEN_C_EggPlnt_generated',NULL,0,0),
(70410,1030,'g of CylW_M_g_T1','g of CylW_M_g_T1_generated',NULL,0,0),
(70411,1030,'cm of LLng_M_cm','cm of LLng_M_cm_generated',NULL,0,0),
(70412,1030,'Percent of LWidLngR_C_pct','Percent of LWidLngR_C_pct_generated',NULL,0,0),
(70413,1030,'cm of LWid_M_cm','cm of LWid_M_cm_generated',NULL,0,0),
(70414,1030,'cm of PH_M_cm','cm of PH_M_cm_generated',NULL,0,0),
(70415,1030,'Percent of BmADF_NIR_pct','Percent of BmADF_NIR_pct_generated',NULL,0,0),
(70416,1030,'Percentof BmADF_M_pct','Percent of BmADF_M_pct_generated',NULL,0,0),
(70417,1030,'Percent of BmCP_NIR_pct','Percent of BmCP_NIR_pct_generated',NULL,0,0),
(70418,1030,'Percent of BmCP_M_pct','Percent of BmCP_M_pct_generated',NULL,0,0),
(70419,1030,'Percent of BmIVDMD_NIR_pct','Percent of BmIVDMD_NIR_pct_generated',NULL,0,0),
(70420,1030,'Percent of BmIVDMD_M_pct','Percent of BmIVDMD_M_pct_generated',NULL,0,0),
(70421,1030,'Percent of BmNDF_NIR_pct','Percent of BmNDF_NIR_pct_generated',NULL,0,0),
(70422,1030,'Percent of BmNDF_M_pct','Percent of BmNDF_M_pct_generated',NULL,0,0),
(70423,1030,'Percent of IVDMDNDF_NIR_pct','Percent of IVDMDNDF_NIR_pct_generated',NULL,0,0),
(70424,1030,'Percent of IVDMDNDF_M_pct','Percent of IVDMDNDF_M_pct_generated',NULL,0,0),
(70425,1030,'1-5 General evaluation scale of PA_E_1to5_aTreat','1-5 General evaluation scale of PA_E_1to5_aTreat_generated',NULL,0,0),
(70426,1030,'1-5 General evaluation scale of PA_E_1to5_bTreat','1-5 General evaluation scale of PA_E_1to5_bTreat_generated',NULL,0,0),
(70427,1030,'1-10 General aspect scoreof RA_E_1to10_T1','1-10 Generalaspect score of RA_E_1to10_T1_generated',NULL,0,0),
(70428,1030,'1-10 General aspect score of RA_E_1to10_T2','1-10 General aspect score of RA_E_1to10_T2_generated',NULL,0,0),
(70429,1030,'1-5 Flower abundance scale of FN_E_1to5_T1','1-5 Flower abundance scale of FN_E_1to5_T1_generated',NULL,0,0),
(70430,1030,'1-5 Flower abundance scale of FN_E_1to5_T2','1-5 Flowerabundance scale of FN_E_1to5_T2_generated',NULL,0,0),
(70431,1030,'1-5 Flower abundance scale of FN_E_1to5_T3','1-5 Flower abundancescale of FN_E_1to5_T3_generated',NULL,0,0),
(70432,1030,'1-5 Flower abundance scale of FN_E_1to5_T4','1-5 Flower abundance scale of FN_E_1to5_T4_generated',NULL,0,0),
(70433,1030,'1-5 Flower abundance scale of FN_E_1to5_T5','1-5 Flower abundance scale of FN_E_1to5_T5_generated',NULL,0,0),
(70434,1030,'1-5 Growth habit scale of GH_E_1to5_T1','1-5 Growth habit scale of GH_E_1to5_T1_generated',NULL,0,0),
(70435,1030,'1-5 Growth habit scale of GH_E_1to5_T2','1-5 Growth habit scale of GH_E_1to5_T2_generated',NULL,0,0),
(70436,1030,'1-5 Growth habit scale of GH_E_1to5_T3','1-5 Growth habit scale of GH_E_1to5_T3_generated',NULL,0,0),
(70437,1030,'1-5 Growth habit scale of GH_E_1to5_T4','1-5 Growthhabit scale of GH_E_1to5_T4_generated',NULL,0,0),
(70438,1030,'1-5 Growth habit scale of GH_E_1to5_T5','1-5 Growth habit scale of GH_E_1to5_T5_generated',NULL,0,0),
(70439,1030,'1-10 Biomass scale of PBm_E_1to10_T1','1-10 Biomass scale of PBm_E_1to10_T1_generated',NULL,0,0),
(70440,1030,'1-10 Biomass scale of PBm_E_1to10_T2','1-10 Biomass scale of PBm_E_1to10_T2_generated',NULL,0,0),
(70441,1030,'1-10 Biomass scale of PBm_E_1to10_T3','1-10 Biomass scale of PBm_E_1to10_T3_generated',NULL,0,0),
(70442,1030,'1-10 Biomass scale ofPBm_E_1to10_T4','1-10 Biomass scale of PBm_E_1to10_T4_generated',NULL,0,0),
(70443,1030,'1-10 Biomassscale of PBm_E_1to10_T5','1-10 Biomass scale of PBm_E_1to10_T5_generated',NULL,0,0),
(70444,1030,'0-2 Symptoms general scale of PChlorosis_E_0to2_T1','0-2 Symptoms general scale of PChlorosis_E_0to2_T1_generated',NULL,0,0),
(70445,1030,'0-2 Symptoms general scale of PChlorosis_E_0to2_T2','0-2 Symptoms general scale of PChlorosis_E_0to2_T2_generated',NULL,0,0),
(70446,1030,'0-2 Symptoms general scale of PChlorosis_E_0to2_T3','0-2 Symptoms general scale of PChlorosis_E_0to2_T3_generated',NULL,0,0),
(70447,1030,'0-2 Symptoms general scale of PChlorosis_E_0to2_T4','0-2 Symptoms general scale of PChlorosis_E_0to2_T4_generated',NULL,0,0),
(70448,1030,'0-2 Symptoms general scale of PChlorosis_E_0to2_T5','0-2 Symptoms general scale of PChlorosis_E_0to2_T5_generated',NULL,0,0),
(70449,1030,'1-5 Plant leafiness scale of PLP_E_1to5_T2','1-5 Plant leafiness scale of PLP_E_1to5_T2_generated',NULL,0,0),
(70450,1030,'1-5 Plant leafiness scale of PLP_E_1to5_T3','1-5 Plant leafiness scale of PLP_E_1to5_T3_generated',NULL,0,0),
(70451,1030,'1-5 Plant leafiness scale of PLP_E_1to5_T4','1-5 Plant leafiness scale of PLP_E_1to5_T4_generated',NULL,0,0),
(70452,1030,'1-5 Plant leafiness scale of PLP_E_1to5_T5','1-5 Plant leafiness scale of PLP_E_1to5_T5_generated',NULL,0,0),
(70453,1030,'1-5 Phenotypic evaluation scale of PPP_E_1to5_T1','1-5 Phenotypic evaluationscale of PPP_E_1to5_T1_generated',NULL,0,0),
(70454,1030,'1-5 Phenotypic evaluation scale of PPP_E_1to5_T2','1-5 Phenotypic evaluation scale of PPP_E_1to5_T2_generated',NULL,0,0),
(70455,1030,'1-5 Phenotypic evaluation scale of PPP_E_1to5_T3','1-5 Phenotypic evaluation scale of PPP_E_1to5_T3_generated',NULL,0,0),
(70456,1030,'1-5 Phenotypic evaluation scale of PPP_E_1to5_T4','1-5 Phenotypic evaluation scale of PPP_E_1to5_T4_generated',NULL,0,0),
(70457,1030,'1-5 Phenotypic evaluation scale of PPP_E_1to5_T5','1-5 Phenotypic evaluation scale of PPP_E_1to5_T5_generated',NULL,0,0);
/*!40000 ALTER TABLE `cvterm` ENABLE KEYS */;                                                                                       
UNLOCK TABLES;                                                                                                                      
                                                                                                                                    
--                                                                                                                                  
-- Dumping data for table `cvterm_relationship`                                                                                     
--                                                                                                                                  
                                                                                                                                    
LOCK TABLES `cvterm_relationship` WRITE;                                                                                            
/*!40000 ALTER TABLE `cvterm_relationship` DISABLE KEYS */;                                                                         
INSERT INTO `cvterm_relationship` (`cvterm_relationship_id`, `type_id`, `subject_id`, `object_id`) VALUES
(20265,1225,20001,1360),
(20266,1225,20002,1410),
(20267,1225,20003,1340),
(20268,1225,20004,1340),
(20269,1225,20005,1340),
(20271,1225,20007,1340),
(20272,1225,20008,1340),
(20273,1225,20009,1340),
(20274,1225,20010,1340),
(20275,1225,20011,1350),
(20276,1225,20012,1340),
(20277,1225,20013,1410),
(20278,1225,20014,1410),
(20279,1225,20015,1410),
(20280,1225,20016,1410),
(20281,1225,20017,1410),
(20282,1225,20018,1410),
(20283,1225,20019,1410),
(20284,1225,20020,1410),
(20285,1225,20021,1410),
(20286,1225,20022,1410),
(20287,1225,20023,1410),
(20288,1225,20024,1340),
(20290,1225,20026,1340),
(20291,1225,20027,1340),
(20292,1225,20028,1340),
(20298,1225,20034,1340),
(20299,1225,20035,1340),
(20300,1225,20036,1340),
(20301,1225,20037,1340),
(20302,1225,20038,1340),
(20303,1225,20039,1340),
(20304,1225,20040,1340),
(20305,1225,20041,1340),
(20307,1225,20043,1340),
(20308,1225,20044,1340),
(20309,1225,20045,1360),
(20310,1225,20046,1360),
(20311,1225,20047,1360),
(20312,1225,20048,1360),
(20313,1225,20049,1360),
(20314,1225,20050,1360),
(20315,1225,20051,1360),
(20316,1225,20052,1360),
(20317,1225,20053,1360),
(20318,1225,20054,1360),
(20319,1225,20055,1360),
(20320,1225,20056,1360),
(20321,1225,20057,1360),
(20322,1225,20058,1360),
(20323,1225,20059,1360),
(20324,1225,20060,1360),
(20325,1225,20061,1360),
(20327,1225,20063,1360),
(20328,1225,20064,1360),
(20329,1225,20065,1360),
(20330,1225,20066,1360),
(20331,1225,20067,1360),
(20332,1225,20068,1360),
(20333,1225,20069,1360),
(20334,1225,20070,1360),
(20335,1225,20071,1440),
(20337,1225,20073,1350),
(20338,1225,20074,1350),
(20339,1225,20075,1350),
(20342,1225,20078,1370),
(20344,1225,20080,1370),
(20346,1225,20082,1370),
(20348,1225,20084,1370),
(20350,1225,20086,1370),
(20980,1225,20090,1360),
(20981,1225,20091,1340),
(20982,1225,20092,1410),
(20351,1225,20093,1340),
(70418,1105,22001,1130),
(70001,1190,22001,70001),
(70002,1190,22001,70002),
(70003,1190,22001,70003),
(70004,1190,22001,70004),
(70005,1190,22001,70005),
(70006,1190,22001,70006),
(70419,1105,22002,1130),
(70007,1190,22002,70007),
(70008,1190,22002,70008),
(70009,1190,22002,70009),
(70010,1190,22002,70010),
(70011,1190,22002,70011),
(70420,1105,22003,1110),
(70421,1105,22006,1130),
(70012,1190,22006,70012),
(70013,1190,22006,70013),
(70014,1190,22006,70014),
(70015,1190,22006,70015),
(70016,1190,22006,70016),
(70422,1105,22012,1130),
(70017,1190,22012,70017),
(70018,1190,22012,70018),
(70019,1190,22012,70019),
(70423,1105,22013,1110),
(70424,1105,22014,1110),
(70427,1105,22017,1130),
(70020,1190,22017,70020),
(70021,1190,22017,70021),
(70022,1190,22017,70022),
(70023,1190,22017,70023),
(70024,1190,22017,70024),
(70428,1105,22018,1110),
(70429,1105,22019,1110),
(70430,1105,22020,1110),
(70431,1105,22021,1110),
(70433,1105,22024,1130),
(70025,1190,22024,70025),
(70026,1190,22024,70026),
(70027,1190,22024,70027),
(70028,1190,22024,70028),
(70029,1190,22024,70029),
(70434,1105,22025,1110),
(70435,1105,22028,1130),
(70030,1190,22028,70030),
(70031,1190,22028,70031),
(70032,1190,22028,70032),
(70033,1190,22028,70033),
(70436,1105,22031,1130),
(70045,1190,22031,70045),
(70046,1190,22031,70046),
(70047,1190,22031,70047),
(70048,1190,22031,70048),
(70049,1190,22031,70049),
(70050,1190,22031,70050),
(70051,1190,22031,70051),
(70052,1190,22031,70052),
(70053,1190,22031,70053),
(70054,1190,22031,70054),
(70437,1105,22034,1117),
(70438,1105,22037,1130),
(70058,1190,22037,70058),
(70059,1190,22037,70059),
(70060,1190,22037,70060),
(70061,1190,22037,70061),
(70062,1190,22037,70062),
(70439,1105,22038,1130),
(70063,1190,22038,70063),
(70064,1190,22038,70064),
(70065,1190,22038,70065),
(70066,1190,22038,70066),
(70067,1190,22038,70067),
(70447,1105,22047,1110),
(70462,1105,22062,1130),
(70104,1190,22062,70104),
(70105,1190,22062,70105),
(70106,1190,22062,70106),
(70465,1105,22065,1110),
(70470,1105,22070,1110),
(70473,1105,22074,1130),
(70119,1190,22074,70119),
(70120,1190,22074,70120),
(70121,1190,22074,70121),
(70487,1105,22090,1110),
(70490,1105,22091,1130),
(70135,1190,22091,70135),
(70136,1190,22091,70136),
(70137,1190,22091,70137),
(70491,1105,22092,1130),
(70138,1190,22092,70138),
(70139,1190,22092,70139),
(70140,1190,22092,70140),
(70141,1190,22092,70141),
(70142,1190,22092,70142),
(70143,1190,22092,70143),
(70144,1190,22092,70144),
(70145,1190,22092,70145),
(70146,1190,22092,70146),
(70147,1190,22092,70147),
(70514,1105,22093,1130),
(70285,1190,22093,70285),
(70286,1190,22093,70286),
(70287,1190,22093,70287),
(70288,1190,22093,70288),
(70289,1190,22093,70289),
(20001,1200,25001,20001),
(20002,1210,25001,21001),
(20003,1220,25001,22001),
(20004,1200,25002,20002),
(20005,1210,25002,21002),
(20006,1220,25002,22002),
(20007,1200,25003,20003),
(20008,1210,25003,21003),
(20009,1220,25003,22003),
(20012,1220,25004,17050),
(20010,1200,25004,20004),
(20011,1210,25004,21004),
(20015,1220,25005,17050),
(20013,1200,25005,20005),
(20014,1210,25005,21005),
(20016,1200,25006,20005),
(20017,1210,25006,21006),
(20018,1220,25006,22006),
(20021,1220,25007,17050),
(20019,1200,25007,20007),
(20020,1210,25007,21007),
(20024,1220,25008,17050),
(20022,1200,25008,20008),
(20023,1210,25008,21008),
(20025,1200,25009,20009),
(20026,1210,25009,21009),
(20027,1220,25009,22003),
(20028,1200,25010,20010),
(20029,1210,25010,21010),
(20030,1220,25010,22003),
(20033,1220,25011,6085),
(20031,1200,25011,20011),
(20032,1210,25011,21011),
(20034,1200,25012,20012),
(20035,1210,25012,21012),
(20036,1220,25012,22012),
(20037,1200,25013,20013),
(20038,1210,25013,21013),
(20039,1220,25013,22013),
(20040,1200,25014,20014),
(20041,1210,25014,21014),
(20042,1220,25014,22014),
(20043,1200,25015,20015),
(20044,1210,25015,21015),
(20045,1220,25015,70381),
(20046,1200,25016,20016),
(20047,1210,25016,21016),
(20048,1220,25016,70382),
(20049,1200,25017,20017),
(20050,1210,25017,21017),
(20051,1220,25017,22017),
(20052,1200,25018,20018),
(20053,1210,25018,21018),
(20054,1220,25018,22018),
(20055,1200,25019,20019),
(20056,1210,25019,21019),
(20057,1220,25019,22019),
(20058,1200,25020,20020),
(20059,1210,25020,21020),
(20060,1220,25020,22020),
(20061,1200,25021,20021),
(20062,1210,25021,21021),
(20063,1220,25021,22021),
(20064,1200,25022,20022),
(20065,1210,25022,21022),
(20066,1220,25022,22021),
(20069,1220,25023,17021),
(20067,1200,25023,20023),
(20068,1210,25023,21023),
(20070,1200,25024,20024),
(20071,1210,25024,21024),
(20072,1220,25024,22024),
(20073,1200,25025,20024),
(20074,1210,25025,21025),
(20075,1220,25025,22025),
(20076,1200,25026,20026),
(20077,1210,25026,21026),
(20078,1220,25026,22003),
(20079,1200,25027,20027),
(20080,1210,25027,21027),
(20081,1220,25027,22003),
(20082,1200,25028,20028),
(20083,1210,25028,21028),
(20084,1220,25028,22028),
(20091,1200,25031,20003),
(20092,1210,25031,21031),
(20093,1220,25031,22031),
(20094,1200,25032,20003),
(20095,1210,25032,21032),
(20096,1220,25032,22003),
(20097,1200,25033,20003),
(20098,1210,25033,21033),
(20099,1220,25033,22003),
(20100,1200,25034,20034),
(20101,1210,25034,21034),
(20102,1220,25034,22034),
(20109,1200,25037,20037),
(20110,1210,25037,21037),
(20111,1220,25037,22037),
(20112,1200,25038,20038),
(20113,1210,25038,21038),
(20114,1220,25038,22038),
(20115,1200,25039,20039),
(20116,1210,25039,21039),
(20117,1220,25039,22034),
(20118,1200,25040,20040),
(20119,1210,25040,21040),
(20120,1220,25040,70383),
(20121,1200,25041,20041),
(20122,1210,25041,21041),
(20123,1220,25041,70384),
(20124,1200,25042,20041),
(20125,1210,25042,21042),
(20126,1220,25042,70385),
(20127,1200,25043,20043),
(20128,1210,25043,21043),
(20129,1220,25043,70386),
(20130,1200,25044,20044),
(20131,1210,25044,21044),
(20132,1220,25044,70387),
(20133,1200,25045,20045),
(20134,1210,25045,21045),
(20135,1220,25045,70388),
(20136,1200,25046,20046),
(20137,1210,25046,21046),
(20138,1220,25046,70389),
(20139,1200,25047,20047),
(20140,1210,25047,21047),
(20141,1220,25047,22047),
(20142,1200,25048,20048),
(20143,1210,25048,21048),
(20144,1220,25048,70390),
(20145,1200,25049,20049),
(20146,1210,25049,21049),
(20147,1220,25049,70391),
(20148,1200,25050,20050),
(20149,1210,25050,21046),
(20150,1220,25050,70392),
(20151,1200,25051,20051),
(20152,1210,25051,21047),
(20153,1220,25051,70393),
(20154,1200,25052,20052),
(20155,1210,25052,21048),
(20156,1220,25052,70394),
(20157,1200,25053,20053),
(20158,1210,25053,21049),
(20159,1220,25053,70395),
(20160,1200,25054,20054),
(20161,1210,25054,21045),
(20162,1220,25054,70396),
(20163,1200,25055,20055),
(20164,1210,25055,21046),
(20165,1220,25055,70397),
(20166,1200,25056,20056),
(20167,1210,25056,21056),
(20168,1220,25056,70398),
(20169,1200,25057,20057),
(20170,1210,25057,21057),
(20171,1220,25057,70399),
(20172,1200,25058,20058),
(20173,1210,25058,21045),
(20174,1220,25058,70400),
(20175,1200,25059,20059),
(20176,1210,25059,21047),
(20177,1220,25059,70401),
(20178,1200,25060,20060),
(20179,1210,25060,21048),
(20180,1220,25060,70402),
(20181,1200,25061,20061),
(20182,1210,25061,21049),
(20183,1220,25061,70403),
(20184,1200,25062,20001),
(20185,1210,25062,21001),
(20186,1220,25062,22062),
(20187,1200,25063,20063),
(20188,1210,25063,21046),
(20189,1220,25063,70404),
(20190,1200,25064,20064),
(20191,1210,25064,21047),
(20192,1220,25064,70405),
(20193,1200,25065,20065),
(20194,1210,25065,21049),
(20195,1220,25065,22065),
(20196,1200,25066,20066),
(20197,1210,25066,21045),
(20198,1220,25066,70406),
(20199,1200,25067,20067),
(20200,1210,25067,21047),
(20201,1220,25067,70407),
(20202,1200,25068,20068),
(20203,1210,25068,21048),
(20204,1220,25068,70408),
(20205,1200,25069,20069),
(20206,1210,25069,21049),
(20207,1220,25069,70409),
(20208,1200,25070,20070),
(20209,1210,25070,21070),
(20210,1220,25070,22070),
(20211,1200,25071,20071),
(20212,1210,25071,21105),
(20213,1220,25071,70410),
(20217,1200,25073,20073),
(20218,1210,25073,21073),
(20219,1220,25073,70411),
(20220,1200,25074,20074),
(20221,1210,25074,21074),
(20222,1220,25074,22074),
(20223,1200,25075,20075),
(20224,1210,25075,21075),
(20225,1220,25075,70412),
(20226,1200,25076,20074),
(20227,1210,25076,21076),
(20228,1220,25076,70413),
(20229,1200,25077,20093),
(20230,1210,25077,21077),
(20231,1220,25077,70414),
(20232,1200,25078,20078),
(20233,1210,25078,21080),
(20234,1220,25078,70415),
(20235,1200,25079,20078),
(20236,1210,25079,21081),
(20237,1220,25079,70416),
(20238,1200,25080,20080),
(20239,1210,25080,21080),
(20240,1220,25080,70417),
(20241,1200,25081,20080),
(20242,1210,25081,21081),
(20243,1220,25081,70418),
(20244,1200,25082,20082),
(20245,1210,25082,21080),
(20246,1220,25082,70419),
(20247,1200,25083,20082),
(20248,1210,25083,21081),
(20249,1220,25083,70420),
(20250,1200,25084,20084),
(20251,1210,25084,21080),
(20252,1220,25084,70421),
(20253,1200,25085,20084),
(20254,1210,25085,21081),
(20255,1220,25085,70422),
(20256,1200,25086,20086),
(20257,1210,25086,21080),
(20258,1220,25086,70423),
(20259,1200,25087,20086),
(20260,1210,25087,21081),
(20261,1220,25087,70424),
(20651,1210,25090,4030),
(20650,1200,25090,20090),
(20652,1220,25090,22090),
(20655,1220,25091,17050),
(20653,1200,25091,20078),
(20654,1210,25091,21091),
(20658,1220,25092,17050),
(20656,1200,25092,20078),
(20657,1210,25092,21092),
(20661,1220,25093,17050),
(20659,1200,25093,20078),
(20660,1210,25093,21093),
(20664,1220,25094,17050),
(20662,1200,25094,20078),
(20663,1210,25094,21094),
(20667,1220,25095,17050),
(20665,1200,25095,20078),
(20666,1210,25095,21095),
(20670,1220,25096,17050),
(20668,1200,25096,20078),
(20669,1210,25096,21096),
(20673,1220,25097,17050),
(20671,1200,25097,20078),
(20672,1210,25097,21097),
(20676,1220,25098,17050),
(20674,1200,25098,20078),
(20675,1210,25098,21098),
(20679,1220,25099,17050),
(20677,1200,25099,20080),
(20678,1210,25099,21091),
(20682,1220,25100,17050),
(20680,1200,25100,20080),
(20681,1210,25100,21092),
(20685,1220,25101,17050),
(20683,1200,25101,20080),
(20684,1210,25101,21093),
(20688,1220,25102,17050),
(20686,1200,25102,20080),
(20687,1210,25102,21094),
(20691,1220,25103,17050),
(20689,1200,25103,20080),
(20690,1210,25103,21095),
(20694,1220,25104,17050),
(20692,1200,25104,20080),
(20693,1210,25104,21096),
(20697,1220,25105,17050),
(20695,1200,25105,20080),
(20696,1210,25105,21097),
(20700,1220,25106,17050),
(20698,1200,25106,20080),
(20699,1210,25106,21098),
(20703,1220,25107,17050),
(20701,1200,25107,20082),
(20702,1210,25107,21091),
(20706,1220,25108,17050),
(20704,1200,25108,20082),
(20705,1210,25108,21092),
(20709,1220,25109,17050),
(20707,1200,25109,20082),
(20708,1210,25109,21093),
(20712,1220,25110,17050),
(20710,1200,25110,20082),
(20711,1210,25110,21094),
(20715,1220,25111,17050),
(20713,1200,25111,20082),
(20714,1210,25111,21095),
(20718,1220,25112,17050),
(20716,1200,25112,20082),
(20717,1210,25112,21096),
(20721,1220,25113,17050),
(20719,1200,25113,20082),
(20720,1210,25113,21097),
(20724,1220,25114,17050),
(20722,1200,25114,20082),
(20723,1210,25114,21098),
(20727,1220,25115,17050),
(20725,1200,25115,20084),
(20726,1210,25115,21091),
(20730,1220,25116,17050),
(20728,1200,25116,20084),
(20729,1210,25116,21092),
(20733,1220,25117,17050),
(20731,1200,25117,20084),
(20732,1210,25117,21093),
(20736,1220,25118,17050),
(20734,1200,25118,20084),
(20735,1210,25118,21094),
(20739,1220,25119,17050),
(20737,1200,25119,20084),
(20738,1210,25119,21095),
(20742,1220,25120,17050),
(20740,1200,25120,20084),
(20741,1210,25120,21096),
(20745,1220,25121,17050),
(20743,1200,25121,20084),
(20744,1210,25121,21097),
(20748,1220,25122,17050),
(20746,1200,25122,20084),
(20747,1210,25122,21098),
(20749,1200,25123,20091),
(20750,1210,25123,21099),
(20751,1220,25123,22003),
(20754,1220,25124,6087),
(20752,1200,25124,20071),
(20753,1210,25124,21071),
(20757,1220,25125,6087),
(20755,1200,25125,20071),
(20756,1210,25125,21100),
(20760,1220,25126,17050),
(20758,1200,25126,20086),
(20759,1210,25126,21091),
(20763,1220,25127,17050),
(20761,1200,25127,20086),
(20762,1210,25127,21092),
(20766,1220,25128,17050),
(20764,1200,25128,20086),
(20765,1210,25128,21093),
(20769,1220,25129,17050),
(20767,1200,25129,20086),
(20768,1210,25129,21094),
(20772,1220,25130,17050),
(20770,1200,25130,20086),
(20771,1210,25130,21095),
(20775,1220,25131,17050),
(20773,1200,25131,20086),
(20774,1210,25131,21096),
(20778,1220,25132,17050),
(20776,1200,25132,20086),
(20777,1210,25132,21097),
(20781,1220,25133,17050),
(20779,1200,25133,20086),
(20780,1210,25133,21098),
(20782,1200,25134,20028),
(20783,1210,25134,21106),
(20784,1220,25134,70425),
(20785,1200,25135,20028),
(20786,1210,25135,21107),
(20787,1220,25135,70426),
(20790,1220,25136,17070),
(20788,1200,25136,20003),
(20789,1210,25136,21003),
(20791,1200,25137,20035),
(20792,1210,25137,21035),
(20793,1220,25137,22091),
(20794,1200,25138,20036),
(20795,1210,25138,21036),
(20796,1220,25138,22013),
(20797,1200,25139,20092),
(20798,1210,25139,21101),
(20799,1220,25139,22092),
(20800,1200,25140,20092),
(20801,1210,25140,21102),
(20802,1220,25140,70427),
(20803,1200,25141,20092),
(20804,1210,25141,21103),
(20805,1220,25141,70428),
(20985,1200,25150,20024),
(20986,1210,25150,21110),
(20987,1220,25150,70429),
(20988,1200,25151,20024),
(20989,1210,25151,21111),
(20990,1220,25151,70430),
(20991,1200,25152,20024),
(20992,1210,25152,21112),
(20993,1220,25152,70431),
(20994,1200,25153,20024),
(20995,1210,25153,21113),
(20996,1220,25153,70432),
(20997,1200,25154,20024),
(20998,1210,25154,21114),
(20999,1220,25154,70433),
(21000,1200,25155,20037),
(21001,1210,25155,21115),
(21002,1220,25155,70434),
(21003,1200,25156,20037),
(21004,1210,25156,21116),
(21005,1220,25156,70435),
(21006,1200,25157,20037),
(21007,1210,25157,21117),
(21008,1220,25157,70436),
(21009,1200,25158,20037),
(21010,1210,25158,21118),
(21011,1220,25158,70437),
(21012,1200,25159,20037),
(21013,1210,25159,21119),
(21014,1220,25159,70438),
(21015,1200,25160,20003),
(21016,1210,25160,21120),
(21017,1220,25160,70439),
(21018,1200,25161,20003),
(21019,1210,25161,21121),
(21020,1220,25161,70440),
(21021,1200,25162,20003),
(21022,1210,25162,21122),
(21023,1220,25162,70441),
(21024,1200,25163,20003),
(21025,1210,25163,21123),
(21026,1220,25163,70442),
(21027,1200,25164,20003),
(21028,1210,25164,21124),
(21029,1220,25164,70443),
(21030,1200,25165,20035),
(21031,1210,25165,21125),
(21032,1220,25165,70444),
(21033,1200,25166,20035),
(21034,1210,25166,21126),
(21035,1220,25166,70445),
(21036,1200,25167,20035),
(21037,1210,25167,21127),
(21038,1220,25167,70446),
(21039,1200,25168,20035),
(21040,1210,25168,21128),
(21041,1220,25168,70447),
(21042,1200,25169,20035),
(21043,1210,25169,21129),
(21044,1220,25169,70448),
(21045,1200,25170,20005),
(21046,1210,25170,21130),
(21047,1220,25170,22093),
(21048,1200,25171,20005),
(21049,1210,25171,21131),
(21050,1220,25171,70449),
(21051,1200,25172,20005),
(21052,1210,25172,21132),
(21053,1220,25172,70450),
(21054,1200,25173,20005),
(21055,1210,25173,21133),
(21056,1220,25173,70451),
(21057,1200,25174,20005),
(21058,1210,25174,21134),
(21059,1220,25174,70452),
(21060,1200,25175,20038),
(21061,1210,25175,21135),
(21062,1220,25175,70453),
(21063,1200,25176,20038),
(21064,1210,25176,21136),
(21065,1220,25176,70454),
(21066,1200,25177,20038),
(21067,1210,25177,21137),
(21068,1220,25177,70455),
(21069,1200,25178,20038),
(21070,1210,25178,21138),
(21071,1220,25178,70456),
(21072,1200,25179,20038),
(21073,1210,25179,21139),
(21074,1220,25179,70457),
(70425,1105,70381,1110),
(70426,1105,70382,1110),
(70440,1105,70383,1110),
(70441,1105,70384,1110),
(70442,1105,70385,1110),
(70443,1105,70386,1110),
(70444,1105,70387,1110),
(70445,1105,70388,1130),
(70068,1190,70388,70068),
(70069,1190,70388,70069),
(70070,1190,70388,70070),
(70071,1190,70388,70071),
(70072,1190,70388,70072),
(70073,1190,70388,70073),
(70446,1105,70389,1130),
(70074,1190,70389,70074),
(70075,1190,70389,70075),
(70076,1190,70389,70076),
(70077,1190,70389,70077),
(70078,1190,70389,70078),
(70079,1190,70389,70079),
(70448,1105,70390,1110),
(70449,1105,70391,1110),
(70450,1105,70392,1130),
(70080,1190,70392,70080),
(70081,1190,70392,70081),
(70082,1190,70392,70082),
(70083,1190,70392,70083),
(70084,1190,70392,70084),
(70085,1190,70392,70085),
(70451,1105,70393,1110),
(70452,1105,70394,1110),
(70453,1105,70395,1110),
(70454,1105,70396,1130),
(70086,1190,70396,70086),
(70087,1190,70396,70087),
(70088,1190,70396,70088),
(70089,1190,70396,70089),
(70090,1190,70396,70090),
(70091,1190,70396,70091),
(70455,1105,70397,1130),
(70092,1190,70397,70092),
(70093,1190,70397,70093),
(70094,1190,70397,70094),
(70095,1190,70397,70095),
(70096,1190,70397,70096),
(70097,1190,70397,70097),
(70456,1105,70398,1110),
(70457,1105,70399,1110),
(70458,1105,70400,1130),
(70098,1190,70400,70098),
(70099,1190,70400,70099),
(70100,1190,70400,70100),
(70101,1190,70400,70101),
(70102,1190,70400,70102),
(70103,1190,70400,70103),
(70459,1105,70401,1110),
(70460,1105,70402,1110),
(70461,1105,70403,1110),
(70463,1105,70404,1130),
(70107,1190,70404,70107),
(70108,1190,70404,70108),
(70109,1190,70404,70109),
(70110,1190,70404,70110),
(70111,1190,70404,70111),
(70112,1190,70404,70112),
(70464,1105,70405,1110),
(70466,1105,70406,1130),
(70113,1190,70406,70113),
(70114,1190,70406,70114),
(70115,1190,70406,70115),
(70116,1190,70406,70116),
(70117,1190,70406,70117),
(70118,1190,70406,70118),
(70467,1105,70407,1110),
(70468,1105,70408,1110),
(70469,1105,70409,1110),
(70471,1105,70410,1110),
(70472,1105,70411,1110),
(70474,1105,70412,1110),
(70475,1105,70413,1110),
(70476,1105,70414,1110),
(70477,1105,70415,1110),
(70478,1105,70416,1110),
(70479,1105,70417,1110),
(70480,1105,70418,1110),
(70481,1105,70419,1110),
(70482,1105,70420,1110),
(70483,1105,70421,1110),
(70484,1105,70422,1110),
(70485,1105,70423,1110),
(70486,1105,70424,1110),
(70488,1105,70425,1130),
(70125,1190,70425,70125),
(70126,1190,70425,70126),
(70127,1190,70425,70127),
(70128,1190,70425,70128),
(70129,1190,70425,70129),
(70489,1105,70426,1130),
(70130,1190,70426,70130),
(70131,1190,70426,70131),
(70132,1190,70426,70132),
(70133,1190,70426,70133),
(70134,1190,70426,70134),
(70492,1105,70427,1130),
(70148,1190,70427,70148),
(70149,1190,70427,70149),
(70150,1190,70427,70150),
(70151,1190,70427,70151),
(70152,1190,70427,70152),
(70153,1190,70427,70153),
(70154,1190,70427,70154),
(70155,1190,70427,70155),
(70156,1190,70427,70156),
(70157,1190,70427,70157),
(70493,1105,70428,1130),
(70158,1190,70428,70158),
(70159,1190,70428,70159),
(70160,1190,70428,70160),
(70161,1190,70428,70161),
(70162,1190,70428,70162),
(70163,1190,70428,70163),
(70164,1190,70428,70164),
(70165,1190,70428,70165),
(70166,1190,70428,70166),
(70167,1190,70428,70167),
(70494,1105,70429,1130),
(70170,1190,70429,70170),
(70171,1190,70429,70171),
(70172,1190,70429,70172),
(70173,1190,70429,70173),
(70174,1190,70429,70174),
(70495,1105,70430,1130),
(70175,1190,70430,70175),
(70176,1190,70430,70176),
(70177,1190,70430,70177),
(70178,1190,70430,70178),
(70179,1190,70430,70179),
(70496,1105,70431,1130),
(70180,1190,70431,70180),
(70181,1190,70431,70181),
(70182,1190,70431,70182),
(70183,1190,70431,70183),
(70184,1190,70431,70184),
(70497,1105,70432,1130),
(70185,1190,70432,70185),
(70186,1190,70432,70186),
(70187,1190,70432,70187),
(70188,1190,70432,70188),
(70189,1190,70432,70189),
(70498,1105,70433,1130),
(70190,1190,70433,70190),
(70191,1190,70433,70191),
(70192,1190,70433,70192),
(70193,1190,70433,70193),
(70194,1190,70433,70194),
(70499,1105,70434,1130),
(70195,1190,70434,70195),
(70196,1190,70434,70196),
(70197,1190,70434,70197),
(70198,1190,70434,70198),
(70199,1190,70434,70199),
(70500,1105,70435,1130),
(70200,1190,70435,70200),
(70201,1190,70435,70201),
(70202,1190,70435,70202),
(70203,1190,70435,70203),
(70204,1190,70435,70204),
(70501,1105,70436,1130),
(70205,1190,70436,70205),
(70206,1190,70436,70206),
(70207,1190,70436,70207),
(70208,1190,70436,70208),
(70209,1190,70436,70209),
(70502,1105,70437,1130),
(70210,1190,70437,70210),
(70211,1190,70437,70211),
(70212,1190,70437,70212),
(70213,1190,70437,70213),
(70214,1190,70437,70214),
(70503,1105,70438,1130),
(70215,1190,70438,70215),
(70216,1190,70438,70216),
(70217,1190,70438,70217),
(70218,1190,70438,70218),
(70219,1190,70438,70219),
(70504,1105,70439,1130),
(70220,1190,70439,70220),
(70221,1190,70439,70221),
(70222,1190,70439,70222),
(70223,1190,70439,70223),
(70224,1190,70439,70224),
(70225,1190,70439,70225),
(70226,1190,70439,70226),
(70227,1190,70439,70227),
(70228,1190,70439,70228),
(70229,1190,70439,70229),
(70505,1105,70440,1130),
(70230,1190,70440,70230),
(70231,1190,70440,70231),
(70232,1190,70440,70232),
(70233,1190,70440,70233),
(70234,1190,70440,70234),
(70235,1190,70440,70235),
(70236,1190,70440,70236),
(70237,1190,70440,70237),
(70238,1190,70440,70238),
(70239,1190,70440,70239),
(70506,1105,70441,1130),
(70240,1190,70441,70240),
(70241,1190,70441,70241),
(70242,1190,70441,70242),
(70243,1190,70441,70243),
(70244,1190,70441,70244),
(70245,1190,70441,70245),
(70246,1190,70441,70246),
(70247,1190,70441,70247),
(70248,1190,70441,70248),
(70249,1190,70441,70249),
(70507,1105,70442,1130),
(70250,1190,70442,70250),
(70251,1190,70442,70251),
(70252,1190,70442,70252),
(70253,1190,70442,70253),
(70254,1190,70442,70254),
(70255,1190,70442,70255),
(70256,1190,70442,70256),
(70257,1190,70442,70257),
(70258,1190,70442,70258),
(70259,1190,70442,70259),
(70508,1105,70443,1130),
(70260,1190,70443,70260),
(70261,1190,70443,70261),
(70262,1190,70443,70262),
(70263,1190,70443,70263),
(70264,1190,70443,70264),
(70265,1190,70443,70265),
(70266,1190,70443,70266),
(70267,1190,70443,70267),
(70268,1190,70443,70268),
(70269,1190,70443,70269),
(70509,1105,70444,1130),
(70270,1190,70444,70270),
(70271,1190,70444,70271),
(70272,1190,70444,70272),
(70510,1105,70445,1130),
(70273,1190,70445,70273),
(70274,1190,70445,70274),
(70275,1190,70445,70275),
(70511,1105,70446,1130),
(70276,1190,70446,70276),
(70277,1190,70446,70277),
(70278,1190,70446,70278),
(70512,1105,70447,1130),
(70279,1190,70447,70279),
(70280,1190,70447,70280),
(70281,1190,70447,70281),
(70513,1105,70448,1130),
(70282,1190,70448,70282),
(70283,1190,70448,70283),
(70284,1190,70448,70284),
(70515,1105,70449,1130),
(70290,1190,70449,70290),
(70291,1190,70449,70291),
(70292,1190,70449,70292),
(70293,1190,70449,70293),
(70294,1190,70449,70294),
(70516,1105,70450,1130),
(70295,1190,70450,70295),
(70296,1190,70450,70296),
(70297,1190,70450,70297),
(70298,1190,70450,70298),
(70299,1190,70450,70299),
(70517,1105,70451,1130),
(70300,1190,70451,70300),
(70301,1190,70451,70301),
(70302,1190,70451,70302),
(70303,1190,70451,70303),
(70304,1190,70451,70304),
(70518,1105,70452,1130),
(70305,1190,70452,70305),
(70306,1190,70452,70306),
(70307,1190,70452,70307),
(70308,1190,70452,70308),
(70309,1190,70452,70309),
(70519,1105,70453,1130),
(70310,1190,70453,70310),
(70311,1190,70453,70311),
(70312,1190,70453,70312),
(70313,1190,70453,70313),
(70314,1190,70453,70314),
(70520,1105,70454,1130),
(70315,1190,70454,70315),
(70316,1190,70454,70316),
(70317,1190,70454,70317),
(70318,1190,70454,70318),
(70319,1190,70454,70319),
(70521,1105,70455,1130),
(70320,1190,70455,70320),
(70321,1190,70455,70321),
(70322,1190,70455,70322),
(70323,1190,70455,70323),
(70324,1190,70455,70324),
(70522,1105,70456,1130),
(70325,1190,70456,70325),
(70326,1190,70456,70326),
(70327,1190,70456,70327),
(70328,1190,70456,70328),
(70329,1190,70456,70329),
(70523,1105,70457,1130),
(70330,1190,70457,70330),
(70331,1190,70457,70331),
(70332,1190,70457,70332),
(70333,1190,70457,70333),
(70334,1190,70457,70334);
/*!40000 ALTER TABLE `cvterm_relationship` ENABLE KEYS */;                                                                          
UNLOCK TABLES;                                                                                                                      
                                                                                                                                    
--                                                                                                                                  
-- Dumping data for table `cvtermprop`                                                                                              
--                                                                                                                                  
                                                                                                                                    
LOCK TABLES `cvtermprop` WRITE;                                                                                                     
/*!40000 ALTER TABLE `cvtermprop` DISABLE KEYS */;                                                                                  
INSERT INTO `cvtermprop` (`cvtermprop_id`, `cvterm_id`, `type_id`, `value`, `rank`) VALUES
(20001,20001,1226,'CO_345:0000047',0),
(20002,20002,1226,'CO',0),
(20003,20003,1226,'CO_345:0000032',0),
(20004,20004,1226,'CO',0),
(20005,20005,1226,'CO_345:0000038',0),
(20007,20007,1226,'CO_345:0000041',0),
(20008,20008,1226,'CO_345:0000018',0),
(20009,20009,1226,'CO_345:0000053',0),
(20010,20010,1226,'CO_345:0000055',0),
(20011,20011,1226,'CO_345:0000034',0),
(20012,20012,1226,'CO',0),
(20013,20013,1226,'CO_345:0000021',0),
(20014,20014,1226,'CO_345:0000014',0),
(20015,20015,1226,'CO_345:0000030',0),
(20016,20016,1226,'CO_345:0000012',0),
(20017,20017,1226,'CO_345:0000017',0),
(20018,20018,1226,'CO_345:0000060',0),
(20019,20019,1226,'CO_345:0000061',0),
(20020,20020,1226,'CO_345:0000050',0),
(20021,20021,1226,'CO_345:0000051',0),
(20022,20022,1226,'CO',0),
(20023,20023,1226,'CO_345:0000052',0),
(20024,20024,1226,'CO_345:0000020',0),
(20026,20026,1226,'CO_345:0000022',0),
(20027,20027,1226,'CO_345:0000025',0),
(20028,20028,1226,'CO_345:0000031',0),
(20034,20034,1226,'CO_345:0000013',0),
(20035,20035,1226,'CO_345:0000033',0),
(20036,20036,1226,'CO_345:0000035',0),
(20037,20037,1226,'CO_345:0000036',0),
(20038,20038,1226,'CO_345:0000039',0),
(20039,20039,1226,'CO_345:0000054',0),
(20040,20040,1226,'CO_345:0000049',0),
(20041,20041,1226,'CO_345:0000056',0),
(20043,20043,1226,'CO_345:0000059',0),
(20044,20044,1226,'CO',0),
(20045,20045,1226,'CO_345:0000006',0),
(20046,20046,1226,'CO_345:0000002',0),
(20047,20047,1226,'CO_345:0000003',0),
(20048,20048,1226,'CO_345:0000004',0),
(20049,20049,1226,'CO_345:0000005',0),
(20050,20050,1226,'CO_345:0000007',0),
(20051,20051,1226,'CO_345:0000008',0),
(20052,20052,1226,'CO_345:0000009',0),
(20053,20053,1226,'CO_345:0000010',0),
(20054,20054,1226,'CO_345:0000011',0),
(20055,20055,1226,'CO_345:0000042',0),
(20056,20056,1226,'CO',0),
(20057,20057,1226,'CO',0),
(20058,20058,1226,'CO_345:0000046',0),
(20059,20059,1226,'CO_345:0000043',0),
(20060,20060,1226,'CO_345:0000044',0),
(20061,20061,1226,'CO_345:0000045',0),
(20063,20063,1226,'CO_345:0000062',0),
(20064,20064,1226,'CO_345:0000057',0),
(20065,20065,1226,'CO_345:0000058',0),
(20066,20066,1226,'CO_345:0000066',0),
(20067,20067,1226,'CO_345:0000063',0),
(20068,20068,1226,'CO_345:0000064',0),
(20069,20069,1226,'CO_345:0000065',0),
(20070,20070,1226,'CO',0),
(20071,20071,1226,'CO',0),
(20073,20073,1226,'CO_345:0000026',0),
(20074,20074,1226,'CO_345:0000027',0),
(20075,20075,1226,'CO_345:0000028',0),
(20078,20078,1226,'CO_345:0000001',0),
(20080,20080,1226,'CO_345:0000016',0),
(20082,20082,1226,'CO_345:0000023',0),
(20084,20084,1226,'CO_345:0000029',0),
(20086,20086,1226,'CO_345:0000024',0),
(20160,20090,1226,'CO',0),
(20161,20091,1226,'CO_345:0000015',0),
(20162,20092,1226,'CO_345:0000048',0),
(20855,20093,8048,'2016-07-14T16:50:57.000Z',0),
(20943,21001,8048,'2016-07-14T16:50:57.000Z',0),
(20944,21002,8048,'2016-07-14T16:50:57.000Z',0),
(20945,21003,8048,'2016-07-14T16:50:57.000Z',0),
(20946,21004,8048,'2016-07-14T16:50:57.000Z',0),
(20947,21005,8048,'2016-07-14T16:50:57.000Z',0),
(20948,21006,8048,'2016-07-14T16:50:57.000Z',0),
(20949,21007,8048,'2016-07-14T16:50:57.000Z',0),
(20950,21008,8048,'2016-07-14T16:50:57.000Z',0),
(20951,21009,8048,'2016-07-14T16:50:57.000Z',0),
(20952,21010,8048,'2016-07-14T16:50:57.000Z',0),
(20953,21011,8048,'2016-07-14T16:50:57.000Z',0),
(20954,21012,8048,'2016-07-14T16:50:57.000Z',0),
(20955,21013,8048,'2016-07-14T16:50:57.000Z',0),
(20956,21014,8048,'2016-07-14T16:50:57.000Z',0),
(20957,21015,8048,'2016-07-14T16:50:57.000Z',0),
(20958,21016,8048,'2016-07-14T16:50:57.000Z',0),
(20959,21017,8048,'2016-07-14T16:50:57.000Z',0),
(20960,21018,8048,'2016-07-14T16:50:57.000Z',0),
(20961,21019,8048,'2016-07-14T16:50:57.000Z',0),
(20962,21020,8048,'2016-07-14T16:50:57.000Z',0),
(20963,21021,8048,'2016-07-14T16:50:57.000Z',0),
(20964,21022,8048,'2016-07-14T16:50:57.000Z',0),
(20965,21023,8048,'2016-07-14T16:50:57.000Z',0),
(20966,21024,8048,'2016-07-14T16:50:57.000Z',0),
(20967,21025,8048,'2016-07-14T16:50:57.000Z',0),
(20968,21026,8048,'2016-07-14T16:50:57.000Z',0),
(20969,21027,8048,'2016-07-14T16:50:57.000Z',0),
(20970,21028,8048,'2016-07-14T16:50:57.000Z',0),
(20971,21031,8048,'2016-07-14T16:50:57.000Z',0),
(20972,21032,8048,'2016-07-14T16:50:57.000Z',0),
(20973,21033,8048,'2016-07-14T16:50:57.000Z',0),
(20974,21034,8048,'2016-07-14T16:50:57.000Z',0),
(20975,21035,8048,'2016-07-14T16:50:57.000Z',0),
(20976,21036,8048,'2016-07-14T16:50:57.000Z',0),
(20977,21037,8048,'2016-07-14T16:50:57.000Z',0),
(20978,21038,8048,'2016-07-14T16:50:57.000Z',0),
(20979,21039,8048,'2016-07-14T16:50:57.000Z',0),
(20980,21040,8048,'2016-07-14T16:50:57.000Z',0),
(20981,21041,8048,'2016-07-14T16:50:57.000Z',0),
(20982,21042,8048,'2016-07-14T16:50:57.000Z',0),
(20983,21043,8048,'2016-07-14T16:50:57.000Z',0),
(20984,21044,8048,'2016-07-14T16:50:57.000Z',0),
(20985,21045,8048,'2016-07-14T16:50:57.000Z',0),
(20986,21046,8048,'2016-07-14T16:50:57.000Z',0),
(20987,21047,8048,'2016-07-14T16:50:57.000Z',0),
(20988,21048,8048,'2016-07-14T16:50:57.000Z',0),
(20989,21049,8048,'2016-07-14T16:50:57.000Z',0),
(20990,21056,8048,'2016-07-14T16:50:57.000Z',0),
(20991,21057,8048,'2016-07-14T16:50:57.000Z',0),
(20992,21070,8048,'2016-07-14T16:50:57.000Z',0),
(20993,21071,8048,'2016-07-14T16:50:57.000Z',0),
(20994,21073,8048,'2016-07-14T16:50:57.000Z',0),
(20995,21074,8048,'2016-07-14T16:50:57.000Z',0),
(20996,21075,8048,'2016-07-14T16:50:57.000Z',0),
(20997,21076,8048,'2016-07-14T16:50:57.000Z',0),
(20998,21077,8048,'2016-07-14T16:50:57.000Z',0),
(20999,21080,8048,'2016-07-14T16:50:57.000Z',0),
(21000,21081,8048,'2016-07-14T16:50:57.000Z',0),
(21001,21091,8048,'2016-07-14T16:50:57.000Z',0),
(21002,21092,8048,'2016-07-14T16:50:57.000Z',0),
(21003,21093,8048,'2016-07-14T16:50:57.000Z',0),
(21004,21094,8048,'2016-07-14T16:50:57.000Z',0),
(21005,21095,8048,'2016-07-14T16:50:57.000Z',0),
(21006,21096,8048,'2016-07-14T16:50:57.000Z',0),
(21007,21097,8048,'2016-07-14T16:50:57.000Z',0),
(21008,21098,8048,'2016-07-14T16:50:57.000Z',0),
(21009,21099,8048,'2016-07-14T16:50:57.000Z',0),
(21010,21100,8048,'2016-07-14T16:50:57.000Z',0),
(21011,21101,8048,'2016-07-14T16:50:57.000Z',0),
(21012,21102,8048,'2016-07-14T16:50:57.000Z',0),
(21013,21103,8048,'2016-07-14T16:50:57.000Z',0),
(21014,21104,8048,'2016-07-14T16:50:57.000Z',0),
(21015,21105,8048,'2016-07-14T16:50:57.000Z',0),
(21016,21106,8048,'2016-07-14T16:50:57.000Z',0),
(21017,21107,8048,'2016-07-14T16:50:57.000Z',0),
(21018,21110,8048,'2016-07-14T16:50:57.000Z',0),
(21019,21111,8048,'2016-07-14T16:50:57.000Z',0),
(21020,21112,8048,'2016-07-14T16:50:57.000Z',0),
(21021,21113,8048,'2016-07-14T16:50:57.000Z',0),
(21022,21114,8048,'2016-07-14T16:50:57.000Z',0),
(21023,21115,8048,'2016-07-14T16:50:57.000Z',0),
(21024,21116,8048,'2016-07-14T16:50:57.000Z',0),
(21025,21117,8048,'2016-07-14T16:50:57.000Z',0),
(21026,21118,8048,'2016-07-14T16:50:57.000Z',0),
(21027,21119,8048,'2016-07-14T16:50:57.000Z',0),
(21028,21120,8048,'2016-07-14T16:50:57.000Z',0),
(21029,21121,8048,'2016-07-14T16:50:57.000Z',0),
(21030,21122,8048,'2016-07-14T16:50:57.000Z',0),
(21031,21123,8048,'2016-07-14T16:50:57.000Z',0),
(21032,21124,8048,'2016-07-14T16:50:57.000Z',0),
(21033,21125,8048,'2016-07-14T16:50:57.000Z',0),
(21034,21126,8048,'2016-07-14T16:50:57.000Z',0),
(21035,21127,8048,'2016-07-14T16:50:57.000Z',0),
(21036,21128,8048,'2016-07-14T16:50:57.000Z',0),
(21037,21129,8048,'2016-07-14T16:50:57.000Z',0),
(21038,21130,8048,'2016-07-14T16:50:57.000Z',0),
(21039,21131,8048,'2016-07-14T16:50:57.000Z',0),
(21040,21132,8048,'2016-07-14T16:50:57.000Z',0),
(21041,21133,8048,'2016-07-14T16:50:57.000Z',0),
(21042,21134,8048,'2016-07-14T16:50:57.000Z',0),
(21043,21135,8048,'2016-07-14T16:50:57.000Z',0),
(21044,21136,8048,'2016-07-14T16:50:57.000Z',0),
(21045,21137,8048,'2016-07-14T16:50:57.000Z',0),
(21046,21138,8048,'2016-07-14T16:50:57.000Z',0),
(21047,21139,8048,'2016-07-14T16:50:57.000Z',0),
(21110,22001,8048,'2016-07-14T16:50:57.000Z',0),
(21111,22002,8048,'2016-07-14T16:50:57.000Z',0),
(21112,22006,8048,'2016-07-14T16:50:57.000Z',0),
(21113,22012,8048,'2016-07-14T16:50:57.000Z',0),
(21114,22017,8048,'2016-07-14T16:50:57.000Z',0),
(21115,22018,8048,'2016-07-14T16:50:57.000Z',0),
(21116,22019,8048,'2016-07-14T16:50:57.000Z',0),
(21117,22020,8048,'2016-07-14T16:50:57.000Z',0),
(21118,22021,8048,'2016-07-14T16:50:57.000Z',0),
(21119,22024,8048,'2016-07-14T16:50:57.000Z',0),
(21120,22025,8048,'2016-07-14T16:50:57.000Z',0),
(21121,22028,8048,'2016-07-14T16:50:57.000Z',0),
(21122,22031,8048,'2016-07-14T16:50:57.000Z',0),
(21123,22034,8048,'2016-07-14T16:50:57.000Z',0),
(21124,22035,8048,'2016-07-14T16:50:57.000Z',0),
(21125,22037,8048,'2016-07-14T16:50:57.000Z',0),
(21126,22038,8048,'2016-07-14T16:50:57.000Z',0),
(21127,22047,8048,'2016-07-14T16:50:57.000Z',0),
(21128,22062,8048,'2016-07-14T16:50:57.000Z',0),
(21129,22065,8048,'2016-07-14T16:50:57.000Z',0),
(21130,22074,8048,'2016-07-14T16:50:57.000Z',0),
(21131,22091,8048,'2016-07-14T16:50:57.000Z',0),
(21132,22092,8048,'2016-07-14T16:50:57.000Z',0),
(21133,22093,8048,'2016-07-14T16:50:57.000Z',0),
(20490,25001,1800,'Trait',0),
(20491,25002,1800,'Trait',0),
(20492,25003,1800,'Trait',0),
(20493,25004,1800,'Trait',0),
(20494,25005,1800,'Trait',0),
(20495,25006,1800,'Trait',0),
(20496,25007,1800,'Trait',0),
(20497,25008,1800,'Trait',0),
(20498,25009,1800,'Trait',0),
(20499,25010,1800,'Trait',0),
(20500,25011,1800,'Trait',0),
(20501,25012,1800,'Trait',0),
(20502,25013,1800,'Trait',0),
(20503,25014,1800,'Trait',0),
(20504,25015,1800,'Trait',0),
(20505,25016,1800,'Trait',0),
(20506,25017,1800,'Trait',0),
(20507,25018,1800,'Trait',0),
(20508,25019,1800,'Trait',0),
(20509,25020,1800,'Trait',0),
(20510,25021,1800,'Trait',0),
(20511,25022,1800,'Trait',0),
(20512,25023,1800,'Trait',0),
(20513,25024,1800,'Trait',0),
(20514,25025,1800,'Trait',0),
(20515,25026,1800,'Trait',0),
(20516,25027,1800,'Trait',0),
(20517,25028,1800,'Trait',0),
(20518,25031,1800,'Trait',0),
(20519,25032,1800,'Trait',0),
(20520,25033,1800,'Trait',0),
(20521,25034,1800,'Trait',0),
(20522,25037,1800,'Trait',0),
(20523,25038,1800,'Trait',0),
(20524,25039,1800,'Trait',0),
(20525,25040,1800,'Trait',0),
(20526,25041,1800,'Trait',0),
(20527,25042,1800,'Trait',0),
(20528,25043,1800,'Trait',0),
(20529,25044,1800,'Trait',0),
(20530,25045,1800,'Trait',0),
(20531,25046,1800,'Trait',0),
(20532,25047,1800,'Trait',0),
(20533,25048,1800,'Trait',0),
(20534,25049,1800,'Trait',0),
(20535,25050,1800,'Trait',0),
(20536,25051,1800,'Trait',0),
(20537,25052,1800,'Trait',0),
(20538,25053,1800,'Trait',0),
(20539,25054,1800,'Trait',0),
(20540,25055,1800,'Trait',0),
(20541,25056,1800,'Trait',0),
(20542,25057,1800,'Trait',0),
(20543,25058,1800,'Trait',0),
(20544,25059,1800,'Trait',0),
(20545,25060,1800,'Trait',0),
(20546,25061,1800,'Trait',0),
(20547,25062,1800,'Trait',0),
(20548,25063,1800,'Trait',0),
(20549,25064,1800,'Trait',0),
(20550,25065,1800,'Trait',0),
(20551,25066,1800,'Trait',0),
(20552,25067,1800,'Trait',0),
(20553,25068,1800,'Trait',0),
(20554,25069,1800,'Trait',0),
(20555,25070,1800,'Trait',0),
(20556,25071,1800,'Trait',0),
(20557,25073,1800,'Trait',0),
(20558,25074,1800,'Trait',0),
(20559,25075,1800,'Trait',0),
(20560,25076,1800,'Trait',0),
(20561,25077,1800,'Trait',0),
(20562,25078,1800,'Trait',0),
(20563,25079,1800,'Trait',0),
(20564,25080,1800,'Trait',0),
(20565,25081,1800,'Trait',0),
(20566,25082,1800,'Trait',0),
(20567,25083,1800,'Trait',0),
(20568,25084,1800,'Trait',0),
(20569,25085,1800,'Trait',0),
(20570,25086,1800,'Trait',0),
(20571,25087,1800,'Trait',0),
(20572,25090,1800,'Trait',0),
(20573,25091,1800,'Trait',0),
(20574,25092,1800,'Trait',0),
(20575,25093,1800,'Trait',0),
(20576,25094,1800,'Trait',0),
(20577,25095,1800,'Trait',0),
(20578,25096,1800,'Trait',0),
(20579,25097,1800,'Trait',0),
(20580,25098,1800,'Trait',0),
(20581,25099,1800,'Trait',0),
(20582,25100,1800,'Trait',0),
(20583,25101,1800,'Trait',0),
(20584,25102,1800,'Trait',0),
(20585,25103,1800,'Trait',0),
(20586,25104,1800,'Trait',0),
(20587,25105,1800,'Trait',0),
(20588,25106,1800,'Trait',0),
(20589,25107,1800,'Trait',0),
(20590,25108,1800,'Trait',0),
(20591,25109,1800,'Trait',0),
(20592,25110,1800,'Trait',0),
(20593,25111,1800,'Trait',0),
(20594,25112,1800,'Trait',0),
(20595,25113,1800,'Trait',0),
(20596,25114,1800,'Trait',0),
(20597,25115,1800,'Trait',0),
(20598,25116,1800,'Trait',0),
(20599,25117,1800,'Trait',0),
(20600,25118,1800,'Trait',0),
(20601,25119,1800,'Trait',0),
(20602,25120,1800,'Trait',0),
(20603,25121,1800,'Trait',0),
(20604,25122,1800,'Trait',0),
(20605,25123,1800,'Trait',0),
(20606,25124,1800,'Trait',0),
(20607,25125,1800,'Trait',0),
(20608,25126,1800,'Trait',0),
(20609,25127,1800,'Trait',0),
(20610,25128,1800,'Trait',0),
(20611,25129,1800,'Trait',0),
(20612,25130,1800,'Trait',0),
(20613,25131,1800,'Trait',0),
(20614,25132,1800,'Trait',0),
(20615,25133,1800,'Trait',0),
(20616,25134,1800,'Trait',0),
(20617,25135,1800,'Trait',0),
(20618,25136,1800,'Trait',0),
(20619,25137,1800,'Trait',0),
(20620,25138,1800,'Trait',0),
(20621,25139,1800,'Trait',0),
(20622,25140,1800,'Trait',0),
(20623,25141,1800,'Trait',0),
(20624,25150,1800,'Trait',0),
(20625,25151,1800,'Trait',0),
(20626,25152,1800,'Trait',0),
(20627,25153,1800,'Trait',0),
(20628,25154,1800,'Trait',0),
(20629,25155,1800,'Trait',0),
(20630,25156,1800,'Trait',0),
(20631,25157,1800,'Trait',0),
(20632,25158,1800,'Trait',0),
(20633,25159,1800,'Trait',0),
(20634,25160,1800,'Trait',0),
(20635,25161,1800,'Trait',0),
(20636,25162,1800,'Trait',0),
(20637,25163,1800,'Trait',0),
(20638,25164,1800,'Trait',0),
(20639,25165,1800,'Trait',0),
(20640,25166,1800,'Trait',0),
(20641,25167,1800,'Trait',0),
(20642,25168,1800,'Trait',0),
(20643,25169,1800,'Trait',0),
(20644,25170,1800,'Trait',0),
(20645,25171,1800,'Trait',0),
(20646,25172,1800,'Trait',0),
(20647,25173,1800,'Trait',0),
(20648,25174,1800,'Trait',0),
(20649,25175,1800,'Trait',0),
(20650,25176,1800,'Trait',0),
(20651,25177,1800,'Trait',0),
(20652,25178,1800,'Trait',0),
(20653,25179,1800,'Trait',0),
(21134,70359,8048,'2016-07-14T16:50:57.000Z',0),
(21135,70360,8048,'2016-07-14T16:50:57.000Z',0),
(21136,70361,8048,'2016-07-14T16:50:57.000Z',0),
(21137,70362,8048,'2016-07-14T16:50:57.000Z',0),
(21138,70363,8048,'2016-07-14T16:50:57.000Z',0),
(21139,70364,8048,'2016-07-14T16:50:57.000Z',0),
(21140,70365,8048,'2016-07-14T16:50:57.000Z',0),
(21141,70366,8048,'2016-07-14T16:50:57.000Z',0),
(21142,70367,8048,'2016-07-14T16:50:57.000Z',0),
(21143,70368,8048,'2016-07-14T16:50:57.000Z',0),
(21144,70369,8048,'2016-07-14T16:50:57.000Z',0),
(21145,70370,8048,'2016-07-14T16:50:57.000Z',0),
(21146,70371,8048,'2016-07-14T16:50:57.000Z',0),
(21147,70372,8048,'2016-07-14T16:50:57.000Z',0),
(21148,70373,8048,'2016-07-14T16:50:57.000Z',0),
(21149,70374,8048,'2016-07-14T16:50:57.000Z',0),
(21150,70375,8048,'2016-07-14T16:50:57.000Z',0),
(21151,70376,8048,'2016-07-14T16:50:57.000Z',0),
(21152,70377,8048,'2016-07-14T16:50:57.000Z',0),
(21153,70378,8048,'2016-07-14T16:50:57.000Z',0),
(21154,70379,8048,'2016-07-14T16:50:57.000Z',0),
(21155,70380,8048,'2016-07-14T16:50:57.000Z',0),
(21156,70382,8048,'2016-07-14T16:50:57.000Z',0),
(21157,70383,8048,'2016-07-14T16:50:57.000Z',0),
(21158,70384,8048,'2016-07-14T16:50:57.000Z',0),
(21159,70385,8048,'2016-07-14T16:50:57.000Z',0),
(21160,70387,8048,'2016-07-14T16:50:57.000Z',0),
(21161,70388,8048,'2016-07-14T16:50:57.000Z',0),
(21162,70389,8048,'2016-07-14T16:50:57.000Z',0),
(21163,70391,8048,'2016-07-14T16:50:57.000Z',0),
(21164,70392,8048,'2016-07-14T16:50:57.000Z',0),
(21165,70393,8048,'2016-07-14T16:50:57.000Z',0),
(21166,70395,8048,'2016-07-14T16:50:57.000Z',0),
(21167,70396,8048,'2016-07-14T16:50:57.000Z',0),
(21168,70397,8048,'2016-07-14T16:50:57.000Z',0),
(21169,70399,8048,'2016-07-14T16:50:57.000Z',0),
(21170,70400,8048,'2016-07-14T16:50:57.000Z',0),
(21171,70401,8048,'2016-07-14T16:50:57.000Z',0),
(21172,70403,8048,'2016-07-14T16:50:57.000Z',0),
(21173,70404,8048,'2016-07-14T16:50:57.000Z',0),
(21174,70405,8048,'2016-07-14T16:50:57.000Z',0),
(21175,70406,8048,'2016-07-14T16:50:57.000Z',0),
(21176,70407,8048,'2016-07-14T16:50:57.000Z',0),
(21177,70409,8048,'2016-07-14T16:50:57.000Z',0),
(21178,70410,8048,'2016-07-14T16:50:57.000Z',0),
(21179,70411,8048,'2016-07-14T16:50:57.000Z',0),
(21180,70413,8048,'2016-07-14T16:50:57.000Z',0),
(21181,70414,8048,'2016-07-14T16:50:57.000Z',0),
(21182,70425,8048,'2016-07-14T16:50:57.000Z',0),
(21183,70426,8048,'2016-07-14T16:50:57.000Z',0),
(21184,70427,8048,'2016-07-14T16:50:57.000Z',0),
(21185,70428,8048,'2016-07-14T16:50:57.000Z',0),
(21186,70429,8048,'2016-07-14T16:50:57.000Z',0),
(21187,70430,8048,'2016-07-14T16:50:57.000Z',0),
(21188,70431,8048,'2016-07-14T16:50:57.000Z',0),
(21189,70432,8048,'2016-07-14T16:50:57.000Z',0),
(21190,70433,8048,'2016-07-14T16:50:57.000Z',0),
(21191,70434,8048,'2016-07-14T16:50:57.000Z',0),
(21192,70435,8048,'2016-07-14T16:50:57.000Z',0),
(21193,70436,8048,'2016-07-14T16:50:57.000Z',0),
(21194,70437,8048,'2016-07-14T16:50:57.000Z',0),
(21195,70438,8048,'2016-07-14T16:50:57.000Z',0),
(21196,70439,8048,'2016-07-14T16:50:57.000Z',0),
(21197,70440,8048,'2016-07-14T16:50:57.000Z',0),
(21198,70441,8048,'2016-07-14T16:50:57.000Z',0),
(21199,70442,8048,'2016-07-14T16:50:57.000Z',0),
(21200,70443,8048,'2016-07-14T16:50:57.000Z',0),
(21201,70444,8048,'2016-07-14T16:50:57.000Z',0),
(21202,70445,8048,'2016-07-14T16:50:57.000Z',0),
(21203,70446,8048,'2016-07-14T16:50:57.000Z',0),
(21204,70447,8048,'2016-07-14T16:50:57.000Z',0),
(21205,70448,8048,'2016-07-14T16:50:57.000Z',0),
(21206,70449,8048,'2016-07-14T16:50:57.000Z',0),
(21207,70450,8048,'2016-07-14T16:50:57.000Z',0),
(21208,70451,8048,'2016-07-14T16:50:57.000Z',0),
(21209,70452,8048,'2016-07-14T16:50:57.000Z',0),
(21210,70453,8048,'2016-07-14T16:50:57.000Z',0),
(21211,70454,8048,'2016-07-14T16:50:57.000Z',0),
(21212,70455,8048,'2016-07-14T16:50:57.000Z',0),
(21213,70456,8048,'2016-07-14T16:50:57.000Z',0),
(21214,70457,8048,'2016-07-14T16:50:57.000Z',0);
/*!40000 ALTER TABLE `cvtermprop` ENABLE KEYS */;                                                                                   
UNLOCK TABLES;                                                                                                                      
                                                                                                                                    
--                                                                                                                                  
-- Dumping data for table `cvtermsynonym`                                                                                           
--                                                                                                                                  
                                                                                                                                    
LOCK TABLES `cvtermsynonym` WRITE;                                                                                                  
/*!40000 ALTER TABLE `cvtermsynonym` DISABLE KEYS */;                                                                               
INSERT INTO `cvtermsynonym` (`cvtermsynonym_id`, `cvterm_id`, `synonym`, `type_id`) VALUES
(20001,20007,'Proportion of off-types inprogeny tests',1230),
(20002,20001,'RhizocSev',1227),
(20003,20002,'DR',1227),
(20004,20003,'PBm',1227),
(20005,20004,'LPWR',1227),
(20006,20005,'PLP',1227),
(20008,20007,'POTP',1227),
(20009,20008,'FillSdP',1227),
(20010,20009,'SdGY',1227),
(20011,20010,'SdNY',1227),
(20012,20011,'PDia',1227),
(20013,20012,'ReprodM',1227),
(20014,20013,'GLA',1227),
(20015,20014,'LChl',1227),
(20016,20015,'PQY',1227),
(20017,20016,'AlTol',1227),
(20018,20017,'DrghtTol',1227),
(20019,20018,'WaterExt',1227),
(20020,20019,'WlgTol',1227),
(20021,20020,'RL',1227),
(20022,20021,'RLD',1227),
(20023,20022,'RLD',1227),
(20024,20023,'RMDia',1227),
(20025,20024,'FN',1227),
(20026,20025,'FN',1227),
(20027,20026,'GLBm',1227),
(20028,20027,'LBm',1227),
(20029,20028,'PA',1227),
(20035,20034,'BmHvst',1227),
(20036,20035,'PChlorosis',1227),
(20037,20036,'PGC',1227),
(20038,20037,'GH',1227),
(20039,20038,'PPP',1227),
(20040,20039,'SdHvst',1227),
(20041,20040,'RBm',1227),
(20042,20041,'ShootBm',1227),
(20044,20043,'StmBm',1227),
(20045,20044,'YLBm',1227),
(20046,20045,'AreduADmg',1227),
(20047,20046,'AreduADmg',1227),
(20048,20047,'AreduAN',1227),
(20049,20048,'AreduAnti',1227),
(20050,20049,'AreduEN',1227),
(20051,20050,'AvariADmg',1227),
(20052,20051,'AvariAN',1227),
(20053,20052,'AvariAnti',1227),
(20054,20053,'AvariEN',1227),
(20055,20054,'AvariADmg',1227),
(20056,20055,'PsimuADmg',1227),
(20057,20056,'SpittleAnti',1227),
(20058,20057,'SpittleNDmg',1227),
(20059,20058,'PsimuADmg',1227),
(20060,20059,'PsimuAN',1227),
(20061,20060,'PsimuAnti',1227),
(20062,20061,'PsimuEN',1227),
(20064,20063,'ZcarbADmg',1227),
(20065,20064,'SpittleAN',1227),
(20066,20065,'SpittleEN',1227),
(20067,20066,'ZcarbADmg',1227),
(20068,20067,'ZcarbAN',1227),
(20069,20068,'ZcarbAnti',1227),
(20070,20069,'ZcarbEN',1227),
(20071,20070,'SpittleADmg',1227),
(20072,20071,'CylW',1227),
(20074,20073,'LLng',1227),
(20075,20074,'LWid',1227),
(20076,20075,'LWidLngR',1227),
(20079,20078,'BmADF',1227),
(20081,20080,'BmCP',1227),
(20083,20082,'BmIVDMD',1227),
(20085,20084,'BmNDF',1227),
(20087,20086,'IVDMDNDF',1227),
(20089,20001,'Nivel de daño por Rhizoctonia',1253),
(20090,20002,'Sequía de la raíz',1253),
(20091,20003,'Biomasa',1253),
(20092,20004,'Frondosidad de la planta',1253),
(20093,20005,'Frondosidad de la planta',1253),
(20094,20006,'Frondosidad de la planta',1253),
(20095,20007,'Proporción de fuera de tipo',1253),
(20096,20008,'Proporción de llenado de la semilla',1253),
(20097,20009,'Rendimiento suelo',1253),
(20098,20010,'Rendimiento suelo',1253),
(20099,20011,'Diametro promedio',1253),
(20100,20012,'Modo de reproduccion',1253),
(20101,20013,'Área de hoja verde',1253),
(20102,20014,'Plant relative leafiness',1253),
(20103,20015,'Rendimiento Cuántico Fotosintético',1253),
(20104,20016,'Índice de tolerancia al aluminio.',1253),
(20105,20017,'Tolerancia a sequía',1253),
(20106,20018,'Cantidad de Extraccion de agua',1253),
(20107,20019,'Tolerancia a inundación',1253),
(20108,20021,'Densidad total de la longitud de raiz',1253),
(20109,20022,'Densidad de longitud de la raiz en profundidad',1253),
(20110,20023,'Díametro promedio de raiz en 0 y 200 µm AlCl3',1253),
(20111,20024,'Evaluacion Visual de Nivel de floración',1253),
(20112,20025,'Cálculo del Nivelde floración',1253),
(20113,20026,'Biomasa de hoja verde',1253),
(20114,20027,'Biomasa de hoja ',1253),
(20115,20028,'Aspecto de la planta',1253),
(20116,20029,'Aspecto de la planta',1253),
(20117,20030,'Aspecto de la planta',1253),
(20118,20031,'Vigor, biomasa',1253),
(20119,20032,'Biomasa ',1253),
(20120,20033,'Biomasa ',1253),
(20121,20034,'Tiempo de cosecha',1253),
(20122,20035,'Amarillamiento deplanta',1253),
(20123,20036,'Cobertura de suelo',1253),
(20124,20037,'Hábito de crecimiento',1253),
(20125,20038,'Rendimiento generalfenotípico de la planta',1253),
(20126,20039,'Tiempo de cosecha',1253),
(20127,20040,'Raiz de Biomasa',1253),
(20128,20041,'Peso Fresco',1253),
(20129,20042,'Peso en seco',1253),
(20130,20043,'Biomasa de tallo',1253),
(20131,20044,'Biomasa de hoja verde',1253),
(20132,20045,'Daño causado por Aeneolamia reducta nifa',1253),
(20133,20046,'Aeneolamia reducta adult damage',1253),
(20134,20047,'Cantidad de Aeneolamia reducta adulta',1253),
(20135,20048,'Antibiosis Aeneolamia reducta',1253),
(20136,20049,'Cantidad huevos de Aeneolamia reducta',1253),
(20137,20050,'Aeneolamia varia adult damage',1253),
(20138,20051,'Cantidad de Aeneolamia varia adulta',1253),
(20139,20052,'Antibiosis Aeneolamia varia',1253),
(20140,20053,'Cantidad huevos de Aeneolamia varia',1253),
(20141,20054,'Daño de ninfa Aeneolamiavaria',1253),
(20142,20055,'Prosapia simulans adult damage',1253),
(20143,20056,'Antibiosis ninfa Aeneolamia reducta',1253),
(20144,20057,'Daño causado por Salivazo Ninfa',1253),
(20145,20058,'Daño de ninfa Prosapia simulans',1253),
(20146,20059,'Cantidad de Prosapia simulans adulta',1253),
(20147,20060,'Antibiosis Prosapia simulans',1253),
(20148,20061,'Cantidad huevos de Prosapia simulans',1253),
(20149,20062,'Estimación visual de daño por Rhizoctonia',1253),
(20150,20063,'Zulia carbonaria adult damage',1253),
(20151,20064,'Cantidad de Salivazo Adulto',1253),
(20152,20065,'Cantidad de huevos de salivazo',1253),
(20153,20066,'Daño de ninfa Zulia carbonaria',1253),
(20154,20067,'Cantidad de Zulia carbonaria adulta',1253),
(20155,20068,'Antibiosis Zulia carbonaria',1253),
(20156,20069,'Cantidad huevos de Zulia carbonaria',1253),
(20157,20070,'Daño causado por Salivazo Adulto',1253),
(20158,20071,'Peso cilindro',1253),
(20159,20072,'Peso cilindro',1253),
(20160,20073,'Longitud de la hoja',1253),
(20161,20074,'Evaluación Visual Ancho de la hoja',1253),
(20162,20075,'Relación largo-ancho de la hoja',1253),
(20163,20076,'Medición Ancho de la hoja',1253),
(20164,20077,'Altura de planta',1253),
(20165,20078,'Contenido de fibra detergente ácida',1253),
(20166,20079,'Contenido de fibra detergente ácida',1253),
(20167,20080,'Contenido bruto de proteina',1253),
(20168,20081,'Contenido bruto de proteina',1253),
(20169,20082,'Digestibilidad in vitro de materia seca',1253),
(20170,20083,'Digestibilidad in vitro de materia seca',1253),
(20171,20084,'Contenido de fibra detergente neutro',1253),
(20172,20085,'Contenido de fibra detergente neutro',1253),
(20173,20086,'Digestibilidad in vitro de materia seca de la Fibra Detergente Neutra',1253),
(20174,20087,'Digestibilidad in vitro de materia seca de la Fibra Detergente Neutra',1253),
(20175,20002,'RVE',1259),
(20176,20003,'Drone biomass',1259),
(20177,20004,'PLPQ',1259),
(20178,20005,'PLPQ',1259),
(20179,20006,'LSRVE',1259),
(20180,20011,'plant diameter',1259),
(20181,20013,'Green Leaf Area (cm2 . Plant-1)',1259),
(20182,20014,'SPAD Chorophyll meter readings',1259),
(20183,20015,'Quantum Yield',1259),
(20184,20016,'index for aluminium tolerance',1259),
(20185,20017,'Drought tolerance',1259),
(20186,20018,'Water_ext',1259),
(20187,20020,'RLD= Total Root Length Density (cm . Cm3)',1259),
(20188,20021,'RLD= Total Root Length Density (cm .Cm3)',1259),
(20189,20022,'RLD(50-80)= Root Length Density at 50-80 cm of soil profile (cm . Cm3) = RLD_deep',1259),
(20190,20023,'Aluminum tolerance',1259),
(20191,20024,'Flowering (visual evaluation)',1259),
(20192,20025,'flowers per sq meter',1259),
(20193,20026,'Green leaf biomass (g . plant-1)',1259),
(20194,20027,'Leaf biomass (g . plant-1)',1259),
(20195,20031,'Biomass (Visual Eval)',1259),
(20196,20032,'Fresh biomass',1259),
(20197,20033,'Dry biomass ',1259),
(20198,20034,'Harvest date',1259),
(20199,20035,'Chlorosis (visualeval) in field',1259),
(20200,20036,'Drone groundcover',1259),
(20201,20037,'Growth habit (visual eval)',1259),
(20202,20038,'Overall Selection',1259),
(20203,20039,'Harvest date',1259),
(20204,20040,'Root= Root Biomass (g . Plant-1)',1259),
(20205,20041,'FW= Shoot Fresh Weight (g . Plant-1)',1259),
(20206,20042,'DW=Shoot Dry Weight (g . Plant-1)',1259),
(20207,20043,'Stem biomass (g . sample-1)',1259),
(20208,20044,'Green leaf biomass (g . plant-1)',1259),
(20209,20062,'Rhizoctonia (visual eval) in field',1259),
(20210,20073,'Leaf length',1259),
(20211,20074,'Leaf width (visual eval) ',1259),
(20212,20075,'Leaf shape',1259),
(20213,20076,'Leaf width (cm) ',1259),
(20214,20077,'height',1259),
(20215,20078,'ADF',1259),
(20216,20079,'ADF',1259),
(20217,20080,'Crude protein',1259),
(20218,20081,'Crude protein',1259),
(20219,20082,'IVDMD',1259),
(20220,20083,'IVDMD',1259),
(20221,20084,'NDF',1259),
(20222,20085,'NDF',1259),
(20223,20086,'IVDMD_NDF',1259),
(20224,20087,'IVDMD_NDF',1259),
(20225,20091,'YLBm',1227),
(20226,20091,'Biomasa de hoja verde',1253),
(20227,20092,'RA',1227),
(20228,20092,'Sequía de la raíz',1253);
/*!40000 ALTER TABLE `cvtermsynonym` ENABLE KEYS */;                                                                                
UNLOCK TABLES;                                                                                                                      
                                                                                                                                    
--                                                                                                                                  
-- Dumping data for table `variable_overrides`                                                                                      
--                                                                                                                                  
                                                                                                                                    
LOCK TABLES `variable_overrides` WRITE;                                                                                             
/*!40000 ALTER TABLE `variable_overrides` DISABLE KEYS */;                                                                          
INSERT INTO `variable_overrides` (`id`, `program_uuid`, `cvterm_id`, `alias`, `expected_min`, `expected_max`) VALUES
(2,NULL,25004,NULL,'0','100'),
(3,NULL,25007,NULL,'0','100'),
(4,NULL,25008,NULL,'0','100'),
(5,NULL,25014,NULL,'0','99.9'),
(6,NULL,25026,NULL,'0',NULL),
(7,NULL,25090,NULL,'0','500'),
(8,NULL,25091,NULL,'0','100'),
(9,NULL,25092,NULL,'0','100'),
(10,NULL,25093,NULL,'0','100'),
(11,NULL,25094,NULL,'0','100'),
(12,NULL,25095,NULL,'0','100'),
(13,NULL,25096,NULL,'0','100'),
(14,NULL,25097,NULL,'0','100'),
(15,NULL,25098,NULL,'0','100'),
(16,NULL,25099,NULL,'0','100'),
(17,NULL,25100,NULL,'0','100'),
(18,NULL,25101,NULL,'0','100'),
(19,NULL,25102,NULL,'0','100'),
(20,NULL,25103,NULL,'0','100'),
(21,NULL,25104,NULL,'0','100'),
(22,NULL,25105,NULL,'0','100'),
(23,NULL,25106,NULL,'0','100'),
(24,NULL,25107,NULL,'0','100'),
(25,NULL,25108,NULL,'0','100'),
(26,NULL,25109,NULL,'0','100'),
(27,NULL,25110,NULL,'0','100'),
(28,NULL,25111,NULL,'0','100'),
(29,NULL,25112,NULL,'0','100'),
(30,NULL,25113,NULL,'0','100'),
(31,NULL,25114,NULL,'0','100'),
(32,NULL,25115,NULL,'0','100'),
(33,NULL,25116,NULL,'0','100'),
(34,NULL,25117,NULL,'0','100'),
(35,NULL,25118,NULL,'0','100'),
(36,NULL,25119,NULL,'0','100'),
(37,NULL,25120,NULL,'0','100'),
(38,NULL,25121,NULL,'0','100'),
(39,NULL,25122,NULL,'0','100'),
(40,NULL,25123,NULL,'0','100'),
(41,NULL,25124,NULL,'0','100'),
(42,NULL,25125,NULL,'0','100'),
(43,NULL,25126,NULL,'0','100'),
(44,NULL,25127,NULL,'0','100'),
(45,NULL,25128,NULL,'0','100'),
(46,NULL,25129,NULL,'0','100'),
(47,NULL,25130,NULL,'0','100'),
(48,NULL,25131,NULL,'0','100'),
(49,NULL,25132,NULL,'0','100'),
(50,NULL,25133,NULL,'0','100'),
(51,NULL,25136,NULL,'0','100'),
(52,NULL,25138,NULL,'0','100'),
(53,NULL,25015,NULL,'0','0.9'),
(54,NULL,25043,NULL,'0',NULL),
(55,NULL,25048,NULL,'0','100'),
(56,NULL,25052,NULL,'0','100'),
(57,NULL,25056,NULL,'0','100'),
(58,NULL,25060,NULL,'0','100'),
(59,NULL,25068,NULL,'0','100'),
(60,NULL,25070,NULL,'0','5'),
(61,NULL,25079,NULL,'0','100'),
(62,NULL,25080,NULL,'0','100'),
(63,NULL,25081,NULL,'0','100'),
(64,NULL,25082,NULL,'0','100'),
(65,NULL,25083,NULL,'0','100'),
(66,NULL,25084,NULL,'0','100'),
(67,NULL,25085,NULL,'0','100'),
(68,NULL,25086,NULL,'0','100'),
(69,NULL,25087,NULL,'0','100'),
(70,NULL,25088,NULL,'0','100');
/*!40000 ALTER TABLE `variable_overrides` ENABLE KEYS */;                                                                           
UNLOCK TABLES;                                                                                                                      
/*!40103 SET TIME_ZONE=@OLD_TIME_ZONE */;                                                                                           
                                                                                                                                    
/*!40101 SET SQL_MODE=@OLD_SQL_MODE */;                                                                                             
/*!40014 SET FOREIGN_KEY_CHECKS=@OLD_FOREIGN_KEY_CHECKS */;                                                                         
/*!40014 SET UNIQUE_CHECKS=@OLD_UNIQUE_CHECKS */;                                                                                   
/*!40101 SET CHARACTER_SET_CLIENT=@OLD_CHARACTER_SET_CLIENT */;                                                                     
/*!40101 SET CHARACTER_SET_RESULTS=@OLD_CHARACTER_SET_RESULTS */;                                                                   
/*!40101 SET COLLATION_CONNECTION=@OLD_COLLATION_CONNECTION */;                                                                     
/*!40111 SET SQL_NOTES=@OLD_SQL_NOTES */;                                                                                           
                                                                                                                                    
-- Dump completed on 2016-11-05 11:45:49                                                                                            
