/*                                                                                                                                  
SQLyog Community v11.28 (64 bit)                                                                                                    
MySQL - 5.6.27 : Database - curated_new_om                                                                                          
*********************************************************************                                                               
*/                                                                                                                                 
                                                                                                                                    
/*!40101 SET NAMES utf8 */;                                                                                                         
                                                                                                                                    
/*!40101 SET SQL_MODE=''*/;                                                                                                         
                                                                                                                                    
/*!40014 SET @OLD_UNIQUE_CHECKS=@@UNIQUE_CHECKS, UNIQUE_CHECKS=0 */;                                                                
/*!40014 SET @OLD_FOREIGN_KEY_CHECKS=@@FOREIGN_KEY_CHECKS, FOREIGN_KEY_CHECKS=0 */;                                                 
/*!40101 SET @OLD_SQL_MODE=@@SQL_MODE, SQL_MODE='NO_AUTO_VALUE_ON_ZERO' */;                                                         
/*!40111 SET @OLD_SQL_NOTES=@@SQL_NOTES, SQL_NOTES=0 */;                                                                            
/*Data for the table `project` */                                                                                                   
                                                                                                                                    
insert  into `project`(`project_id`,`name`,`description`,`program_uuid`) values
(3002,'Templates','Trial and Nursery Templates',NULL),                                                                              
(3003,'Basic Trial Template','Basic Trial Template',NULL),                                                                          
(3004,'Basic Trial Template-ENVIRONMENT','ENVIRONMENT_Basic Trial Template',NULL),                                                  
(3005,'Basic Trial Template-PLOTDATA','MEASUREMENT EFECT_Basic Trial Template',NULL),                                               
(3006,'Basic nursery template','Basic nursery template',NULL),                                                                      
(3007,'Basic nursery template-ENVIRONMENT','ENVIRONMENT_Basic nursery template',NULL),                                              
(3008,'Basic nurserytemplate-PLOTDATA','MEASUREMENT EFECT_Basic nursery template',NULL);                                            
                                                                                                                                    
/*Data for the table `project_relationship` */                                                                                      
                                                                                                                                    
insert  into `project_relationship`(`project_relationship_id`,`subject_project_id`,`object_project_id`,`type_id`) values
(2001,3002,1,1140),                                                                                                                 
(2002,3003,3002,1145),                                                                                                              
(2004,3004,3003,1150),                                                                                                              
(2005,3005,3003,1150),                                                                                                              
(2003,3006,3002,1145),                                                                                                              
(2006,3007,3006,1150),                                                                                                              
(2007,3008,3006,1150);                                                                                                              
                                                                                                                                    
/*Data for the table `projectprop` */                                                                                               
                                                                                                                                    
insert  into `projectprop`(`projectprop_id`,`project_id`,`type_id`,`value`,`rank`) values
(1,3003,1805,'STUDY_NAME',1),                                                                                                       
(2,3003,1060,'STUDY NAME',1),                                                                                                       
(3,3003,1070,'8005',1),                                                                                                             
(4,3003,1805,'STUDY_TITLE',2),                                                                                                      
(5,3003,1060,'TITLE ASSIGNED',2),                                                                                                   
(6,3003,1070,'8007',2),                                                                                                             
(7,3003,1805,'PM_KEY',3),                                                                                                           
(8,3003,1060,'PROJECT MANAGEMENT KEY',3),                                                                                           
(9,3003,1070,'8040',3),                                                                                                             
(10,3003,8040,'0',3),                                                                                                               
(11,3003,1805,'STUDY_OBJECTIVE',4),                                                                                                 
(12,3003,1060,'OBJECTIVE DESCRIBED',4),                                                                                             
(13,3003,1070,'8030',4),                                                                                                            
(14,3003,8030,'Providcreating trials and nurseries',4),                                                                             
(15,3003,1805,'START_DATE',5),                                                                                                      
(16,3003,1060,'STUDY START DATE',5),                                                                                                
(17,3003,1070,'8050',5),                                                                                                            
(18,3003,8050,'20140627',5),                                                                                                        
(19,3003,1805,'END_DATE',6),                                                                                                        
(20,3003,1060,'STUDY END DATE',6),                                                                                                  
(21,3003,1070,'8060',6),                                                                                                            
(22,3003,8060,'20140627',6),                                                                                                        
(23,3003,1805,'STUDY_TYPE',7),                                                                                                      
(24,3003,1060,'TYPE OF STUDY',7),                                                                                                   
(25,3003,1070,'8070',7),                                                                                                            
(26,3003,8070,'10010',7),                                                                                                           
(27,3003,1805,'Study_UID',8),                                                                                                       
(28,3003,1060,'STUDY USER ID',8),                                                                                                   
(29,3003,1070,'8020',8),                                                                                                            
(30,3003,8020,NULL,8),                                                                                                              
(35,3003,1805,'PI_NAME',10),                                                                                                        
(36,3003,1060,'Name of the Principal Investigator',10),                                                                             
(37,3003,1070,'8100',10),                                                                                                           
(38,3003,8100,NULL,10),                                                                                                             
(39,3003,1805,'PI_ID',11),                                                                                                          
(40,3003,1060,'ID of the Principal Investigator',11),                                                                               
(41,3003,1070,'8110',11),                                                                                                           
(42,3003,8110,NULL,11),                                                                                                             
(43,3003,1805,'STUDY_UPDATE',12),                                                                                                   
(44,3003,1060,'Date the study was last updated',12),                                                                                
(45,3003,1070,'8009',12),                                                                                                           
(46,3003,8009,'20140724',12),                                                                                                       
(47,3004,1805,'DATASET_NAME',1),                                                                                                    
(48,3004,1060,'DATASETNAME',1),                                                                                                     
(49,3004,1070,'8150',1),                                                                                                            
(50,3004,1805,'DATASET_TITLE',2),                                                                                                   
(51,3004,1060,'DATASET TITLE',2),                                                                                                   
(52,3004,1070,'8155',2),                                                                                                            
(53,3004,1805,'DATASET_TYPE',3),                                                                                                    
(54,3004,1060,'Dataset type',3),                                                                                                    
(55,3004,1070,'8160',3),                                                                                                            
(56,3004,8160,'10080',3),                                                                                                           
(57,3004,1806,'TRIAL_INSTANCE',4),                                                                                                  
(58,3004,1060,'TRIAL NUMBER',4),                                                                                                    
(59,3004,1070,'8170',4),                                                                                                            
(60,3004,1806,'COOPERATOR',5),                                                                                                      
(61,3004,1060,'COOPERATOR NAME',5),                                                                                                 
(62,3004,1070,'8373',5),                                                                                                            
(63,3004,1806,'COOPERATOR_ID',6),                                                                                                   
(64,3004,1060,'COOPERATOR ID',6),                                                                                                   
(65,3004,1070,'8372',6),                                                                                                            
(66,3004,1806,'LOCATION_NAME',7),                                                                                                   
(67,3004,1060,'TRIAL SITE NAME',7),                                                                                                 
(68,3004,1070,'8180',7),                                                                                                            
(69,3004,1806,'LOCATION_ID',8),                                                                                                     
(70,3004,1060,'TRIAL SITE ID',8),                                                                                                   
(71,3004,1070,'8190',8),                                                                                                            
(72,3004,1802,'SITE_SOIL_PH',9),                                                                                                    
(73,3004,1060,'Soil acidity - ph meter (pH)',9),                                                                                    
(74,3004,1070,'8270',9),                                                                                                            
(75,3005,1805,'DATASET_NAME',1),                                                                                                    
(76,3005,1060,'DATASET NAME',1),                                                                                                    
(77,3005,1070,'8150',1),                                                                                                            
(78,3005,1805,'DATASET_TITLE',2),                                                                                                   
(79,3005,1060,'DATASET TITLE',2),                                                                                                   
(80,3005,1070,'8155',2),                                                                                                            
(81,3005,1805,'DATASET_TYPE',3),                                                                                                    
(82,3005,1060,'Dataset type',3),                                                                                                    
(83,3005,1070,'8160',3),                                                                                                            
(84,3005,8160,'10090',3),                                                                                                           
(85,3005,1806,'TRIAL_INSTANCE',4),                                                                                                  
(86,3005,1060,'TRIAL NUMBER',4),                                                                                                    
(87,3005,1070,'8170',4),                                                                                                            
(88,3005,1804,'ENTRY_NO',8),                                                                                                        
(89,3005,1060,'Thegermplasm entry number',8),                                                                                       
(90,3005,1070,'8230',8),                                                                                                            
(91,3005,1804,'DESIGNATION',9),                                                                                                     
(92,3005,1060,'The name of the germplasm',9),                                                                                       
(93,3005,1070,'8250',9),                                                                                                            
(94,3005,1804,'GID',10),                                                                                                            
(95,3005,1060,'The GID of the germplasm',10),                                                                                       
(96,3005,1070,'8240',10),                                                                                                           
(97,3005,1804,'CROSS',11),                                                                                                          
(98,3005,1060,'The pedigree string of the germplasm',11),                                                                           
(99,3005,1070,'8377',11),                                                                                                           
(100,3005,1804,'SOURCE',12),                                                                                                        
(101,3005,1060,'The seed source of the germplasm',12),                                                                              
(102,3005,1070,'8378',12),                                                                                                          
(103,3005,1804,'ENTRY_CODE',13),                                                                                                    
(104,3005,1060,'Germplasm entry code',13),                                                                                          
(105,3005,1070,'8300',13),                                                                                                          
(106,3005,1810,'PLOT_NO',14),                                                                                                       
(107,3005,1060,'Plot number of test',14),                                                                                           
(108,3005,1070,'8200',14),                                                                                                          
(109,3005,1810,'REP_NO',15),                                                                                                        
(110,3005,1060,'REPLICATION',15),                                                                                                   
(111,3005,1070,'8210',15),                                                                                                          
(112,3005,1810,'BLOCK_NO',16),                                                                                                      
(113,3005,1060,'INCOMPLETE BLOCK',16),                                                                                              
(114,3005,1070,'8220',16),                                                                                                          
(151,3006,1805,'STUDY_NAME',1),                                                                                                     
(152,3006,1060,'STUDY NAME',1),                                                                                                     
(153,3006,1070,'8005',1),                                                                                                           
(154,3006,1805,'STUDY_TITLE',2),                                                                                                    
(155,3006,1060,'TITLE ASSIGNED',2),                                                                                                 
(156,3006,1070,'8007',2),                                                                                                           
(157,3006,1805,'PM_KEY',3),                                                                                                         
(158,3006,1060,'PROJECT MANAGEMENT KEY',3),                                                                                         
(159,3006,1070,'8040',3),                                                                                                           
(160,3006,8040,'0',3),                                                                                                              
(161,3006,1805,'STUDY_OBJECTIVE',4),                                                                                                
(162,3006,1060,'OBJECTIVE DESCRIBED',4),                                                                                            
(163,3006,1070,'8030',4),                                                                                                           
(164,3006,8030,'Provide templates to start creating trials and nurseries',4),                                                       
(165,3006,1805,'START_DATE',5),                                                                                                     
(166,3006,1060,'STUDY START DATE',5),                                                                                               
(167,3006,1070,'8050',5),                                                                                                           
(168,3006,8050,'20140627',5),                                                                                                       
(169,3006,1805,'END_DATE',6),                                                                                                       
(170,3006,1060,'STUDY END DATE',6),                                                                                                 
(171,3006,1070,'8060',6),                                                                                                           
(172,3006,8060,'20140627',6),                                                                                                       
(173,3006,1805,'STUDY_TYPE',7),                                                                                                     
(174,3006,1060,'TYPE OF STUDY',7),                                                                                                  
(175,3006,1070,'8070',7),                                                                                                           
(176,3006,8070,'10000',7),                                                                                                          
(177,3006,1805,'Study_UID',8),                                                                                                      
(178,3006,1060,'STUDY USER ID',8),                                                                                                  
(179,3006,1070,'8020',8),                                                                                                           
(180,3006,8020,NULL,8),                                                                                                             
(185,3006,1805,'STUDY_UPDATE',10),                                                                                                  
(186,3006,1060,'Date the study waslast updated',10),                                                                                
(187,3006,1070,'8009',10),                                                                                                          
(188,3006,8009,'20140724',10),                                                                                                      
(189,3006,1805,'PI_NAME',11),                                                                                                       
(190,3006,1060,'Name of thePrincipal Investigator',11),                                                                             
(191,3006,1070,'8100',11),                                                                                                          
(192,3006,8100,NULL,11),                                                                                                            
(193,3006,1805,'PI_ID',12),                                                                                                         
(194,3006,1060,'ID of the Principal Investigator',12),                                                                              
(195,3006,1070,'8110',12),                                                                                                          
(196,3006,8110,NULL,12),                                                                                                            
(205,3007,1805,'DATASET_NAME',1),                                                                                                   
(206,3007,1060,'DATASET NAME',1),                                                                                                   
(207,3007,1070,'8150',1),                                                                                                           
(208,3007,1805,'DATASET_TITLE',2),                                                                                                  
(209,3007,1060,'DATASET TITLE',2),                                                                                                  
(210,3007,1070,'8155',2),                                                                                                           
(211,3007,1805,'DATASET_TYPE',3),                                                                                                   
(212,3007,1060,'Dataset type',3),                                                                                                   
(213,3007,1070,'8160',3),                                                                                                           
(214,3007,8160,'10080',3),                                                                                                          
(215,3007,1806,'NID',4),                                                                                                            
(216,3007,1060,'TRIAL NUMBER',4),                                                                                                   
(217,3007,1070,'8170',4),                                                                                                           
(218,3007,1806,'LOCATION_NAME',15),                                                                                                 
(219,3007,1060,'NURSERY SITE NAME',15),                                                                                             
(220,3007,1070,'8180',15),                                                                                                          
(221,3007,8180,NULL,15),                                                                                                            
(222,3007,1806,'LOCATION_ID',16),                                                                                                   
(223,3007,1060,'NURSERY SITE ID',16),                                                                                               
(224,3007,1070,'8190',16),                                                                                                          
(225,3007,8190,NULL,16),                                                                                                            
(226,3008,1805,'DATASET_NAME',1),                                                                                                   
(227,3008,1060,'DATASET NAME',1),                                                                                                   
(228,3008,1070,'8150',1),                                                                                                           
(229,3008,1805,'DATASET_TITLE',2),                                                                                                  
(230,3008,1060,'DATASET TITLE',2),                                                                                                  
(231,3008,1070,'8155',2),                                                                                                           
(232,3008,1805,'DATASET_TYPE',3),                                                                                                   
(233,3008,1060,'Dataset type',3),                                                                                                   
(234,3008,1070,'8160',3),                                                                                                           
(235,3008,8160,'10090',3),                                                                                                          
(236,3008,1806,'NID',4),                                                                                                            
(237,3008,1060,'TRIAL NUMBER',4),                                                                                                   
(238,3008,1070,'8170',4),                                                                                                           
(239,3008,1804,'ENTRY_NO',5),                                                                                                       
(240,3008,1060,'ENTRY NUMBER',5),                                                                                                   
(241,3008,1070,'8230',5),                                                                                                           
(242,3008,1804,'DESIGNATION',6),                                                                                                    
(243,3008,1060,'ENTRY DESIGNATION',6),                                                                                              
(244,3008,1070,'8250',6),                                                                                                           
(245,3008,1804,'GID',7),                                                                                                            
(246,3008,1060,'GERMPLASM ID',7),                                                                                                   
(247,3008,1070,'8240',7),                                                                                                           
(248,3008,1804,'CROSS',8),                                                                                                          
(249,3008,1060,'The pedigree string of the germplasm',8),                                                                           
(250,3008,1070,'8377',8),                                                                                                           
(251,3008,1804,'SOURCE',9),                                                                                                         
(252,3008,1060,'The seed source of the germplasm',9),                                                                               
(253,3008,1070,'8378',9),                                                                                                           
(254,3008,1804,'ENTRY_TYPE',10),                                                                                                    
(255,3008,1060,'TYPE OF ENTRY',10),                                                                                                 
(256,3008,1070,'8255',10),                                                                                                          
(257,3008,1810,'PLOT_NO',11),                                                                                                       
(258,3008,1060,'PLOT NUMBER',11),                                                                                                   
(259,3008,1070,'8200',11),                                                                                                          
(260,3008,1807,'NPSEL',12),                                                                                                         
(261,3008,1060,'Plants Selected',12),                                                                                               
(262,3008,1070,'8263',12),                                                                                                          
(266,3008,1808,'FlwT_50FlwCount_days',14),                                                                                          
(267,3008,1060,'Days to flowering',14),                                                                                             
(268,3008,1070,'23253',14),                                                                                                         
(272,3008,1808,'CanHt_Meas_cm',16),                                                                                                 
(273,3008,1060,'Canopy Height at FLOW50',16),                                                                                       
(274,3008,1070,'23247',16),                                                                                                         
(275,3008,1808,'AphDam_Est_0to4',17),                                                                                               
(276,3008,1060,'Aphid resistance',17),                                                                                              
(277,3008,1070,'23243',17),                                                                                                         
(281,3008,1808,'BECMVSev_Est_0to4',19),                                                                                             
(282,3008,1060,'Resistance to blackeye cowpea mosaic virus',19),                                                                    
(283,3008,1070,'23245',19),                                                                                                         
(284,3008,1808,'CAMVSev_Est0to4',20),                                                                                               
(285,3008,1060,'Resistance to cowpeaaphid-borne mosaic virus',20),                                                                  
(286,3008,1070,'23956',20),                                                                                                         
(287,3008,1808,'NOTES',21),                                                                                                         
(288,3008,1060,'BREEDERS NOTES',21),                                                                                                
(289,3008,1070,'8390',21),                                                                                                          
(313,3005,1808,'AphDam_Est_0to4',19),                                                                                               
(314,3005,1060,'Aphid resistance',19),                                                                                              
(315,3005,1070,'23243',19),                                                                                                         
(319,3005,1808,'BECMVSev_Est_0to4',21),                                                                                             
(320,3005,1060,'Resistance to blackeye cowpea mosaic virus',21),                                                                    
(321,3005,1070,'23245',21),                                                                                                         
(322,3005,1808,'CAMVSev_Est0to4',22),                                                                                               
(323,3005,1060,'Resistance to cowpea aphid-borne mosaic virus',22),                                                                 
(324,3005,1070,'23956',22),                                                                                                         
(325,3005,1808,'CanHt_Meas_cm',23),                                                                                                 
(326,3005,1060,'Canopy Height at FLOW50',23),                                                                                       
(327,3005,1070,'23247',23),                                                                                                         
(331,3005,1808,'CookT_Meas_min',25),                                                                                                
(332,3005,1060,'Cooking time',25),                                                                                                  
(333,3005,1070,'23248',25),                                                                                                         
(334,3005,1808,'PodCol_Est_1to3',26),                                                                                               
(335,3005,1060,'Dry pod color',26),                                                                                                 
(336,3005,1070,'23249',26),                                                                                                         
(340,3005,1808,'PigBleed_Est_0to4',28),                                                                                             
(341,3005,1060,'Pigment bleeding',28),                                                                                              
(342,3005,1070,'23957',28),                                                                                                         
(343,3005,1808,'SdSen_Est_0to4',29),                                                                                                
(344,3005,1060,'Drought induced senescence',29),                                                                                    
(345,3005,1070,'23958',29),                                                                                                         
(346,3005,1808,'FlwT_50FlwCount_days',30),                                                                                          
(347,3005,1060,'Days to 50% flowering',30),                                                                                         
(348,3005,1070,'23253',30),                                                                                                         
(349,3005,1808,'FlwCol_Est_1to4',31),                                                                                               
(350,3005,1060,'Flower color',31),                                                                                                  
(351,3005,1070,'23254',31),                                                                                                         
(352,3005,1808,'BiomDWtMat_Av_g',32),                                                                                               
(353,3005,1060,'Biomass at Maturity',32),                                                                                           
(354,3005,1070,'23255',32),                                                                                                         
(355,3005,1808,'BiomDWtFlw_Av_g',33),                                                                                               
(356,3005,1060,'Biomass at Flowering',33),                                                                                          
(357,3005,1070,'23256',33),                                                                                                         
(361,3005,1808,'FusWltR3_Est_0to4',35),                                                                                             
(362,3005,1060,'Resistance to Fusarium wilt Race 3',35),                                                                            
(363,3005,1070,'23258',35),                                                                                                         
(364,3005,1808,'FusWltR4_Est_0to4',36),                                                                                             
(365,3005,1060,'Resistance to Fusarium wilt Race 4',36),                                                                            
(366,3005,1070,'23259',36),                                                                                                         
(367,3005,1808,'GwthHab_Est_1to6',37),                                                                                              
(368,3005,1060,'Growth habit',37),                                                                                                  
(369,3005,1070,'23260',37),                                                                                                         
(370,3005,1808,'HI_Comp_ratio',38),                                                                                                 
(371,3005,1060,'Harvest index',38),                                                                                                 
(372,3005,1070,'23261',38),                                                                                                         
(373,3005,1808,'LygusBDam_Est_0to4',39),                                                                                            
(374,3005,1060,'Resistance to lygus bug',39),                                                                                       
(375,3005,1070,'23262',39),                                                                                                         
(376,3005,1808,'MacrophSev_Est_0to4',40),                                                                                           
(377,3005,1060,'Macrophomina Tolerance',40),                                                                                        
(378,3005,1070,'23263',40),                                                                                                         
(382,3005,1808,'NOTES',43),                                                                                                         
(383,3005,1060,'Breeders notes',43),                                                                                                
(384,3005,1070,'8390',43),                                                                                                          
(385,3005,1808,'PlntStHvst_Count_Plnt',45),                                                                                         
(386,3005,1060,'Number of plants per plot',45),                                                                                     
(387,3005,1070,'23267',45),                                                                                                         
(388,3005,1808,'PodLng_Av_cm',46),                                                                                                  
(389,3005,1060,'Length of pods',46),                                                                                                
(390,3005,1070,'23269',46),                                                                                                         
(394,3005,1808,'PodNo_Av_PodPed',48),                                                                                               
(395,3005,1060,'Pods per peduncule',48),                                                                                            
(396,3005,1070,'23271',48),                                                                                                         
(397,3005,1808,'PodYld_Wgh_g',49),                                                                                                  
(398,3005,1060,'Pod weight per plot',49),                                                                                           
(399,3005,1070,'23272',49),                                                                                                         
(406,3005,1808,'SdCCol_Est_1to7',52),                                                                                               
(407,3005,1060,'Seedcoat color',52),                                                                                                
(408,3005,1070,'23275',52),                                                                                                         
(412,3005,1808,'SdCPat_Est_1to6',54),                                                                                               
(413,3005,1060,'Seed coat pattern',54),                                                                                             
(414,3005,1070,'23277',54),                                                                                                         
(415,3005,1808,'SdShp_Est_1to5',55),                                                                                                
(416,3005,1060,'Seed shape',55),                                                                                                    
(417,3005,1070,'23278',55),                                                                                                         
(418,3005,1808,'SdCTex_Est_1to3',56),                                                                                               
(419,3005,1060,'Seedcoat texture',56),                                                                                              
(420,3005,1070,'23279',56),                                                                                                         
(424,3005,1808,'SdPod_Av_sdpod',58),                                                                                                
(425,3005,1060,'Seed per pod',58),                                                                                                  
(426,3005,1070,'23281',58),                                                                                                         
(427,3005,1808,'ChlCt_Meas_Score',59),                                                                                              
(428,3005,1060,'SPAD value',59),                                                                                                    
(429,3005,1070,'23282',59),                                                                                                         
(430,3005,1808,'StrRes_Est_1to5',60),                                                                                               
(431,3005,1060,'Resistance to Striga gesneroides',60),                                                                              
(432,3005,1070,'23959',60),                                                                                                         
(433,3005,1808,'GSucrCt_Meas_',61),                                                                                                 
(434,3005,1060,'Grain sucrose content',61),                                                                                         
(435,3005,1070,'23284',61),                                                                                                         
(436,3005,1808,'ThrpDamPod_Est_0to4',62),                                                                                           
(437,3005,1060,'Thrip damage to podset',62),                                                                                        
(438,3005,1070,'23285',62),                                                                                                         
(439,3005,1808,'ThrpDamStpl_Est_0to4',63),                                                                                          
(440,3005,1060,'Thrip damage to stipules',63),                                                                                      
(441,3005,1070,'23286',63),                                                                                                         
(442,3005,1808,'VirSev_Est_Pct',64),                                                                                                
(443,3005,1060,'Virus Incudence',64),                                                                                               
(444,3005,1070,'23287',64),                                                                                                         
(445,3005,1808,'YLDPLOT',65),                                                                                                       
(446,3005,1060,'Grain yield per plant',65),                                                                                         
(447,3005,1070,'23288',65),                                                                                                         
(448,3005,1060,'Field plot id - assigned (text)',66),                                                                               
(449,3005,1070,'8201',66),                                                                                                          
(450,3005,1804,'PLOT_ID',66),                                                                                                       
(451,3008,1060,'Field plot id - assigned (text)',22),                                                                               
(452,3008,1070,'8201',22),                                                                                                          
(453,3008,1804,'PLOT_ID',22);                                                                                                       
                                                                                                                                    
/*!40101 SET SQL_MODE=@OLD_SQL_MODE */;                                                                                             
/*!40014 SET FOREIGN_KEY_CHECKS=@OLD_FOREIGN_KEY_CHECKS */;                                                                         
/*!40014 SET UNIQUE_CHECKS=@OLD_UNIQUE_CHECKS */;                                                                                   
/*!40111 SET SQL_NOTES=@OLD_SQL_NOTES */;                                                                                           
