/*                                                                                                                                  
SQLyog Community v11.28 (64 bit)                                                                                                    
MySQL - 5.6.27 : Database - curated_new_om                                                                                          
*********************************************************************                                                               
*/                                                                                                                                 
                                                                                                                                    
/*!40101 SET NAMES utf8 */;                                                                                                         
                                                                                                                                    
/*!40101 SET SQL_MODE=''*/;                                                                                                         
                                                                                                                                    
/*!40014 SET @OLD_UNIQUE_CHECKS=@@UNIQUE_CHECKS, UNIQUE_CHECKS=0 */;                                                                
/*!40014 SET @OLD_FOREIGN_KEY_CHECKS=@@FOREIGN_KEY_CHECKS, FOREIGN_KEY_CHECKS=0 */;                                                 
/*!40101 SET @OLD_SQL_MODE=@@SQL_MODE, SQL_MODE='NO_AUTO_VALUE_ON_ZERO' */;                                                         
/*!40111 SET @OLD_SQL_NOTES=@@SQL_NOTES, SQL_NOTES=0 */;                                                                            
/*Data for the table `project` */                                                                                                   
                                                                                                                                    
insert  into `project`(`project_id`,`name`,`description`,`program_uuid`) values
(3501,'Bean Templates','Bean Trial and Nursery Template',NULL),
(3505,'Bean Nursery template','Template for a breeding Bean nursery',NULL),
(3506,'Bean Nursery template-ENVIRONMENT','Bean Nursery template -ENVIRONMENT',NULL),
(3507,'Bean Nursery template-PLOTDATA','Bean Nursery template-PLOTDATA',NULL),
(3508,'Beans Trial Template','The Beans Trial Template',NULL),
(3509,'Beans Trial Template-ENVIRONMENT','Beans Trial Template-ENVIRONMENT',NULL),
(3510,'Beans Trial Template-PLOTDATA','Beans Trial Template-PLOTDATA',NULL);
                                                                                                                                    
/*Data for the table `project_relationship` */                                                                                      
                                                                                                                                    
insert  into `project_relationship`(`project_relationship_id`,`subject_project_id`,`object_project_id`,`type_id`) values
(6601,3501,1,1140),
(6605,3505,3501,1145),
(6606,3506,3505,1150),
(6607,3507,3505,1150),
(6608,3508,3501,1145),
(6609,3509,3508,1150),
(6610,3510,3508,1150);
                                                                                                                                    
/*Data for the table `projectprop` */                                                                                               
                                                                                                                                    
insert  into `projectprop`(`projectprop_id`,`project_id`,`type_id`,`value`,`rank`) values
(164001,3508,1805,'STUDY_NAME',1),
(164002,3508,1060,'Study name',1),
(164003,3508,1070,'8005',1),
(164004,3508,1805,'STUDY_TITLE',2),
(164005,3508,1060,'Study title',2),
(164006,3508,1070,'8007',2),
(164007,3508,1805,'STUDY_OBJECTIVE',3),
(164008,3508,1060,'Study objective',3),
(164009,3508,1070,'8030',3),
(164010,3508,1805,'STUDY_TYPE',4),
(164011,3508,1060,'Study type',4),
(164012,3508,1070,'8070',4),
(164013,3508,1805,'START_DATE',5),
(164014,3508,1060,'Start date',5),
(164015,3508,1070,'8050',5),
(164016,3508,1805,'END_DATE',6),
(164017,3508,1060,'End date',6),
(164018,3508,1070,'8060',6),
(164019,3508,8030,'Generate the Beans Ciat Template Script',3),
(164020,3508,8070,'10010',4),
(164021,3508,8050,'20150504',5),
(164022,3508,8060,'20151231',6),
(164023,3509,1806,'INSTANCE_NO',4),
(164024,3509,1060,'Trial instance - enumerated (number)',4),
(164025,3509,1070,'8170',4),
(164026,3509,1805,'DATASET_NAME',1),
(164027,3509,1060,'Dataset name',1),
(164028,3509,1070,'8150',1),
(164029,3509,1805,'DATASET_TITLE',2),
(164030,3509,1060,'Dataset title',2),
(164031,3509,1070,'8155',2),
(164032,3509,1805,'DATASET_TYPE',3),
(164033,3509,1060,'Dataset type',3),
(164034,3509,1070,'8160',3),
(164035,3509,8160,'10080',3),
(164036,3510,1806,'INSTANCE_NO',1),
(164037,3510,1060,'Trial instance - enumerated (number)',1),
(164038,3510,1070,'8170',1),
(164039,3510,1805,'DATASET_NAME',2),
(164040,3510,1060,'Dataset name',2),
(164041,3510,1070,'8150',2),
(164042,3510,1805,'DATASET_TITLE',3),
(164043,3510,1060,'Dataset title',3),
(164044,3510,1070,'8155',3),
(164045,3510,1805,'DATASET_TYPE',4),
(164046,3510,1060,'Dataset type',4),
(164047,3510,1070,'8160',4),
(164048,3510,1804,'ENTRY_NO',5),
(164049,3510,1060,'Germplasm entry - enumerated (number)',5),
(164050,3510,1070,'8230',5),
(164051,3510,1804,'DESIGNATION',6),
(164052,3510,1060,'Germplasm identifier - assigned (DBCV)',6),
(164053,3510,1070,'8250',6),
(164054,3510,1042,'GID',7),
(164055,3510,1060,'Germplasm identifier - assigned (DBID)',7),
(164056,3510,1070,'8240',7),
(164057,3510,1804,'CROSS',8),
(164058,3510,1060,'The pedigree string of the germplasm',8),
(164059,3510,1070,'8377',8),
(164060,3510,1804,'SOURCE',9),
(164061,3510,1060,'The seed source of the germplasm - selected (Name)',9),
(164062,3510,1070,'8378',9),
(164063,3510,1804,'LocChk',10),
(164064,3510,1060,'Local check',10),
(164065,3510,1070,'25027',10),
(164066,3510,1810,'PLOT_NO',11),
(164067,3510,1060,'Field plot - enumerated (number)',11),
(164068,3510,1070,'8200',11),
(164069,3510,1810,'REP_NO',12),
(164070,3510,1060,'Replication - assigned (number)',12),
(164071,3510,1070,'8210',12),
(164072,3510,1810,'BLOCK_NO',13),
(164073,3510,1060,'Block - assigned (number)',13),
(164074,3510,1070,'8220',13),
(164075,3510,1808,'ALSF',14),
(164076,3510,1060,'Angular Leaf Spot in field-/Quantification of symptom development; R6{1 to 9}',14),
(164077,3510,1070,'25103',14),
(164078,3510,1808,'ALSFP',15),
(164079,3510,1060,'Angular Leaf Spot on pods in field-/Quantification of symptomdevelopment; R8{1 to 9}',15),
(164080,3510,1070,'25104',15),
(164081,3510,1808,'ALSG',16),
(164082,3510,1060,'Angular Leaf Spot ingreenhouse-/Quantification of symptom development; V3{1 to 9}',16),
(164083,3510,1070,'25068',16),
(164084,3510,1808,'ALT',17),
(164085,3510,1060,'Altitude of the collection or trial site-/With altimeter; or by map position{Meters}',17),
(164086,3510,1070,'25115',17),
(164087,3510,1808,'ANTFL',18),
(164088,3510,1060,'Anthracnose on leaves in field-/Quantification of symptom development-leaves; R6{1to 9}',18),
(164089,3510,1070,'25105',18),
(164090,3510,1808,'ANTFP',19),
(164091,3510,1060,'Anthracnose on pods in field-/Quantification ofsymptom development-pods; R7,R8{1 to 9}',19),
(164092,3510,1070,'25106',19),
(164093,3510,1808,'ANTGL',20),
(164094,3510,1060,'Anthracnose on leaves in greenhouse-/Quantification of symptom development-leaves; V2{1 to 9}',20),
(164095,3510,1070,'25069',20),
(164096,3510,1808,'APH',21),
(164097,3510,1060,'Aphis-/Quantification of symptom development; V4-R5{1 to 9}',21),
(164098,3510,1070,'25118',21),
(164099,3510,1808,'ASCFL',22),
(164100,3510,1060,'Ascochyta blight on leaves in field-/Quantification of symptom development; R6,R8{1to9}',22),
(164101,3510,1070,'25119',22),
(164102,3510,1808,'ASCFP',23),
(164103,3510,1060,'Ascochyta blight on pods in field-/Quantification of symptom development; R7,R8{1 to 9}',23),
(164104,3510,1070,'25120',23),
(164105,3510,1808,'ASCGL',24),
(164106,3510,1060,'Ascochyta blight on leaves in greenhouse-/Quantification of symptom development; V3{1 to 9}',24),
(164107,3510,1070,'25121',24),
(164108,3510,1808,'ASHSH',25),
(164109,3510,1060,'Seed Ash content-/Calcination (Gravimetric){%}',25),
(164110,3510,1070,'25122',25),
(164111,3510,1808,'ASHSHF',26),
(164112,3510,1060,'Shoot Ash content in field-/Calcination (Gravimetric){%}',26),
(164113,3510,1070,'25123',26),
(164114,3510,1808,'ASHSHG',27),
(164115,3510,1060,'Shoot Ash content in greenhouse-/Calcination (Gravimetric){%}',27),
(164116,3510,1070,'25124',27),
(164117,3510,1808,'AWE',28),
(164118,3510,1060,'Agronomic water efficiency-/Relationship between grain yield and waterapplied{kg/mm}',28),
(164119,3510,1070,'25125',28),
(164120,3510,1808,'bc3',29),
(164121,3510,1060,'Presence of DNA marker for bc-3; resistance BCMNV-/Visual eval of the presence of amplified fragment{Evaluated in scale - 3 categories (+,-,H)}',29),
(164122,3510,1070,'25126',29),
(164123,3510,1808,'BCMNV',30),
(164124,3510,1060,'Bean Common Mosaic Necrosis Virus-/Evaluated as M,N,O,L,V{Evaluatedin scale - 5 categories (M,N,O,L,V)}',30),
(164125,3510,1070,'25070',30),
(164126,3510,1808,'bgm1',31),
(164127,3510,1060,'Presence ofDNA marker for bgm-1; resistance BGYMV-/Visual eval of the presence of amplified fragment{Evaluated in scale - 3 categories (+,-,H)}',31),
(164128,3510,1070,'25127',31),
(164129,3510,1808,'BGYMVF',32),
(164130,3510,1060,'Bean Golden Yellow Mosaic Virus in field-/Evaluated as Resistant, Intermediate, Susceptible{1 to 9}',32),
(164131,3510,1070,'25128',32),
(164132,3510,1808,'BGYMVG',33),
(164133,3510,1060,'Bean Golden Yellow Mosaic Virus in greenhouse-/Evaluated as mosaic (M); asymptomatic (O){Evaluated in scale - 2 categories (M,O)}',33),
(164134,3510,1070,'25129',33),
(164135,3510,1808,'BRGAF',34),
(164136,3510,1060,'Basal root growth angle in field-/Measure of basal root angle from field samples{degrees}',34),
(164137,3510,1070,'25130',34),
(164138,3510,1808,'BRGAG',35),
(164139,3510,1060,'Basalroot growth angle in greenhouse-/Measure of basal root angle from greenhouse sample{degrees}',35),
(164140,3510,1070,'25131',35),
(164141,3510,1808,'BRL',36),
(164142,3510,1060,'Basal root length-/Scanned root system evaluated with Winrhizo{m}',36),
(164143,3510,1070,'25060',36),
(164144,3510,1808,'BRN',37),
(164145,3510,1060,'Basal roots number-/Count of basal root from samples in greenhouse{Number}',37),
(164146,3510,1070,'25132',37),
(164147,3510,1808,'BRU',38),
(164148,3510,1060,'Bruchid damage-/Adult emergence as percentage of  egg count{%}',38),
(164149,3510,1070,'25073',38),
(164150,3510,1808,'BRWN',39),
(164151,3510,1060,'Basal root whorl number -/Count basal root whorl from sample in greenhouse{Number}',39),
(164152,3510,1070,'25133',39),
(164153,3510,1808,'BS',40),
(164154,3510,1060,'Biological status -/Biological Status Method{Evaluated in scale - 5 categories (1-5)}',40),
(164155,3510,1070,'25134',40),
(164156,3510,1808,'BSM',41),
(164157,3510,1060,'Bean Stem Maggot-/Evaluation Third trifoliate leaf (V4).{1 to 9}',41),
(164158,3510,1070,'25074',41),
(164159,3510,1808,'CB',42),
(164160,3510,1060,'Canopy biomass at R8-/Canopy weight of plants in0.5m of row dried at60oC{kg/ha}',42),
(164161,3510,1070,'25096',42),
(164162,3510,1808,'CBBFL',43),
(164163,3510,1060,'Common Bacterial Blight on leaves in field-/Quantification of symptom development; R6{1 to 9}',43),
(164164,3510,1070,'25107',43),
(164165,3510,1808,'CBBFP',44),
(164166,3510,1060,'Common Bacterial Blight on pods in field-/Quantification of symptom development; R7,R8{1 to 9}',44),
(164167,3510,1070,'25108',44),
(164168,3510,1808,'CBBGL',45),
(164169,3510,1060,'Common Bacterial Blight on leaves in greenhouse-/Quantification of symptom development; V3{1 to 9}',45),
(164170,3510,1070,'25071',45),
(164171,3510,1808,'CD',46),
(164172,3510,1060,'Collection date-/ASSIGNED{Date}',46),
(164173,3510,1070,'25083',46),
(164174,3510,1808,'CIDG',47),
(164175,3510,1060,'Grain carbon isotope discrimination-/Mass spectrometer: C12vs. C13 analysis{? 13C (0/00)}',47),
(164176,3510,1070,'25135',47),
(164177,3510,1808,'CIDL',48),
(164178,3510,1060,'Leaf carbon isotope discrimination-/Mass spectrometer: C12 vs. C13 analysis{? 13C (0/00)}',48),
(164179,3510,1070,'25136',48),
(164180,3510,1808,'COD',49),
(164181,3510,1060,'Country of donor-/ASSIGNED{abbreviated name - ISO code}',49),
(164182,3510,1070,'25081',49),
(164183,3510,1808,'COLLS',50),
(164184,3510,1060,'Collection or trial site-/ASSIGNED{km}',50),
(164185,3510,1070,'25079',50),
(164186,3510,1808,'COO',51),
(164187,3510,1060,'Country of origin-/ASSIGNED{abbreviated name - ISO code}',51),
(164188,3510,1070,'25080',51),
(164189,3510,1808,'COOKT',52),
(164190,3510,1060,'Cooking time-/measured with penetrometer or Mattson cooker{minutes}',52),
(164191,3510,1070,'25065',52),
(164192,3510,1808,'CS',53),
(164193,3510,1060,'Collection source-/Use Scale (8 categories){Evaluated in scale - 8 categories (1-8)}',53),
(164194,3510,1070,'25137',53),
(164195,3510,1808,'CSEED',54),
(164196,3510,1060,'Seed calcium content in field-/AAS, ICP methods{g/kg}',54),
(164197,3510,1070,'25138',54),
(164198,3510,1808,'CSEEDG',55),
(164199,3510,1060,'Seed calcium content in greenhouse-/AAS, ICP methods{g/kg}',55),
(164200,3510,1070,'25139',55),
(164201,3510,1808,'CT',56),
(164202,3510,1060,'Canopy temperature-/Using An infrared thermometer{',56),
(164203,3510,1070,'25044',56),
(164204,3510,1808,'CTD',57),
(164205,3510,1060,'Canopy temperature depression-/ measured using an infrared thermometer{',57),
(164206,3510,1070,'25045',57),
(164210,3510,1808,'DII',59),
(164211,3510,1060,'Drought intensityindex-/Drought Intensity Index Method{Number}',59),
(164212,3510,1070,'25140',59),
(164213,3510,1808,'DLB',60),
(164214,3510,1060,'Dead leaf biomass at R8-/Dead leaf biomass from 50 cm row length{kg/ha}',60),
(164215,3510,1070,'25141',60),
(164216,3510,1808,'DOR',61),
(164217,3510,1060,'Date of receipt-/Date of Receipt{date}',61),
(164218,3510,1070,'25142',61),
(164219,3510,1808,'DPM',62),
(164220,3510,1060,'days to physiological maturity-/Evaluated visually{number}',62),
(164221,3510,1070,'25078',62),
(164222,3510,1808,'DSI',63),
(164223,3510,1060,'Drought susceptibility index-/Drought Susceptibility index method{Number}',63),
(164224,3510,1070,'25143',63),
(164225,3510,1808,'DT',64),
(164226,3510,1060,'Dehiscence type-/The dehiscence depends on the fiber content of the{Evaluated in scale - 3 categories (P,C,S)}',64),
(164227,3510,1070,'25144',64),
(164228,3510,1808,'ECC',65),
(164229,3510,1060,'Emerging cotyledon color-/Visual determination{Evaluated in scale - 6 categories (1-6)}',65),
(164230,3510,1070,'25145',65),
(164231,3510,1808,'ENV',66),
(164232,3510,1060,'Hidric Regime',66),
(164233,3510,1070,'25232',66),
(164234,3510,1808,'ET',67),
(164235,3510,1060,'Evapotranspiration-/Measure with a ET gage{mm/day}',67),
(164236,3510,1070,'25067',67),
(164237,3510,1808,'FertK',68),
(164238,3510,1060,'Potasium fertilizer applied',68),
(164239,3510,1070,'25007',68),
(164240,3510,1808,'FertN',69),
(164241,3510,1060,'Nitrogen fertilizer applied',69),
(164242,3510,1070,'25005',69),
(164243,3510,1808,'FertP',70),
(164244,3510,1060,'Phosphorus fertilizer applied',70),
(164245,3510,1070,'25006',70),
(164246,3510,1808,'FESEED',71),
(164247,3510,1060,'Seed Iron-/AAS, NIRS, ICP and XRF methods{mg/kg}',71),
(164248,3510,1070,'25062',71),
(164249,3510,1808,'FLCOL',72),
(164250,3510,1060,'Flower color-/Observation of freshly opened flowers{CIAT flower color scale - 5 categories  (1-5)}',72),
(164251,3510,1070,'25041',72),
(164252,3510,1808,'FLS',73),
(164253,3510,1060,'Floury leaf spot-/Quantification of symptom development; R6,R8{1 to 9}',73),
(164254,3510,1070,'25146',73),
(164255,3510,1808,'FUSRRF',74),
(164256,3510,1060,'Fusarium solani in field-/Quantification of symptom development; V1, R6,R7,R{1 to 9}',74),
(164257,3510,1070,'25111',74),
(164258,3510,1808,'FUSRRG',75),
(164259,3510,1060,'Fusarium solani in greenhouse-/Quantification of symptom development; V0,V1,V2,V3{1 to 9}',75),
(164260,3510,1070,'25075',75),
(164261,3510,1808,'FVFM',76),
(164262,3510,1060,'Growth habit-/measured with a flourpen{number}',76),
(164263,3510,1070,'25046',76),
(164264,3510,1808,'G15NNA',77),
(164265,3510,1060,'Grain 15N natural abundance-/15N natural abundance method{0/00}',77),
(164266,3510,1070,'25147',77),
(164267,3510,1808,'GFI',78),
(164268,3510,1060,'Grain filling index-/GFI :100 seed drymethod{%}',78),
(164269,3510,1070,'25148',78),
(164270,3510,1808,'GH',79),
(164271,3510,1060,'Growth habit Morf-/Based on visual classification bycategories{5 categories (1 -5)}',79),
(164272,3510,1070,'25042',79),
(164273,3510,1808,'GMDM',80),
(164274,3510,1060,'Geometric mean of days to physiological maturity-/Geometric mean of days to physiological maturity{Days}',80),
(164275,3510,1070,'25149',80),
(164276,3510,1808,'GMPLOT',81),
(164277,3510,1060,'Production per effective plot area-/Weight of seed harvest of all plants from the plot{g}',81),
(164278,3510,1070,'25039',81),
(164279,3510,1808,'GMSW',82),
(164280,3510,1060,'Geometric mean of 100 seed weight-/Geometricmean of 100 seeds weight{g}',82),
(164281,3510,1070,'25150',82),
(164282,3510,1808,'GMSY',83),
(164283,3510,1060,'Geometric mean of seed yield-/Geometric mean of seed yield{kg/ha}',83),
(164284,3510,1070,'25151',83),
(164285,3510,1808,'GRSTG',84),
(164286,3510,1060,'Growth stage -/Stages of development of the common bean plant{Scale (V0 toV4: R5 to R9)}',84),
(164287,3510,1070,'25152',84),
(164288,3510,1808,'HBFL',85),
(164289,3510,1060,'Halo blight on leaves in field-/Quantification of symptom development; R6{1 to 9}',85),
(164290,3510,1070,'25101',85),
(164291,3510,1808,'HBFP',86),
(164292,3510,1060,'Halo blight on pods in field-/Quantification of symptom development; R7,R8{1 to 9}',86),
(164293,3510,1070,'25102',86),
(164294,3510,1808,'HBGL',87),
(164295,3510,1060,'Halo blight on leaves in greenhouse-/Quantification of symptom development; V3{1 to 9}',87),
(164296,3510,1070,'25087',87),
(164300,3510,1808,'HP',89),
(164301,3510,1060,'Hypocotyl pigmentation-/Visual determination{valuated in scale - 3 categories (1-3)}',89),
(164302,3510,1070,'25153',89),
(164303,3510,1808,'IOD',90),
(164304,3510,1060,'Institution of donor-/Institution of donor{Name}',90),
(164305,3510,1070,'25154',90),
(164306,3510,1808,'KSEED',91),
(164307,3510,1060,'Seed potassium content in field-/AAS, ICP methods{g/kg}',91),
(164308,3510,1070,'25155',91),
(164309,3510,1808,'KSEEDG',92),
(164310,3510,1060,'Seed potassium content in greenhouse-/AAS, ICP methods{g/kg}',92),
(164311,3510,1070,'25156',92),
(164312,3510,1808,'L15NNA',93),
(164313,3510,1060,'Leaf 15N natural abundance-/Leaf 15N natural abundance method{0/00}',93),
(164314,3510,1070,'25157',93),
(164315,3510,1808,'LAF',94),
(164316,3510,1060,'Leaf area in field-/LICO-3000{cm2/Area}',94),
(164317,3510,1070,'25158',94),
(164318,3510,1808,'LAG',95),
(164319,3510,1060,'Leaf area in greenhouse-/LICO-3000{cm2/plant}',95),
(164320,3510,1070,'25159',95),
(164321,3510,1808,'LAI',96),
(164322,3510,1060,'Leaf area index-/Leaves are scanned using a leaf area meter{m2/m2}',96),
(164323,3510,1070,'25048',96),
(164324,3510,1808,'LAT',97),
(164325,3510,1060,'Latitude of the collection or trial site-/With GPS; or by map position{Degrees and minutes}',97),
(164326,3510,1070,'25116',97),
(164327,3510,1808,'LB',98),
(164328,3510,1060,'Leaf biomass at R8-/Leaves biomass from 50 cm row length{kg/ha}',98),
(164329,3510,1070,'25050',98),
(164330,3510,1808,'LH',99),
(164331,3510,1060,'Leafhopper-/Quantification of symptom development; V2-R8{1 to 9}',99),
(164332,3510,1070,'25160',99),
(164333,3510,1808,'LL',100),
(164334,3510,1060,'Leaf loss-/Visual evaluation{1 to 9}',100),
(164335,3510,1070,'25161',100),
(164336,3510,1808,'LON',101),
(164337,3510,1060,'Longitude of the collection or trial site-/With GPS; or by map position{Degrees and minutes}',101),
(164338,3510,1070,'25117',101),
(164339,3510,1808,'LP',102),
(164340,3510,1060,'Leaf persistence-/Visual evaluation{valuated in scale- 3 categories (1-3)}',102),
(164341,3510,1070,'25162',102),
(164342,3510,1808,'MPDCOL',103),
(164343,3510,1060,'Mature pod color-/Based on visual classification by categories{6 categories (1-6)}',103),
(164344,3510,1070,'25092',103),
(164345,3510,1808,'MPF',104),
(164346,3510,1060,'Macrophomina in field-/Quantification of symptom development; V0,R8{1 to 9}',104),
(164347,3510,1070,'25163',104),
(164348,3510,1808,'MPG',105),
(164349,3510,1060,'Macrophomina in greenhouse-/Quantification of symptom development; V0-V4{1 to 9}',105),
(164350,3510,1070,'25164',105),
(164351,3510,1808,'MRD',106),
(164352,3510,1060,'Mean root diameter-/scanned root system evaluated withWinrhizogreenh{mm}',106),
(164353,3510,1070,'25091',106),
(164354,3510,1808,'MSEED',107),
(164355,3510,1060,'Seed magnesium content in field-/AAS, ICP methods{g/kg}',107),
(164356,3510,1070,'25165',107),
(164357,3510,1808,'MSEEDG',108),
(164358,3510,1060,'Seed magnesium content in greenhouse-/AAS, ICP methods{g/kg}',108),
(164359,3510,1070,'25166',108),
(164360,3510,1808,'NENBB',109),
(164361,3510,1060,'Number of effective nodules in bush bean-/Number of effective nodules(red or pink) per plant{Evaluated in scale - 9 categories (1-9)}',109),
(164362,3510,1070,'25167',109),
(164363,3510,1808,'NENCB',110),
(164364,3510,1060,'Number of effective nodules in climbingbean-/Number of effective nodules(red or pink) per plant{Evaluated in scale - 9 categories (1-9)}',110),
(164365,3510,1070,'25168',110),
(164366,3510,1808,'NNF',111),
(164367,3510,1060,'Nodules number in field-/Determination of nodules number per plant{#/plant}',111),
(164368,3510,1070,'25169',111),
(164369,3510,1808,'NOC',112),
(164370,3510,1060,'Name of collector-/ASSIGNED{Name}',112),
(164371,3510,1070,'25082',112),
(164372,3510,1808,'NOD',113),
(164373,3510,1060,'Name of donor-/Name of Donor{Name}',113),
(164374,3510,1070,'25170',113),
(164375,3510,1808,'NSEED',114),
(164376,3510,1060,'Seed Nitrogen content in field-/Kjeldahl method{g/kg}',114),
(164377,3510,1070,'25171',114),
(164378,3510,1808,'NSEEDG',115),
(164379,3510,1060,'Seed Nitrogen content in greenhouse-/Kjeldahl method{g/kg}',115),
(164380,3510,1070,'25172',115),
(164381,3510,1808,'NWF',116),
(164382,3510,1060,'Nodules weight in field-/Weight of nodules per plant{g/plant}',116),
(164383,3510,1070,'25173',116),
(164384,3510,1808,'PBH',117),
(164385,3510,1060,'Pod biomass at R9-/Pods weight of plants in 0.5m of row dried at 60oC{kg/ha}',117),
(164386,3510,1070,'25053',117),
(164387,3510,1808,'PBMP',118),
(164388,3510,1060,'Pods biomass at R8-/Pods weight of plants in 0.5m of row dried at 60oC{kg/ha}',118),
(164389,3510,1070,'25051',118),
(164390,3510,1808,'PBO',119),
(164391,3510,1060,'Pod beak orientation-/Visual determination{valuated in scale - 3 categories (1-3)}',119),
(164392,3510,1070,'25175',119),
(164393,3510,1808,'PBP',120),
(164394,3510,1060,'Pod beak position-/Visual determination{Evaluated in scale - 2 categories (1,2)}',120),
(164395,3510,1070,'25095',120),
(164396,3510,1808,'PC',121),
(164397,3510,1060,'Pod curvature-/Visual determination{Evaluated inscale -4 categories (1-4)}',121),
(164398,3510,1070,'25097',121),
(164399,3510,1808,'PCS',122),
(164400,3510,1060,'Pod cross section-/Visual determination{Evaluated in scale - 4 categories (1-4)}',122),
(164401,3510,1070,'25176',122),
(164402,3510,1808,'PDPL',123),
(164403,3510,1060,'Pods per plant-/Average number of pods from 5 to10 selected plants{Number}',123),
(164404,3510,1070,'25085',123),
(164405,3510,1808,'PDPOS',124),
(164406,3510,1060,'Position of the pods in the plant-/Based on visual classification by categories{Evaluated in scale - 5 categories (1-5)}',124),
(164407,3510,1070,'25098',124),
(164408,3510,1808,'PHI',125),
(164409,3510,1060,'Pod harvestindex-/seed biomass dry weight/pod biomass dry weight*100{%}',125),
(164410,3510,1070,'25055',125),
(164411,3510,1808,'PHOR',126),
(164412,3510,1060,'Photoperiod response-/Photoperiod response of flowering{Evaluated in scale - 8 categories (1-8)}',126),
(164413,3510,1070,'25177',126),
(164414,3510,1808,'PL',127),
(164415,3510,1060,'Pod length-/Average length of 10dry pods,taking 1pod per plant{cm}',127),
(164416,3510,1070,'25089',127),
(164423,3510,1808,'PLM2',130),
(164424,3510,1060,'Number of plants per m2-/count plant number at harvest/m2{number/m2}',130),
(164425,3510,1070,'25037',130),
(164429,3510,1808,'PlotArea_m2',132),
(164430,3510,1060,'Plot Area-/Length of rows (m) byrows spacing (m){m2}',132),
(164431,3510,1070,'25174',132),
(164432,3510,1808,'PLPLOT',133),
(164433,3510,1060,'Number of plants per effective plot area-/Number of plants in plot after discarding 0.5meter{Number}',133),
(164434,3510,1070,'25088',133),
(164435,3510,1808,'PLTHARV',134),
(164436,3510,1060,'Plants harvested',134),
(164437,3510,1070,'25020',134),
(164438,3510,1808,'PLWTH',135),
(164439,3510,1060,'Plant width-/Measuring of the plant canopy spread in cm{cm}',135),
(164440,3510,1070,'25178',135),
(164441,3510,1808,'PPE',136),
(164442,3510,1060,'Pod production efficiency-/Pod production efficiency method{#/g}',136),
(164443,3510,1070,'25180',136),
(164444,3510,1808,'PPI',137),
(164445,3510,1060,'Pod partitioning index-/podbiomass dry weight/shoot biomass dry weight*100{%}',137),
(164446,3510,1070,'25056',137),
(164447,3510,1808,'PPNFlwMat',138),
(164448,3510,1060,'Precipitation from flowering to maturity',138),
(164449,3510,1070,'25009',138),
(164450,3510,1808,'PPNSowFlw',139),
(164451,3510,1060,'Precipitation from sowing to flowering',139),
(164452,3510,1070,'25008',139),
(164453,3510,1808,'PPNSowMat',140),
(164454,3510,1060,'Precipitation from sowing to maturity',140),
(164455,3510,1070,'25010',140),
(164456,3510,1808,'PPP',141),
(164457,3510,1060,'Pods per plot-/Quantification of the pods obtained from the plot{Number}',141),
(164458,3510,1070,'25181',141),
(164459,3510,1808,'PSC',142),
(164460,3510,1060,'Primary seed color-/Evaluated Visually{CIAT color scale (1-9)}',142),
(164461,3510,1070,'25034',142),
(164462,3510,1808,'PSEED',143),
(164463,3510,1060,'Seed Phosphorus-/ICP and Spectrometry Methods{g/kg}',143),
(164464,3510,1070,'25064',143),
(164465,3510,1808,'PSEEDG',144),
(164466,3510,1060,'Seed phosphoruscontent ingreenhouse-/ICP, Spectrometry methods{g/kg}',144),
(164467,3510,1070,'25182',144),
(164468,3510,1808,'PW',145),
(164469,3510,1060,'Podwidth-/Average width in millimeters of 10 dry pod{mm}',145),
(164470,3510,1070,'25100',145),
(164471,3510,1808,'PWBH',146),
(164472,3510,1060,'Podwall biomass at R9-/Podwall of plants in 0.5 m of row are dried at 60C{kg/ha}',146),
(164473,3510,1070,'25113',146),
(164474,3510,1808,'PWBP',147),
(164475,3510,1060,'Pod wall biomass proportion-/Pod wall biomass proportion method{%}',147),
(164476,3510,1070,'25183',147),
(164477,3510,1808,'PYTHF',148),
(164478,3510,1060,'Pythium spp. in field-/Quantification of symptom development; V1, R6,R7,R{1 to 9}',148),
(164479,3510,1070,'25112',148),
(164480,3510,1808,'PYTHG',149),
(164481,3510,1060,'Pythium spp. in greenhouse-/Quantification of symptom development; V0,V1,V2,V3{1 to 9}',149),
(164482,3510,1070,'25076',149),
(164483,3510,1808,'RACE',150),
(164484,3510,1060,'Race',150),
(164485,3510,1070,'25233',150),
(164486,3510,1808,'RSF',151),
(164487,3510,1060,'Rhizoctonia in field-/Quantification of symptom development; V1,R6,R8{1 to 9}',151),
(164488,3510,1070,'25184',151),
(164489,3510,1808,'RSG',152),
(164490,3510,1060,'Rhizoctonia in greenhouse-/Quantification of symptom development; V0-V4{1 to 9}',152),
(164491,3510,1070,'25185',152),
(164492,3510,1808,'RUSTFL',153),
(164493,3510,1060,'Rust on leaves in field-/Quantification of symptom development; R6{1 to 9}',153),
(164494,3510,1070,'25109',153),
(164495,3510,1808,'RUSTFP',154),
(164496,3510,1060,'Rust on pods in field-/Quantification of symptom development; R7{Not been defined yet}',154),
(164497,3510,1070,'25110',154),
(164498,3510,1808,'RUSTGL',155),
(164499,3510,1060,'Rust on leaves in greenhouse-/Quantification of symptom development; V2{1 to 9}',155),
(164500,3510,1070,'25072',155),
(164501,3510,1808,'RVF',156),
(164502,3510,1060,'Root volume in field-/Winrhizo{cm3/m2}',156),
(164503,3510,1070,'25186',156),
(164504,3510,1808,'RVG',157),
(164505,3510,1060,'Root volume in greenhouse-/Winrhizo{cm3/plant}',157),
(164506,3510,1070,'25187',157),
(164507,3510,1808,'RWC',158),
(164508,3510,1060,'Relative water content-/Determined in samples from young leaves{%}',158),
(164509,3510,1070,'25188',158),
(164510,3510,1808,'SBF',159),
(164511,3510,1060,'Southern blight in field-/Quantification of symptom development; V3,R8{1 to 9}',159),
(164512,3510,1070,'25189',159),
(164513,3510,1808,'SBG',160),
(164514,3510,1060,'Southern blight in greenhouse-/Quantification of symptom development; V0-V4{1 to 9}',160),
(164515,3510,1070,'25190',160),
(164516,3510,1808,'SBH',161),
(164517,3510,1060,'Seed biomass at R9-/Seed weight of plants in 0.5m of row dried at 60oC{kg/ha}',161),
(164518,3510,1070,'25054',161),
(164519,3510,1808,'SBMP',162),
(164520,3510,1060,'Stem biomass at R8-/Stem weight of plants in 0.5m of row dried at 60oC{kg/ha}',162),
(164521,3510,1070,'25049',162),
(164522,3510,1808,'SBR',163),
(164523,3510,1060,'Stem biomass reduction-/Stem Biomass Reduction Method{%}',163),
(164524,3510,1070,'25191',163),
(164525,3510,1808,'SC',164),
(164526,3510,1060,'Flower standard color-/In freshly opened flowers{Evaluated in scale - 7 categories (1-7)}',164),
(164527,3510,1070,'25093',164),
(164528,3510,1808,'SCMR',165),
(164529,3510,1060,'SPAD chlorophyll meter reading-/measured by using a hand-held chlorophyll meter{SPAD units}',165),
(164530,3510,1070,'25114',165),
(164531,3510,1808,'SCMRG',166),
(164532,3510,1060,'Spad chlorophyll meter reading in greenhouse-/SPAD{SPAD Units}',166),
(164533,3510,1070,'25192',166),
(164534,3510,1808,'SCOND',167),
(164535,3510,1060,'Stomatal conductance-/Using a leaf porometer{mmol m^-2 s^-1}',167),
(164536,3510,1070,'25047',167),
(164537,3510,1808,'SCP',168),
(164538,3510,1060,'Seed color pattern-/Visual Clasification by categories{CIAT seed color pattern scale (0,M,J,P,R,B)}',168),
(164539,3510,1070,'25036',168),
(164540,3510,1808,'SDBR',169),
(164541,3510,1060,'Seed brilliance-/Visual classification by categories{CIAT seed brilliance scale - 3 categories}',169),
(164542,3510,1070,'25043',169),
(164543,3510,1808,'SDPD',170),
(164544,3510,1060,'Seeds per pod-/Average number of seeds/pod from 10 pods{Number}',170),
(164545,3510,1070,'25086',170),
(164546,3510,1808,'SDPHY',171),
(164547,3510,1060,'Total Seed Phytates-/Colorimetric method{%}',171),
(164548,3510,1070,'25193',171),
(164549,3510,1808,'SDPRO',172),
(164550,3510,1060,'Seed Protein-/NIRS{%}',172),
(164551,3510,1070,'25061',172),
(164552,3510,1808,'SH',173),
(164553,3510,1060,'Seed Height-/Height of the seed to 14% moisture{mm}',173),
(164554,3510,1070,'25194',173),
(164555,3510,1808,'SHBF',174),
(164556,3510,1060,'Shoot biomass in field-/Shoot biomass (leaves+stems+pods) at Mid-podfill{g/area}',174),
(164557,3510,1070,'25195',174),
(164558,3510,1808,'SHBG',175),
(164559,3510,1060,'Shoot biomass in greenhouse-/Shoot biomass (leaves+stems+pods) from single pl{g/plant}',175),
(164560,3510,1070,'25196',175),
(164561,3510,1808,'SHCCF',176),
(164562,3510,1060,'Shoot calcium content in field-/AAS, ICPmethods{g/kg}',176),
(164563,3510,1070,'25197',176),
(164564,3510,1808,'SHCCG',177),
(164565,3510,1060,'Shoot calcium content in greenhouse-/AAS,ICP methods{g/kg}',177),
(164566,3510,1070,'25198',177),
(164567,3510,1808,'SHMCF',178),
(164568,3510,1060,'Shoot magnesiumcontent in field-/AAS, ICP methods{g/kg}',178),
(164569,3510,1070,'25199',178),
(164570,3510,1808,'SHMCG',179),
(164571,3510,1060,'Shoot magnesiumcontent in greenhouse-/AAS, ICP methods{g/kg}',179),
(164572,3510,1070,'25200',179),
(164573,3510,1808,'SHNCF',180),
(164574,3510,1060,'Shoot Nitrogen content in field-/Kjeldahl method{g/kg}',180),
(164575,3510,1070,'25201',180),
(164576,3510,1808,'SHNCG',181),
(164577,3510,1060,'Shoot Nitrogen content in greenhouse-/Kjeldahl method{g/kg}',181),
(164578,3510,1070,'25202',181),
(164579,3510,1808,'SHPCF',182),
(164580,3510,1060,'Shoot potassium content in field-/AAS, ICP methods{g/kg}',182),
(164581,3510,1070,'25203',182),
(164582,3510,1808,'SHPCG',183),
(164583,3510,1060,'Shoot potassium content in greenhouse-/AAS, ICP methods{g/kg}',183),
(164584,3510,1070,'25204',183),
(164585,3510,1808,'SHPHCF',184),
(164586,3510,1060,'Shoot phosphorus content in field-/ICP, Spectrometry methods{g/kg}',184),
(164587,3510,1070,'25205',184),
(164588,3510,1808,'SHPHCG',185),
(164589,3510,1060,'Shoot phosphorus content in greenhouse-/ICP, Spectrometry methods{g/kg}',185),
(164590,3510,1070,'25206',185),
(164591,3510,1808,'SL',186),
(164592,3510,1060,'Seed length-/Length of the seed to 14% moisture{mm}',186),
(164593,3510,1070,'25207',186),
(164594,3510,1808,'SMOIST',187),
(164595,3510,1060,'Percentage of grain moisture-/Moisture analyzer{%}',187),
(164596,3510,1070,'25179',187),
(164597,3510,1808,'SoilK',188),
(164598,3510,1060,'Soil Potasium content',188),
(164599,3510,1070,'25004',188),
(164600,3510,1808,'SoilP',189),
(164601,3510,1060,'Soil Phosphorus content',189),
(164602,3510,1070,'25003',189),
(164603,3510,1808,'SoilPH',190),
(164604,3510,1060,'Soil pH',190),
(164605,3510,1070,'25002',190),
(164606,3510,1808,'SOM',191),
(164607,3510,1060,'Soil organic matter content',191),
(164608,3510,1070,'25001',191),
(164609,3510,1808,'SP',192),
(164610,3510,1060,'Stem pigmentation-/Visual evaluation{Evaluated in scale - 4 categories (1-4)}',192),
(164611,3510,1070,'25208',192),
(164612,3510,1808,'SPE',193),
(164613,3510,1060,'Seed production efficiency-/Seed production efficiency method{#/g}',193),
(164614,3510,1070,'25209',193),
(164615,3510,1808,'SPLA',194),
(164616,3510,1060,'Seeds per plant-/Seeds per plant{Number}',194),
(164617,3510,1070,'25210',194),
(164618,3510,1808,'SPLO',195),
(164619,3510,1060,'Seeds per plot-/Quantification of the seeds obtained fromthe plot{Number}',195),
(164620,3510,1070,'25211',195),
(164621,3510,1808,'SRL',196),
(164622,3510,1060,'Specific root length-/Root length/root biomass{m/g}',196),
(164623,3510,1070,'25059',196),
(164624,3510,1808,'SS',197),
(164625,3510,1060,'Seed shape-/Seed Shape Method{Evaluated in scale - 6 categories (1-6)}',197),
(164626,3510,1070,'25212',197),
(164627,3510,1808,'SSC',198),
(164628,3510,1060,'Secondary seedcolor-/Evaluated Visually{CIAT color scale (1-9)}',198),
(164629,3510,1070,'25035',198),
(164630,3510,1808,'SSZ',199),
(164631,3510,1060,'Seed size-/Seed Size Method{valuated in scale - 3 categories (1-3)}',199),
(164632,3510,1070,'25213',199),
(164633,3510,1808,'STBH',200),
(164634,3510,1060,'Stem biomass at R9-/Stem weight of plants in 0.5m of row dried at 60oC{kg/ha}',200),
(164635,3510,1070,'25052',200),
(164636,3510,1808,'SW',201),
(164637,3510,1060,'Seed width-/Seed Width Method{mm}',201),
(164638,3510,1070,'25214',201),
(164639,3510,1808,'SW100',202),
(164640,3510,1060,'Seed weight-/Number of plants per plot effective area/plot area{g}',202),
(164641,3510,1070,'25033',202),
(164642,3510,1808,'TMNFLMA',203),
(164643,3510,1060,'TEMP_MINIMA_FLORACION_MADUREZ-/CENTIGRADO{Temperatura minima entre floracion y madurez}',203),
(164644,3510,1070,'25016',203),
(164645,3510,1808,'TMNSIFL',204),
(164646,3510,1060,'TEMP_MINIMA_SIEMBRA_FLORACION-/CENTIGRADO{Temperatura minima entre siembra y floracion}',204),
(164647,3510,1070,'25012',204),
(164648,3510,1808,'TMNSIMA',205),
(164649,3510,1060,'TEMP_MINIMA_SIEMBRA_MADUREZ-/CENTIGRADO{Temperatura minima entre siembra y madurez}',205),
(164650,3510,1070,'25014',205),
(164651,3510,1808,'TMXFLMA',206),
(164652,3510,1060,'TEMP_MAXIMA_FLORACION_MADUREZ-/CENTIGRADO{Temperatura maxima entre floracion ymadurez}',206),
(164653,3510,1070,'25015',206),
(164654,3510,1808,'TMXSIFL',207),
(164655,3510,1060,'TEMP_MAXIMA_SIEMBRA_FLORACION-/CENTIGRADO{Temperatura maxima entre siembra y floracion}',207),
(164656,3510,1070,'25011',207),
(164657,3510,1808,'TMXSIMA',208),
(164658,3510,1060,'TEMP_MAXIMA_SIEMBRA_MADUREZ-/CENTIGRADO{Temperatura maxima entre siembra y madurez}',208),
(164659,3510,1070,'25013',208),
(164660,3510,1808,'TNCLF',209),
(164661,3510,1060,'Total non-structural carbohydrates in leaves-Field-/Tot non-structural carbohydrates(TNC) from leaves {mg/g}',209),
(164662,3510,1070,'25215',209),
(164663,3510,1808,'TNCLG',210),
(164664,3510,1060,'Totnon-structuralcarbohydrates in leaves-Greenho-/Tot non-structural carbohydrates(TNC) from leaves {mg/g}',210),
(164665,3510,1070,'25216',210),
(164666,3510,1808,'TNCS',211),
(164667,3510,1060,'Total non-structural carbohydrates in seed-/Tot non-structural carbohydrates(TNC) from seed{mg/g}',211),
(164668,3510,1070,'25217',211),
(164669,3510,1808,'TNCSHF',212),
(164670,3510,1060,'Totalnon-structural carbohydratesin shoot-Field-/Tot non-structural carbohydrates(TNC) from shoot{mg/g}',212),
(164671,3510,1070,'25218',212),
(164672,3510,1808,'TNCSHG',213),
(164673,3510,1060,'Tot non-structural carbohydrates in shoot-Greenho-/Tot non-structural carbohydrates(TNC) from shoot{mg/g}',213),
(164674,3510,1070,'25219',213),
(164675,3510,1808,'TNCSTF',214),
(164676,3510,1060,'Total non-structural carbohydrates in stem- Field-/Tot non-structural carbohydrates(TNC) from stem{mg/g}',214),
(164677,3510,1070,'25220',214),
(164678,3510,1808,'TNCSTG',215),
(164679,3510,1060,'Tot non-structural carbohydrates in stem-Greenho-/Tot non-structural carbohydrates(TNC) from stem{mg/g}',215),
(164680,3510,1070,'25221',215),
(164681,3510,1808,'TOM',216),
(164682,3510,1060,'Type of material-/Type ofmaterial according to IBPGR{Evaluated in scale - 4 categories (1-4)}',216),
(164683,3510,1070,'25222',216),
(164684,3510,1808,'TRB',217),
(164685,3510,1060,'Total root biomass per plant-/Weight root system from greenhouse samples{g/plant}',217),
(164686,3510,1070,'25090',217),
(164687,3510,1808,'TRBPA',218),
(164688,3510,1060,'Total root biomass per area-/Weight of root system from field samples{kg/m2}',218),
(164689,3510,1070,'25058',218),
(164690,3510,1808,'TRL',219),
(164691,3510,1060,'Total root length per plant-/Scanned root system evaluated with Winrhizo{m/plant}',219),
(164692,3510,1070,'25057',219),
(164693,3510,1808,'TRLPA',220),
(164694,3510,1060,'Totalroot length perarea-/Scanned root system evaluated with Winrhizo-field{km/m2}',220),
(164695,3510,1070,'25094',220),
(164696,3510,1808,'VRD',221),
(164697,3510,1060,'Visual rooting depth-/Measure of visual rooting depth per plant{cm}',221),
(164698,3510,1070,'25223',221),
(164699,3510,1808,'W12',222),
(164700,3510,1060,'Presence of DNA marker for QTL;resistance to BGYMV-/Visual evaluation{Evaluated in scale - 2 categories (+,-)}',222),
(164701,3510,1070,'25224',222),
(164702,3510,1808,'WBF',223),
(164703,3510,1060,'Web blight in field-/Web blight scale{1 to 9}',223),
(164704,3510,1070,'25225',223),
(164705,3510,1808,'WBG',224),
(164706,3510,1060,'Web blight in greenhouse-/Web blight scale{1 to 9}',224),
(164707,3510,1070,'25226',224),
(164708,3510,1808,'WC',225),
(164709,3510,1060,'Prominent color of wings-/Infreshly opened flowers{Evaluated in scale - 7 categories (1-7)}',225),
(164710,3510,1070,'25099',225),
(164711,3510,1808,'WILTS',226),
(164712,3510,1060,'Wilting score-/Visual scoring measured on 1 to 9 scale.{1 to 9}',226),
(164713,3510,1070,'25066',226),
(164714,3510,1808,'WMF',227),
(164715,3510,1060,'White mold in field-/White mold scale{1 to 9}',227),
(164716,3510,1070,'25227',227),
(164717,3510,1808,'WMG',228),
(164718,3510,1060,'White mold in greenhouse-/White mold scale{1 to 9}',228),
(164719,3510,1070,'25228',228),
(164720,3510,1808,'YDD',229),
(164721,3510,1060,'Yield per day-/Yield per hectare / days to physiological maturity{kg-ha/day}',229),
(164722,3510,1070,'25229',229),
(164723,3510,1808,'YDHA',230),
(164724,3510,1060,'Yield per hectare-/Weight of seed harvest  / effective plot *10{kg/ha}',230),
(164725,3510,1070,'25040',230),
(164726,3510,1808,'YDPL',231),
(164727,3510,1060,'Yield per plant-/Total yield of plot / number of plants in plot{g/plant}',231),
(164728,3510,1070,'25038',231),
(164729,3510,1808,'YPE',232),
(164730,3510,1060,'Yield production efficiency-/Yield production efficiency method{g/g}',232),
(164731,3510,1070,'25230',232),
(164732,3510,1808,'ZNSEED',233),
(164733,3510,1060,'Seed Zinc-/AAS, NIRS, ICP and XRF methods{mg/kg}',233),
(164734,3510,1070,'25063',233),
(164735,3510,8160,'10090',4),
(164736,3505,1806,'TRIAL_INSTANCE',7),
(164737,3505,1060,'TRIAL_INSTANCE',7),
(164738,3505,1070,'8170',7),
(164739,3505,1805,'STUDY_NAME',1),
(164740,3505,1060,'Study name',1),
(164741,3505,1070,'8005',1),
(164742,3505,1805,'STUDY_TITLE',2),
(164743,3505,1060,'Study title',2),
(164744,3505,1070,'8007',2),
(164745,3505,1805,'STUDY_OBJECTIVE',3),
(164746,3505,1060,'Study objective',3),
(164747,3505,1070,'8030',3),
(164748,3505,1805,'STUDY_TYPE',4),
(164749,3505,1060,'Study type',4),
(164750,3505,1070,'8070',4),
(164751,3505,1805,'START_DATE',5),
(164752,3505,1060,'Start date',5),
(164753,3505,1070,'8050',5),
(164754,3505,1805,'END_DATE',6),
(164755,3505,1060,'End date',6),
(164756,3505,1070,'8060',6),
(164757,3505,8030,'Nursery template Bean',3),
(164758,3505,8070,'10000',4),
(164759,3505,8050,'20150507',5),
(164760,3505,8060,'20151231',6),
(164761,3506,1806,'TRIAL_INSTANCE',4),
(164762,3506,1060,'TRIAL_INSTANCE',4),
(164763,3506,1070,'8170',4),
(164764,3506,1805,'DATASET_NAME',1),
(164765,3506,1060,'Dataset name',1),
(164766,3506,1070,'8150',1),
(164767,3506,1805,'DATASET_TITLE',2),
(164768,3506,1060,'Dataset title',2),
(164769,3506,1070,'8155',2),
(164770,3506,1805,'DATASET_TYPE',3),
(164771,3506,1060,'Dataset type',3),
(164772,3506,1070,'8160',3),
(164773,3506,8160,'10080',3),
(164774,3507,1806,'TRIAL_INSTANCE',1),
(164775,3507,1060,'TRIAL_INSTANCE',1),
(164776,3507,1070,'8170',1),
(164777,3507,1805,'DATASET_NAME',2),
(164778,3507,1060,'Dataset name',2),
(164779,3507,1070,'8150',2),
(164780,3507,1805,'DATASET_TITLE',3),
(164781,3507,1060,'Dataset title',3),
(164782,3507,1070,'8155',3),
(164783,3507,1805,'DATASET_TYPE',4),
(164784,3507,1060,'Dataset type',4),
(164785,3507,1070,'8160',4),
(164786,3507,1804,'ENTRY_NO',5),
(164787,3507,1060,'Germplasm entry - enumerated (number)',5),
(164788,3507,1070,'8230',5),
(164789,3507,1804,'DESIGNATION',6),
(164790,3507,1060,'Germplasm identifier - assigned (DBCV)',6),
(164791,3507,1070,'8250',6),
(164792,3507,1042,'GID',7),
(164793,3507,1060,'Germplasm identifier -assigned (DBID)',7),
(164794,3507,1070,'8240',7),
(164795,3507,1810,'PLOT_NO',8),
(164796,3507,1060,'Field plot - enumerated (number)',8),
(164797,3507,1070,'8200',8),
(164798,3507,1810,'REP_NO',9),
(164799,3507,1060,'Replication - assigned (number)',9),
(164800,3507,1070,'8210',9),
(164801,3507,1810,'BLOCK_NO',10),
(164802,3507,1060,'Block - assigned (number)',10),
(164803,3507,1070,'8220',10),
(164804,3507,1810,'ROW',11),
(164805,3507,1060,'Row number within a row-column design',11),
(164806,3507,1070,'8581',11),
(164807,3507,1810,'COL',12),
(164808,3507,1060,'Column number within a row-column design',12),
(164809,3507,1070,'8582',12),
(164810,3507,1808,'SW100',13),
(164811,3507,1060,'Seed weight-/Number of plants per plot effective area/plot area{g}',13),
(164812,3507,1070,'25033',13),
(164813,3507,1808,'FLCOL',14),
(164814,3507,1060,'Flower color-/Observation of freshly opened flowers{CIAT flower color scale - 5 categories  (1-5)}',14),
(164815,3507,1070,'25041',14),
(164816,3507,1808,'PSC',15),
(164817,3507,1060,'Primary seed color-/EvaluatedVisually{CIAT color scale (1-9)}',15),
(164818,3507,1070,'25034',15),
(164819,3507,1808,'SBH',16),
(164820,3507,1060,'Seed biomass at R9-/Seed weight of plants in 0.5m of row dried at 60oC{kg/ha}',16),
(164821,3507,1070,'25054',16),
(164822,3507,1808,'NOTES',17),
(164823,3507,1060,'Field notes - observed (text)',17),
(164824,3507,1070,'8390',17),
(164825,3507,1807,'PLANTS_SELECTED',18),
(164826,3507,1060,'Number of plants selected - counted (number)',18),
(164827,3507,1070,'8263',18),
(164828,3507,8160,'10090',4),
(164829,3508,1805,'PM_KEY',7),
(164830,3508,1060,'PROJECTMANAGEMENT KEY',7),
(164831,3508,1070,'8040',7),
(164836,3508,1805,'PI_NAME',10),
(164837,3508,1060,'Name of the Principal Investigator',10),
(164838,3508,1070,'8100',10),
(164839,3508,8100,NULL,10),
(164840,3508,1805,'PI_ID',11),
(164841,3508,1060,'ID of the Principal Investigator',11),
(164842,3508,1070,'8110',11),
(164843,3508,8110,NULL,11),
(164844,3508,1805,'STUDY_UPDATE',12),
(164845,3508,1060,'Date the study was last updated',12),
(164846,3508,1070,'8009',12),
(164847,3508,8009,'20140724',12),
(164860,3509,1806,'COOPERATOR',5),
(164861,3509,1070,'8373',5),
(164862,3509,1060,'COOPERATOR NAME',5),
(164863,3509,1806,'COOPERATOR_ID',6),
(164864,3509,1060,'COOPERATORID',6),
(164865,3509,1070,'8372',6),
(164866,3509,1806,'LOCATION_NAME',7),
(164867,3509,1060,'TRIAL SITE NAME',7),
(164868,3509,1070,'8180',7),
(164869,3509,1806,'LOCATION_ID',8),
(164870,3509,1060,'TRIAL SITE ID',8),
(164871,3509,1070,'8190',8),
(164872,3506,1806,'LOCATION_NAME',7),
(164873,3506,1060,'NURSERY SITE NAME',7),
(164874,3506,1070,'8180',7),
(164875,3508,8180,NULL,7),
(164876,3506,1806,'LOCATION_ID',8),
(164877,3506,1060,'NURSERY SITE ID',8),
(164878,3506,1070,'8190',8),
(164879,3508,8190,NULL,8),
(164880,3505,1805,'PI_NAME',10),
(164881,3505,1060,'Name of the Principal Investigator',10),
(164882,3505,1070,'8100',10),
(164883,3505,8100,NULL,10),
(164884,3505,1805,'PI_ID',11),
(164885,3505,1060,'ID of the Principal Investigator',11),
(164886,3505,1070,'8110',11),
(164887,3505,8110,NULL,11),
(164888,3510,1060,'Field plot id - assigned (text',234),
(164889,3510,1070,'8201',234),
(164890,3510,1804,'PLOT_ID',234),
(164894,3507,1060,'Field plot id - assigned (text)',19),
(164895,3507,1070,'8201',19),
(164896,3507,1804,'PLOT_ID',19);
                                                                                                                                    
/*!40101 SET SQL_MODE=@OLD_SQL_MODE */;                                                                                             
/*!40014 SET FOREIGN_KEY_CHECKS=@OLD_FOREIGN_KEY_CHECKS */;                                                                         
/*!40014 SET UNIQUE_CHECKS=@OLD_UNIQUE_CHECKS */;                                                                                   
/*!40111 SET SQL_NOTES=@OLD_SQL_NOTES */;                                                                                           
