/*                                                                                                                                  
SQLyog Community v11.28 (64 bit)                                                                                                    
MySQL - 5.6.27 : Database - ibdbv2_pigeonpea_merged                                                                                 
*********************************************************************                                                               
*/                                                                                                                                 
                                                                                                                                    
/*!40101 SET NAMES utf8 */;                                                                                                         
                                                                                                                                    
/*!40101 SET SQL_MODE=''*/;                                                                                                         
                                                                                                                                    
/*!40014 SET @OLD_UNIQUE_CHECKS=@@UNIQUE_CHECKS, UNIQUE_CHECKS=0 */;                                                                
/*!40014 SET @OLD_FOREIGN_KEY_CHECKS=@@FOREIGN_KEY_CHECKS, FOREIGN_KEY_CHECKS=0 */;                                                 
/*!40101 SET @OLD_SQL_MODE=@@SQL_MODE, SQL_MODE='NO_AUTO_VALUE_ON_ZERO' */;                                                         
/*!40111 SET @OLD_SQL_NOTES=@@SQL_NOTES, SQL_NOTES=0 */;                                                                            
/*Data for the table `cv` */                                                                                                        
                                                                                                                                    
LOCK TABLES `cv` WRITE;                                                                                                             
                                                                                                                                    
insert  into `cv`(`cv_id`,`name`,`definition`) values
(20156,'20156','Visual observation Flowering pattern scale'),
(20157,'20157','Days required to 50 % flowering'),
(20166,'20166','100 seed weight in g'),
(20171,'20171','Visual scores in 1-5 scale'),
(20172,'20172','Visual scores in 1-5 scale'),
(20173,'20173','Visual scores in 1-5 scale'),
(20182,'20182','RHS color chart'),
(20183,'20183','VisualStem color scale'),
(20184,'20184','Visual Leaf shape scale'),
(20185,'20185','Visual Absent-Present scale'),
(20186,'20186','Visual Flower color scale'),
(20187,'20187','Visual Pod color scale'),
(20188,'20188','Visual Absent-Present scale'),
(20189,'20189','Visual Absent-Present scale'),
(20199,'20199','Visual Scoring Senescence 0 to 2'),
(20200,'20200','Visual scores in 1-5 scale'),
(20206,'20206','Biotic stress Suscetibility 1-9 scale'),
(20207,'20207','Biotic stress Suscetibility 1-9 scale'),
(20208,'20208','Biotic stress Suscetibility 1-9 scale'),
(20209,'20209','Biotic stress Suscetibility 1-9 scale'),
(20210,'20210','Bioticstress Suscetibility 1-9 scale'),
(20211,'20211','Biotic stress Suscetibility 1-9 scale'),
(20212,'20212','Biotic stress Suscetibility 1-9 scale'),
(20213,'20213','Abiotic stress Suscetibility 1-9 scale'),
(20214,'20214','Abiotic stress Suscetibility 1-9 scale'),
(20215,'20215','Abiotic stress Suscetibility 1-9 scale'),
(20216,'20216','Abiotic stress Suscetibility 1-9 scale'),
(20217,'20217','Abiotic stress Suscetibility 1-9 scale'),
(20881,'20881','Sterile/fertile scale'),
(20883,'20883','Pod size in cm 1-3 scale');
                                                                                                                                    
UNLOCK TABLES;                                                                                                                      
                                                                                                                                    
/*Data for the table `cvterm` */                                                                                                    
                                                                                                                                    
LOCK TABLES `cvterm` WRITE;                                                                                                         
                                                                                                                                    
insert  into `cvterm`(`cvterm_id`,`cv_id`,`name`,`definition`,`dbxref_id`,`is_obsolete`,`is_relationshiptype`) values
(20001,1010,'Flowering pattern','Flowering pattern like DT (determinate) vs NDT (non determinate)',NULL,0,0),
(20002,1010,'Maturity group','Maturity group based on days to 50 % flowering',NULL,0,0),
(20003,1010,'Days to 50 % flowering','Number of days required to flower 50 % population in a plot',NULL,0,0),
(20004,1010,'Number of productive branches','Number of productive branches counted per plant',NULL,0,0),
(20005,1010,'Number of primary branches','Number of primary branches counted per plant',NULL,0,0),
(20006,1010,'Number of secondary branches','Number of secondary branches counted per plant',NULL,0,0),
(20007,1010,'Pod bearing length','Distance between uppermost and lowermost pod present on plant',NULL,0,0),
(20008,1010,'Seed weight','Weight of seeds',NULL,0,0),
(20010,1010,'Pods per plant','Number of pods per plant',NULL,0,0),
(20011,1010,'Seeds per pod','Number of seeds per pod',NULL,0,0),
(20013,1010,'Visual selection scoresat flowering stage','Visual selection scores recorded at the time of flowering',NULL,0,0),
(20014,1010,'Visual selection scores at podding stage','Visual selection scores recorded at the time of podding',NULL,0,0),
(20015,1010,'Visual selection scores at maturity stage','Visual selection scores recorded at the time of maturity',NULL,0,0),
(20016,1010,'Fusarium wilt Incidence','Plants infected with fusarium wilt disease in a plot',NULL,0,0),
(20017,1010,'Sterility mosaic incidence','Plants infected with sterility mosaic disease in a plot',NULL,0,0),
(20018,1010,'Seed moisture content','Moisture content',NULL,0,0),
(20019,1010,'Leaf chlorophyll content','Leafchlorophyll content',NULL,0,0),
(20020,1010,'Radicle length','Length of radicle',NULL,0,0),
(20021,1010,'Plumule length','Length of plumule',NULL,0,0),
(20023,1010,'Seed base colour','Seed base color',NULL,0,0),
(20024,1010,'Stem color','Color of the stem',NULL,0,0),
(20025,1010,'Leaf shape','Leaf shape',NULL,0,0),
(20026,1010,'Leaf pubescence','Leaf pubescence (hair like structure on leaf)',NULL,0,0),
(20027,1010,'Flower color','Color of the flower',NULL,0,0),
(20028,1010,'Pod color','Pod color',NULL,0,0),
(20029,1010,'Pod pubescence','Pod pubescence',NULL,0,0),
(20030,1010,'Pod wax','Pod wax',NULL,0,0),
(20032,1010,'Seed protein content','Protein content of seed',NULL,0,0),
(20033,1010,'Seed milling fraction','Milling fraction of fully dried seeds',NULL,0,0),
(20034,1010,'Cooking quality of dhal','Cooking quality of dhal',NULL,0,0),
(20035,1010,'Cooking quality of seed','Cookingquality of seed',NULL,0,0),
(20038,1010,'Grain weight per plant','Grain weight per plant',NULL,0,0),
(20039,1010,'Seed yield','Seed yield',NULL,0,0),
(20040,1010,'Plant senescence','Plant senescence',NULL,0,0),
(20041,1010,'Plant vigour','Plant vigour',NULL,0,0),
(20042,1010,'Seedling vigour','Seedling vigour',NULL,0,0),
(20043,1010,'Days to first flower','Number of days elapsed before the first plant flowers',NULL,0,0),
(20044,1010,'Pod length','Pod length',NULL,0,0),
(20045,1010,'Number of clusters','Number of pod clusters per plant',NULL,0,0),
(20046,1010,'Plant Fertility','Proportion of plants with fertile pollen grains',NULL,0,0),
(20047,1010,'Pod borers susceptibility','Susceptibility to pod borer insects (Helicoverpa armigera, Etiella zinckenella, Maruca testulalis)',NULL,0,0),
(20048,1010,'Pod fly susceptibility','Susceptibility to pod fly (Melanagromyza btusa )',NULL,0,0),
(20049,1010,'Pod wasp susceptibility','Susceptibility to pod wasp (Tanaostigmodes cajaninae)',NULL,0,0),
(20050,1010,'Phytophthora blight disease susceptibility','Susecptibility to disease caused by agent Phytophthora blight (Phytophthora drechsleri f.sp. Cajani)',NULL,0,0),
(20051,1010,'Alternaria blight disease susceptibility','Susceptibility to disease caused by agent Alternaria blight (Alternaria alternata)',NULL,0,0),
(20052,1010,'Nematodes susceptibility','Susecptibility to nematodes (Heterodera cajani, Meloidogyne incognita, Rotylenchus reniformis)',NULL,0,0),
(20053,1010,'Leaf tier susceptibility','Susceptibility to leaf tier (Grapholita critica)',NULL,0,0),
(20054,1010,'High temperature stress susceptibility','High temperature stress susceptibility',NULL,0,0),
(20055,1010,'Low temperature stress susceptibility','Low temperature stress susceptibility',NULL,0,0),
(20056,1010,'Soil salinity stress susceptibility','Soil salinity stress susceptibility',NULL,0,0),
(20057,1010,'Soil acidity stress susceptibility','Soil acidity stress susceptibility',NULL,0,0),
(20058,1010,'Drought stress susceptibility','Drought stress susceptibility',NULL,0,0),
(20064,1030,'CCI','CCI',NULL,0,0),
(20071,1030,'branches','branches',NULL,0,0),
(20072,1030,'cluster/plant','cluster/plant',NULL,0,0),
(20075,1030,'plants','plants',NULL,0,0),
(20076,1030,'pod/cluster','pod/cluster',NULL,0,0),
(20077,1030,'pod/plant','pod/plant',NULL,0,0),
(20078,1030,'seed/plant','seed/plant',NULL,0,0),
(20079,1030,'seed/pod','seed/pod',NULL,0,0),
(20080,1030,'100 seed weight in g','100 seed weight in g',NULL,0,0),
(20081,1030,'Abiotic stress Suscetibility 1-9 scale','Abiotic stress Suscetibility 1-9 scale',NULL,0,0),
(20082,1030,'Biotic stress Suscetibility 1-9 scale','Biotic stress Suscetibility 1-9 scale',NULL,0,0),
(20083,1030,'Days required to 50 % flowering','Days required to 50 % flowering',NULL,0,0),
(20084,1030,'Pod size in cm','Pod size in cm',NULL,0,0),
(20085,1030,'RHS color chart','RHS color chart',NULL,0,0),
(20086,1030,'Visual Absent-Present scale','Visual Absent-Present scale',NULL,0,0),
(20087,1030,'Visual Flower color scale','Visual Flower color scale',NULL,0,0),
(20088,1030,'Visual Leaf shape scale','Visual Leaf shape scale',NULL,0,0),
(20089,1030,'Visual observationFlowering pattern scale','Visual observation Flowering pattern scale',NULL,0,0),
(20090,1030,'Visual Pod color scale','Visual Pod color scale',NULL,0,0),
(20091,1030,'Visual scores in 1-5 scale','Visual scores in 1-5 scale',NULL,0,0),
(20092,1030,'Visual Scoring Senescence 0 to 2','Visual Scoring Senescence 0 to 2',NULL,0,0),
(20093,1030,'Visual Stem color scale','Visual Stem color scale',NULL,0,0),
(20094,1020,'Flowering pattern - Method','On the basis of visual observation at the time of flowering',NULL,0,0),
(20095,1020,'Maturity group - Method','Groups are formed on the basis of days to 50 % flowering',NULL,0,0),
(20096,1020,'Days to 50 % flowering - Method','Days required from planting to flower 50 % of the plant population',NULL,0,0),
(20097,1020,'Days to maturity - Method','Days required from planting to mature 75 % of the population',NULL,0,0),
(20098,1020,'Number of productive branches - Method','Number of branches that bears pods out of total branches',NULL,0,0),
(20099,1020,'Number of primary branches Count - Method','Number of branches that arise from main stem',NULL,0,0),
(20100,1020,'Number of secondary branches - Method','Number of branches that arise from primary branches',NULL,0,0),
(20101,1020,'Plant height Average - Method','Average height of randomly selected 5 plants recorded from the baseof the plant to the tip of plant at maturity.',NULL,0,0),
(20102,1020,'Plant stand - Method','Total number of plants in a plot recorded at the time of maturity',NULL,0,0),
(20103,1020,'Pod bearing length - Method','Length between upper most and lower most pod present on plant recorded and averaged for 5 randomly selected plants',NULL,0,0),
(20104,1020,'Seed size - Method','Categorize seed size based on the seed weight of air dried 100 seeds',NULL,0,0),
(20105,1020,'Pods per cluster - Method','Total number of pods present on plant divided by number of clusters and recorded for 5 randomly selected plants',NULL,0,0),
(20106,1020,'Pods per plant - Method','Average number of pods recorded for 5 randomly selected plants in a plot',NULL,0,0),
(20107,1020,'Seeds per pod Average - Method','Average number of seeds present in a pod for 10 randomly selected pods ',NULL,0,0),
(20108,1020,'Seeds per plant - Method','Average numberof seeds counted for 5 randomly selected plants in a plot at maturity',NULL,0,0),
(20109,1020,'Visual selection scores at podding stage - Method','Visual scores given at the time of flowering considering check varieties as the middle level of the scale',NULL,0,0),
(20111,1020,'Visual selection scores at maturity stage - Method','Visual scores given at the time of maturity considering check varieties as the middle level of the scale',NULL,0,0),
(20112,1020,'Sterility mosaic - Method','Recorded in percentage as the number of infected plants / total number of plants X 100',NULL,0,0),
(20114,1020,'Moisture content - Method','Recorded in percentage as dry weight / Fresh weight X 100',NULL,0,0),
(20115,1020,'Harvest index - Method','Recorded in percentage as seed yield / total biological yield x 100',NULL,0,0),
(20116,1020,'SPAD chlorophyll index - Method','Average number recorded for 5 randomly selected plants in a plot with SPAD device before noon',NULL,0,0),
(20117,1020,'Radicle length - Method','Average length of radicle for 50 seeds incubated for 10 days at 25 degree celcius in paper towel method',NULL,0,0),
(20118,1020,'Plumule length - Method','Average length of plumule for 50 seeds incubated for 10 days at 25 degree celcius in paper towel method',NULL,0,0),
(20119,1020,'Germination percentage - Method','Number of seeds germinated / Total number of seeds X 100',NULL,0,0),
(20120,1020,'Seed base colour - Method','Recorded visually based on the Royal Horticultural Society (RHS) colour codes',NULL,0,0),
(20121,1020,'Leaf pubescence - Method','Recorded visually at flowering stage',NULL,0,0),
(20125,1020,'Pod wax - Method','Recorded visually at premature dough stage',NULL,0,0),
(20126,1020,'Pod pubescence - Method','Recorded visually at maturity stage',NULL,0,0),
(20128,1020,'Pod size - Method','Categorize pod size based on the average length of 20 pods',NULL,0,0),
(20129,1020,'Protein content - Method','Whole seed crude protein percentage based on dry weight using the dye-binding method or automatic protein analyzer',NULL,0,0),
(20130,1020,'Milling percentage - Method','Percentage of dehusked split peas after milling',NULL,0,0),
(20131,1020,'Cooking quality of dhal - Method','Recording of the increase in volume (v/v) after soaking 24 hrs and boiling for 25 min',NULL,0,0),
(20133,1020,'Weight of 100 seeds - Method','Count 100 seeds (air dried at approx. 10% moisture) randomly taken from harvested seed and then record weight.',NULL,0,0),
(20134,1020,'Grain weight per plot - Method','Grain weight harvested form a plot excluding border plants and border rows',NULL,0,0),
(20135,1020,'Average grain weight per plant - Method','Average seed yield recorded for randomly selected 5 plants in a plot',NULL,0,0),
(20136,1020,'Seed yield (kg/ha) - Method','Harvested seed weight / plot area',NULL,0,0),
(20137,1020,'Senescence score - Method','Visual scoring of plant senescence',NULL,0,0),
(20138,1020,'Vigour score - Method','Visual scoring considering the check varieties as the middle level of the scale',NULL,0,0),
(20139,1020,'Seedling vigour index - Method','Index calculated as (length of radicle + length of plumule) x germination percentage',NULL,0,0),
(20140,1020,'Days to first flower - Method','Days required from planting to open first flower on a plant',NULL,0,0),
(20141,1020,'Pod length - Method','Average length recorded for a sample of 10 pods',NULL,0,0),
(20142,1020,'Number of clusters Average- Method','Average number of clusters recorded for 5 randomly selected plants at the time of maturity',NULL,0,0),
(20143,1020,'Fertility fertility assessment - Method','Recorded with microscope the plants producing fertile pollen grains out of the total plants',NULL,0,0),
(20144,1020,'Pod borers susceptibility - method','Visual scoring of the susceptibility to pod borers',NULL,0,0),
(20151,1020,'High temperature stress susceptibility - method','Visual scoring of the susceptibility to high temperature stress',NULL,0,0),
(20156,1040,'FP_VisClsn_1to2','Flowering pattern -BY- Flowering pattern - Method -IN- Visual observation Flowering pattern scale',NULL,0,0),
(20157,1040,'MTG_Class_1to12','Maturity group -BY- Maturity group - Method -IN- Days required to 50 % flowering',NULL,0,0),
(20158,1040,'FLOW50_Count_days','Days to 50 % flowering -BY- Days to 50 % flowering - Method -IN- days',NULL,0,0),
(20159,1040,'MT_Count_days','Days to 75 % maturity -BY- Days to maturity - Method -IN- days',NULL,0,0),
(20160,1040,'NPBR_Count_Nbr','Number of productive branches -BY- Number of productive branches - Method -IN- branches',NULL,0,0),
(20161,1040,'NPRB_Count_Nbr','Number of primary branches -BY- Number of primary branches Count - Method -IN- branches',NULL,0,0),
(20162,1040,'NSBR_Count_NBr','Number of secondary branches -BY- Number ofsecondary branches - Method -IN- branches',NULL,0,0),
(20163,1040,'PHT_Avg_cm','Plant height -BY- Plant height Average - Method -IN-cm',NULL,0,0),
(20164,1040,'PST_Count_plnt','Plant stand -BY- Plant stand - Method -IN- plants',NULL,0,0),
(20165,1040,'PBL_Avg_cm','Pod bearing length -BY- Pod bearing length - Method -IN- cm',NULL,0,0),
(20166,1040,'SW_Scr_1to4','Seed weight -BY- Seed size - Method -IN- Seed size 1 to 4 scale',NULL,0,0),
(20168,1040,'PPL_Avg_PodPlnt','Pods per plant -BY- Pods per plant - Method -IN- pod/plant',NULL,0,0),
(20169,1040,'SPP_Avg_SeedPod','Seeds per pod -BY- Seeds per pod Average - Method -IN- seed/pod',NULL,0,0),
(20171,1040,'VSF_Scr_1to5','Visual selection scores at flowering stage -BY- Visual selection scores at flowering stage - Method -IN- Visual scores in 1-5 scale',NULL,0,0),
(20172,1040,'VSP_Scr_1to5','Visual selection scores at podding stage -BY- Visual selection scores at podding stage - Method -IN- Visual scores in 1-5 scale',NULL,0,0),
(20173,1040,'VSM_Scr_1to5','Visual selection scores at maturity stage -BY- Visual selection scores at maturity stage - Method-IN- Visual scores in 1-5 scale',NULL,0,0),
(20174,1040,'FW_Comp_Pct','Fusarium wilt Incidence -BY- Fusarium wilt - Method -IN- Percent',NULL,0,0),
(20175,1040,'SM_Comp_Pct','Sterility mosaic incidence -BY- Sterility mosaic - Method -IN- Percent',NULL,0,0),
(20176,1040,'MC_Comp_Pct','Seed moisture content -BY- Moisture content - Method -IN- Percent',NULL,0,0),
(20177,1040,'HI_Comp_idx','Harvest index -BY- Harvest index - Method -IN- Percent',NULL,0,0),
(20178,1040,'SPAD_Avg_CCI','Leaf chlorophyll content -BY- SPAD chlorophyll index - Method -IN- CCI',NULL,0,0),
(20179,1040,'RADL_Avg_cm','Radicle length -BY- Radicle length - Method -IN- cm',NULL,0,0),
(20180,1040,'PLUL_Avg_cm','Plumule length -BY- Plumule length - Method -IN- cm',NULL,0,0),
(20181,1040,'GERMP_Comp_Pct','Seed germination -BY- Germination percentage - Method -IN- Percent',NULL,0,0),
(20182,1040,'SBC_VisClsn_1to10','Seed base colour -BY- Seed base colour -Method -IN- RHS color chart',NULL,0,0),
(20183,1040,'STEMCLR_VisClsn_1to4','Stem color -BY- Stem color - Method -IN- Visual Stem color scale',NULL,0,0),
(20184,1040,'LSHAPE_VisClsn_1to5','Leaf shape -BY- Leaf shape - Method -IN- Visual Leaf shape scale',NULL,0,0),
(20185,1040,'LFPUB_VisClsn_0or1','Leaf pubescence -BY- Leaf pubescence - Method -IN- Visual Absent-Present scale',NULL,0,0),
(20186,1040,'FCL_VisClsn_1to5','Flower color -BY- Flower color - Method -IN- Visual Flower color scale',NULL,0,0),
(20187,1040,'PODCL_VisClsn_1to5','Pod color -BY- Pod color - Method -IN- Visual Pod color scale',NULL,0,0),
(20188,1040,'PPUB_VisClsn_0or1','Pod pubescence -BY-Pod pubescence - Method -IN- Visual Absent-Present scale',NULL,0,0),
(20189,1040,'PWAX_VisClsn_0or1','Pod wax -BY- Pod wax - Method -IN- Visual Absent-Present scale',NULL,0,0),
(20191,1040,'PROTNC_Meas_Pct','Seed protein content -BY- Protein content - Method -IN- Percent',NULL,0,0),
(20192,1040,'MILLP_Comp_Pct','Seed milling fraction -BY- Milling percentage - Method -IN- Percent',NULL,0,0),
(20193,1040,'CKD_VolIncr_idx','Cooking qualityof dhal -BY- Cooking quality of dhal - Method -IN- index',NULL,0,0),
(20194,1040,'CKS_VolInc_idx','Cooking quality of seed -BY- Cooking quality of seed - Method -IN- index',NULL,0,0),
(20196,1040,'YLD_WtPerPlot_g','Seed yield -BY- Grain weight per plot - Method -IN- g',NULL,0,0),
(20197,1040,'GWPL_Avg_gPlnt','Grain weight per plant -BY- Average grain weight per plant - Method -IN- g/plant',NULL,0,0),
(20198,1040,'YIELD_Yld_kgha','Seed yield -BY- Seed yield (kg/ha) - Method -IN- kg/ha',NULL,0,0),
(20199,1040,'SEN_VisSc_1to3','Plant senescence -BY- Senescence score - Method -IN- Visual Scoring Senescence 0 to 2',NULL,0,0),
(20200,1040,'VIGOUR_VisSc_1to5','Plant vigour -BY- Vigour score - Method -IN- Visual scores in 1-5 scale',NULL,0,0),
(20201,1040,'SVI_Comp_Idx','Seedling vigour -BY- Seedling vigour index - Method -IN- Index',NULL,0,0),
(20202,1040,'DFF_Count_days','Days to first flower -BY- Days to first flower - Method -IN- days',NULL,0,0),
(20203,1040,'PODLENTH_Avg_cm','Pod length -BY- Pod length - Method -IN- cm',NULL,0,0),
(20204,1040,'NCLP_Avg_ClustPlnt','Number of clusters -BY- Number of clusters Average- Method -IN- cluster/plant',NULL,0,0),
(20205,1040,'FRT_Meas_Pct','Plant Fertility -BY- Fertility fertility assessment - Method -IN- Percent',NULL,0,0),
(20206,1040,'PODBOR_Suscp_1to9','Pod borers susceptibility -BY- Pod borers susceptibility - method -IN- Biotic stress Suscetibility 1-9 scale',NULL,0,0),
(20207,1040,'MTG_Suscp_1to9','Pod fly susceptibility -BY- Pod fly susceptibility - method -IN- Biotic stress Suscetibility 1-9 scale',NULL,0,0),
(20208,1040,'PW_Suscp_1to9','Pod wasp susceptibility -BY- Pod wasp susceptibility - method -IN- Biotic stress Suscetibility 1-9 scale',NULL,0,0),
(20209,1040,'PPBLIGHT_Suscp_1to9','Phytophthora blight disease susceptibility -BY- Disease Phytophthora blight susceptibility - method -IN- Biotic stress Suscetibility 1-9 scale',NULL,0,0),
(20210,1040,'ALTBL_Suscp_1to9','Alternaria blight disease susceptibility -BY- Disease Alternaria blight susceptibility - method -IN- Biotic stress Suscetibility 1-9 scale',NULL,0,0),
(20211,1040,'NEMATODE_Suscp_1to9','Nematodes susceptibility -BY- Nematodes susceptibility - method -IN- Biotic stress Suscetibility 1-9 scale',NULL,0,0),
(20212,1040,'LT_Suscp_1to9','Leaf tier susceptibility -BY- Leaf tier susceptibility - method -IN- Biotic stress Suscetibility 1-9 scale',NULL,0,0),
(20213,1040,'HTEMP_Suscp_1to9','High temperature stress susceptibility -BY- High temperature stress susceptibility - method -IN- Abiotic stress Suscetibility 1-9 scale',NULL,0,0),
(20214,1040,'LTEMP_Suscp_1to9','Low temperature stress susceptibility -BY- Low temperature stress susceptibility- method -IN- Abiotic stress Suscetibility 1-9 scale',NULL,0,0),
(20215,1040,'DROUGHT_Suscp_1to9','Drought stress susceptibility -BY- Drought stress susceptibility - method -IN- Abiotic stress Suscetibility 1-9 scale',NULL,0,0),
(20216,1040,'SOILSAL_Suscp_1to9','Soil salinity stress susceptibility -BY- Soil salinity stress susceptibility - method -IN- Abiotic stress Suscetibility 1-9 scale',NULL,0,0),
(20217,1040,'SOILACID_Suscp_1to9','Soil acidity stress susceptibility -BY- Soil acidity stress susceptibility - method -IN- Abiotic stress Suscetibility 1-9 scale',NULL,0,0),
(20662,20156,'1','Determinate',NULL,0,0),
(20663,20157,'1','00= Super early < 50 days',NULL,0,0),
(20664,20166,'1','Small (< 7)',NULL,0,0),
(20665,20171,'1','very good',NULL,0,0),
(20666,20172,'1','very good',NULL,0,0),
(20667,20173,'1','very good',NULL,0,0),
(20668,20182,'1','White (yellow-white group 158C)',NULL,0,0),
(20669,20183,'1','Green',NULL,0,0),
(20670,20184,'1','Lanceolate',NULL,0,0),
(20671,20185,'0','Absent',NULL,0,0),
(20672,20186,'1','Light yellow',NULL,0,0),
(20673,20187,'1','green',NULL,0,0),
(20674,20188,'0','Absent',NULL,0,0),
(20675,20189,'0','Absent',NULL,0,0),
(20677,20199,'0','no effect',NULL,0,0),
(20678,20200,'1','very good',NULL,0,0),
(20679,20206,'1','Highly resistant',NULL,0,0),
(20680,20207,'1','Highly resistant',NULL,0,0),
(20681,20208,'1','Highly resistant',NULL,0,0),
(20682,20209,'1','Highly resistant',NULL,0,0),
(20683,20210,'1','Highly resistant',NULL,0,0),
(20684,20211,'1','Highly resistant',NULL,0,0),
(20685,20212,'1','Highly resistant',NULL,0,0),
(20686,20213,'1','Highly tolerant',NULL,0,0),
(20687,20214,'1','Highly tolerant',NULL,0,0),
(20688,20215,'1','Highly tolerant',NULL,0,0),
(20689,20216,'1','Highly tolerant',NULL,0,0),
(20690,20217,'1','Highly tolerant',NULL,0,0),
(20691,20156,'2','Non determinate',NULL,0,0),
(20692,20157,'2','0= Extra short between 51-60',NULL,0,0),
(20693,20166,'2','Medium (7-9)',NULL,0,0),
(20694,20171,'2','good',NULL,0,0),
(20695,20172,'2','good',NULL,0,0),
(20696,20173,'2','good',NULL,0,0),
(20697,20182,'2','Cream (greyed-white group 156C)',NULL,0,0),
(20698,20183,'2','Sun red',NULL,0,0),
(20699,20184,'2','Narrow elliptic',NULL,0,0),
(20700,20185,'1','Present',NULL,0,0),
(20701,20186,'2','yellow',NULL,0,0),
(20702,20187,'2','green with brown streaks',NULL,0,0),
(20703,20188,'1','Present',NULL,0,0),
(20704,20189,'1','Present',NULL,0,0),
(20706,20199,'1','inermediate effect',NULL,0,0),
(20707,20200,'2','good',NULL,0,0),
(20708,20206,'2','In between Highly Resistant and Resistant',NULL,0,0),
(20709,20207,'2','In between HighlyResistant and Resistant',NULL,0,0),
(20710,20208,'2','In between Highly Resistant and Resistant',NULL,0,0),
(20711,20209,'2','In between Highly Resistant and Resistant',NULL,0,0),
(20712,20210,'2','In between Highly Resistant and Resistant',NULL,0,0),
(20713,20211,'2','In between Highly Resistant and Resistant',NULL,0,0),
(20714,20212,'2','In between Highly Resistant and Resistant',NULL,0,0),
(20715,20213,'2','In between Highly Resistant and Resistant',NULL,0,0),
(20716,20214,'2','In between Highly Resistant and Resistant',NULL,0,0),
(20717,20215,'2','In between Highly Resistant and Resistant',NULL,0,0),
(20718,20216,'2','In between Highly Resistant and Resistant',NULL,0,0),
(20719,20217,'2','In between Highly Resistant and Resistant',NULL,0,0),
(20720,20157,'3','I= Extra short between 61-70',NULL,0,0),
(20721,20166,'3','Large (> 9-11)',NULL,0,0),
(20722,20171,'3','average',NULL,0,0),
(20723,20172,'3','average',NULL,0,0),
(20724,20173,'3','average',NULL,0,0),
(20725,20182,'3','Orange (greyed-orange group 163B)',NULL,0,0),
(20726,20183,'3','Purple',NULL,0,0),
(20727,20184,'3','Broad elliptic',NULL,0,0),
(20728,20186,'3','orange yellow',NULL,0,0),
(20729,20187,'3','green with purple streaks',NULL,0,0),
(20731,20199,'2','complete mortality',NULL,0,0),
(20732,20200,'3','average',NULL,0,0),
(20733,20206,'3','Resistant',NULL,0,0),
(20734,20207,'3','Resistant',NULL,0,0),
(20735,20208,'3','Resistant',NULL,0,0),
(20736,20209,'3','Resistant',NULL,0,0),
(20737,20210,'3','Resistant',NULL,0,0),
(20738,20211,'3','Resistant',NULL,0,0),
(20739,20212,'3','Resistant',NULL,0,0),
(20740,20213,'3','Tolerant',NULL,0,0),
(20741,20214,'3','Tolerant',NULL,0,0),
(20742,20215,'3','Tolerant',NULL,0,0),
(20743,20216,'3','Tolerant',NULL,0,0),
(20744,20217,'3','Tolerant',NULL,0,0),
(20745,20157,'4','II= Short between 71-80',NULL,0,0),
(20746,20166,'4','Very large (>11 g)',NULL,0,0),
(20747,20171,'4','below average',NULL,0,0),
(20748,20172,'4','below average',NULL,0,0),
(20749,20173,'4','below average',NULL,0,0),
(20750,20182,'4','Light brown (yellow-orange group 22C)',NULL,0,0),
(20751,20183,'4','Dark purple',NULL,0,0),
(20752,20184,'4','Obtuse',NULL,0,0),
(20753,20186,'4','purple',NULL,0,0),
(20754,20187,'4','purple',NULL,0,0),
(20755,20200,'4','below average',NULL,0,0),
(20756,20206,'4','In between Resistant and Moderately Resistant',NULL,0,0),
(20757,20207,'4','In between Resistant and Moderately Resistant',NULL,0,0),
(20758,20208,'4','In between Resistant and Moderately Resistant',NULL,0,0),
(20759,20209,'4','In between Resistant and Moderately Resistant',NULL,0,0),
(20760,20210,'4','In between Resistant and Moderately Resistant',NULL,0,0),
(20761,20211,'4','In between Resistant and Moderately Resistant',NULL,0,0),
(20762,20212,'4','In between Resistant and Moderately Resistant',NULL,0,0),
(20763,20213,'4','In between Resistant and Moderately Resistant',NULL,0,0),
(20764,20214,'4','In between Resistant and Moderately Resistant',NULL,0,0),
(20765,20215,'4','In between Resistant and Moderately Resistant',NULL,0,0),
(20766,20216,'4','In between Resistant and Moderately Resistant',NULL,0,0),
(20767,20217,'4','In between Resistant and Moderately Resistant',NULL,0,0),
(20768,20157,'5','III= Short between 81-90',NULL,0,0),
(20769,20171,'5','poor',NULL,0,0),
(20770,20172,'5','poor',NULL,0,0),
(20771,20173,'5','poor',NULL,0,0),
(20772,20182,'5','Reddish-brown (reddish-brown group 200D)',NULL,0,0),
(20773,20184,'5','Obcordate',NULL,0,0),
(20774,20186,'5','red',NULL,0,0),
(20775,20187,'5','dark purple',NULL,0,0),
(20776,20200,'5','poor',NULL,0,0),
(20777,20206,'5','Moderately resistant',NULL,0,0),
(20778,20207,'5','Moderately resistant',NULL,0,0),
(20779,20208,'5','Moderately resistant',NULL,0,0),
(20780,20209,'5','Moderately resistant',NULL,0,0),
(20781,20210,'5','Moderately resistant',NULL,0,0),
(20782,20211,'5','Moderatelyresistant',NULL,0,0),
(20783,20212,'5','Moderately resistant',NULL,0,0),
(20784,20213,'5','Moderately tolerant',NULL,0,0),
(20785,20214,'5','Moderately tolerant',NULL,0,0),
(20786,20215,'5','Moderately tolerant',NULL,0,0),
(20787,20216,'5','Moderately tolerant',NULL,0,0),
(20788,20217,'5','Moderately tolerant',NULL,0,0),
(20789,20157,'6','IV= Short between 91-100',NULL,0,0),
(20790,20182,'6','Light grey (grey-brown group 199B)',NULL,0,0),
(20791,20206,'6','In between Moderately Resistant and Susceptible',NULL,0,0),
(20792,20207,'6','In between Moderately Resistant and Susceptible',NULL,0,0),
(20793,20208,'6','In between Moderately Resistant and Susceptible',NULL,0,0),
(20794,20209,'6','In between Moderately Resistant and Susceptible',NULL,0,0),
(20795,20210,'6','In between Moderately Resistantand Susceptible',NULL,0,0),
(20796,20211,'6','In between Moderately Resistant and Susceptible',NULL,0,0),
(20797,20212,'6','In between Moderately Resistant and Susceptible',NULL,0,0),
(20798,20213,'6','In between Moderately Resistant and Susceptible',NULL,0,0),
(20799,20214,'6','In between Moderately Resistant and Susceptible',NULL,0,0),
(20800,20215,'6','In between Moderately Resistant and Susceptible',NULL,0,0),
(20801,20216,'6','In between Moderately Resistant and Susceptible',NULL,0,0),
(20802,20217,'6','In between Moderately Resistant and Susceptible',NULL,0,0),
(20803,20157,'7','V= Short medium between 101-110',NULL,0,0),
(20804,20182,'7','Grey (greyed-green group 197A)',NULL,0,0),
(20805,20206,'7','Susceptible',NULL,0,0),
(20806,20207,'7','Susceptible',NULL,0,0),
(20807,20208,'7','Susceptible',NULL,0,0),
(20808,20209,'7','Susceptible',NULL,0,0),
(20809,20210,'7','Susceptible',NULL,0,0),
(20810,20211,'7','Susceptible',NULL,0,0),
(20811,20212,'7','Susceptible',NULL,0,0),
(20812,20213,'7','Susceptible',NULL,0,0),
(20813,20214,'7','Susceptible',NULL,0,0),
(20814,20215,'7','Susceptible',NULL,0,0),
(20815,20216,'7','Susceptible',NULL,0,0),
(20816,20217,'7','Susceptible',NULL,0,0),
(20817,20157,'8','VI= Medium between 111-130',NULL,0,0),
(20818,20182,'8','Purple (greyed-purple group 187A)',NULL,0,0),
(20819,20206,'8','In between Susceptible and Highly Susceptible',NULL,0,0),
(20820,20207,'8','In between Susceptible and Highly Susceptible',NULL,0,0),
(20821,20208,'8','In between Susceptible and Highly Susceptible',NULL,0,0),
(20822,20209,'8','In between Susceptible and Highly Susceptible',NULL,0,0),
(20823,20210,'8','In between Susceptible and Highly Susceptible',NULL,0,0),
(20824,20211,'8','In between Susceptible and Highly Susceptible',NULL,0,0),
(20825,20212,'8','In between Susceptible and Highly Susceptible',NULL,0,0),
(20826,20213,'8','In between Susceptible and Highly Susceptible',NULL,0,0),
(20827,20214,'8','In between Susceptible and Highly Susceptible',NULL,0,0),
(20828,20215,'8','In between Susceptible and Highly Susceptible',NULL,0,0),
(20829,20216,'8','In between Susceptible and Highly Susceptible',NULL,0,0),
(20830,20217,'8','In between Susceptible and Highly Susceptible',NULL,0,0),
(20831,20157,'9','VII= Medium between 131-140',NULL,0,0),
(20832,20182,'9','Dark purple (black group 202A',NULL,0,0),
(20833,20206,'9','Highly susceptible',NULL,0,0),
(20834,20207,'9','Highly susceptible',NULL,0,0),
(20835,20208,'9','Highly susceptible',NULL,0,0),
(20836,20209,'9','Highly susceptible',NULL,0,0),
(20837,20210,'9','Highly susceptible',NULL,0,0),
(20838,20211,'9','Highly susceptible',NULL,0,0),
(20839,20212,'9','Highly susceptible',NULL,0,0),
(20840,20213,'9','Highly susceptible',NULL,0,0),
(20841,20214,'9','Highly susceptible',NULL,0,0),
(20842,20215,'9','Highly susceptible',NULL,0,0),
(20843,20216,'9','Highly susceptible',NULL,0,0),
(20844,20217,'9','Highly susceptible',NULL,0,0),
(20845,1020,'Flower color - Method','Recorded visually at 50% flowering stage',NULL,0,0),
(20846,1020,'Leaf shape - Method','Recorded visually at 50 % flowering stage',NULL,0,0),
(20847,1020,'Stem color - Method','Recorded visually at 50 % flowering stage',NULL,0,0),
(20848,1020,'Pod color - Method','Recorded visually at premature dough stage',NULL,0,0),
(20849,1020,'Cooking quality of seed - Method','Recording of increase in volume (v/v) after soaking for 24 hrs and boiling for 25 min',NULL,0,0),
(20850,1020,'Pod fly susceptibility - method','Visual scoring of the susceptibility to pod fly',NULL,0,0),
(20851,1020,'Pod wasp susceptibility - method','Visual scoring of thesusceptibility to pod wasp',NULL,0,0),
(20852,1020,'Disease Phytophthora blight susceptibility - method','Visual scoring of the susceptibility to Phytophthora blight disease',NULL,0,0),
(20853,1020,'Disease Alternaria blight susceptibility - method','Visual scoringof the susceptibility to Alternaria blight disease',NULL,0,0),
(20854,1020,'Nematodes susceptibility - method','Visual scoring of the susceptibility to nematodes',NULL,0,0),
(20855,1020,'Leaf tier susceptibility - method','Visual scoring of the susceptibility to leaf tier',NULL,0,0),
(20856,1020,'Low temperature stress susceptibility - method','Visual scoring of the susceptibility to low temperature stress',NULL,0,0),
(20857,1020,'Soil salinity stress susceptibility - method','Visual scoring of the susceptibility to soil salinity stress',NULL,0,0),
(20858,1020,'Soil acidity stress susceptibility - method','Visual scoring of the susceptibility to soil acidity stress',NULL,0,0),
(20859,1020,'Drought stress susceptibility - method','Visual scoring of the susceptibility to drought stress',NULL,0,0),
(20860,1030,'Seed size 1 to 4 scale','Seed size 1 to 4 scale',NULL,0,0),
(20861,1030,'g/plant','g/plant',NULL,0,0),
(20862,20157,'10','VIII= Medium long between 141-160',NULL,0,0),
(20863,20157,'11','IX= Medium long between 141-160',NULL,0,0),
(20864,20157,'12','X= Long between 141-160',NULL,0,0),
(20865,20182,'10','Dark grey (black group 202B)',NULL,0,0),
(20866,1020,'Grain weight of single plant - Method','Weight of seed harvested from a plant',NULL,0,0),
(20867,1020,'Number of clusters Count - Method','Count the number of clusters of a randomly selected plant at the time of maturity',NULL,0,0),
(20868,1020,'Pods per plant Average - Method','Averagenumber of pods recorded for 5 randomly selected plants in a plot',NULL,0,0),
(20869,1020,'Pods per plant Count - Method','Count the number of pods on a plant',NULL,0,0),
(20870,1020,'Number of primary branches Average - Method','Average number of branches that arise from main stem',NULL,0,0),
(20871,1020,'Average number of secondary branches - Method','Average number of branches that arise from primary branches',NULL,0,0),
(20872,1030,'Sterile/fertile scale','Sterile/fertile scale',NULL,0,0),
(20873,1020,'Plant height Measured- Method','Height of a randomly selected plant recorded from the base of the plant to the tip of plant at maturity.',NULL,0,0),
(20874,1020,'Seeds per pod Count - Method','Count the number of seeds present in a pod',NULL,0,0),
(20875,1040,'GWPL_Meas_gPlnt','Grain weight per plant -BY- Grain weight of single plant - Method -IN- g/plant',NULL,0,0),
(20876,1040,'NCLP_Count_ClustPlnt','Number of clusters -BY- Number of clusters Count - Method -IN- cluster/plant',NULL,0,0),
(20878,1040,'PPC_Count_PodPlnt','Pods per plant -BY- Podsper plant Count - Method -IN- pod/plant',NULL,0,0),
(20879,1040,'NPRB_Av_NBr','Number of primary branches -BY- Number of primary branches Average - Method -IN- branches',NULL,0,0),
(20880,1040,'NSBR_Av_NBr','Number of secondary branches -BY- Average number of secondary branches - Method -IN- branches',NULL,0,0),
(20881,1040,'FRT_Meas_0or1','Plant Fertility -BY- Fertility fertility assessment - Method -IN- Sterile/fertile scale',NULL,0,0),
(20882,1040,'PHT_Meas_cm','Plant height -BY- Plant height Measured - Method -IN- cm',NULL,0,0),
(20883,1040,'PODSIZE_Scr_1to3','Pod length -BY- Pod size - Method -IN- Pod size in cm',NULL,0,0),
(20885,1040,'SPP_Count_SeedPod','Seeds per pod -BY- Seeds per pod Count - Method -IN- seed/pod',NULL,0,0),
(20887,20881,'0','plant producing sterile pollen grain ',NULL,0,0),
(20888,20881,'1','plant producing fertile pollen grain',NULL,0,0),
(20889,20883,'1','small <4 cm',NULL,0,0),
(20890,20883,'2','medium 4-5 cm',NULL,0,0),
(20891,20883,'3','long >5 cm',NULL,0,0),
(20914,1030,'Visual scores in 1-5 scale of VSP_Scr_1to5','Visual scores in 1-5 scale of VSP_Scr_1to5_generated',NULL,0,0),
(20915,1030,'Visual scores in 1-5 scale of VSM_Scr_1to5','Visual scores in 1-5 scale of VSM_Scr_1to5_generated',NULL,0,0),
(20916,1030,'Visual Absent-Present scale of PPUB_VisClsn_0or1','Visual Absent-Present scale of PPUB_VisClsn_0or1_generated',NULL,0,0),
(20917,1030,'Visual Absent-Present scale of PWAX_VisClsn_0or1','Visual Absent-Present scale of PWAX_VisClsn_0or1_generated',NULL,0,0),
(20918,1030,'Visual scores in 1-5 scale of VIGOUR_VisSc_1to5','Visual scores in 1-5 scale of VIGOUR_VisSc_1to5_generated',NULL,0,0),
(20919,1030,'Biotic stress Suscetibility 1-9 scale of MTG_Suscp_1to9','Biotic stress Suscetibility 1-9 scale of MTG_Suscp_1to9_generated',NULL,0,0),
(20920,1030,'Biotic stress Suscetibility 1-9 scale of PW_Suscp_1to9','Biotic stress Suscetibility 1-9 scale of PW_Suscp_1to9_generated',NULL,0,0),
(20921,1030,'Biotic stress Suscetibility 1-9 scale of PPBLIGHT_Suscp_1to9','Biotic stress Suscetibility 1-9 scale of PPBLIGHT_Suscp_1to9_generated',NULL,0,0),
(20922,1030,'Biotic stress Suscetibility 1-9 scale of ALTBL_Suscp_1to9','Biotic stress Suscetibility 1-9 scale of ALTBL_Suscp_1to9_generated',NULL,0,0),
(20923,1030,'Biotic stress Suscetibility 1-9 scale of NEMATODE_Suscp_1to9','Biotic stress Suscetibility 1-9 scale of NEMATODE_Suscp_1to9_generated',NULL,0,0),
(20924,1030,'Bioticstress Suscetibility 1-9 scale of LT_Suscp_1to9','Biotic stress Suscetibility 1-9 scale of LT_Suscp_1to9_generated',NULL,0,0),
(20925,1030,'Abiotic stress Suscetibility 1-9 scale of LTEMP_Suscp_1to9','Abiotic stress Suscetibility 1-9 scale of LTEMP_Suscp_1to9_generated',NULL,0,0),
(20926,1030,'Abiotic stress Suscetibility 1-9 scale of DROUGHT_Suscp_1to9','Abiotic stress Suscetibility 1-9 scale of DROUGHT_Suscp_1to9_generated',NULL,0,0),
(20927,1030,'Abiotic stress Suscetibility 1-9 scale of SOILSAL_Suscp_1to9','Abiotic stress Suscetibility 1-9 scale of SOILSAL_Suscp_1to9_generated',NULL,0,0),
(20928,1030,'Abiotic stress Suscetibility 1-9 scale of SOILACID_Suscp_1to9','Abiotic stress Suscetibility 1-9 scale of SOILACID_Suscp_1to9_generated',NULL,0,0),
(20929,1030,'Pod size in cm of PODSIZE_Scr_1to3','Pod size in cm of PODSIZE_Scr_1to3_generated',NULL,0,0);

-- Adding the replaced generic traits
insert into `cvterm` (`cvterm_id`, `cv_id`, `name`, `definition`, `dbxref_id`, `is_obsolete`, `is_relationshiptype`) values(20930,1010,'Plant stand','The number of plants per plot.',NULL,'0','0');
insert into `cvterm` (`cvterm_id`, `cv_id`, `name`, `definition`, `dbxref_id`, `is_obsolete`, `is_relationshiptype`) values(20931,1010,'Plant height','Plant height recorded per plant',NULL,'0','0');
insert into `cvterm` (`cvterm_id`, `cv_id`, `name`, `definition`, `dbxref_id`, `is_obsolete`, `is_relationshiptype`) values(20932,1010,'Days to 75 % maturity','Number of days required to mature 75 % of the population',NULL,'0','0');
insert into `cvterm` (`cvterm_id`, `cv_id`, `name`, `definition`, `dbxref_id`, `is_obsolete`, `is_relationshiptype`) values(20933,1010,'Harvest index','Proportion of (economically significant) biomass over total (biological) biomass',NULL,'0','0');

-- This 2640 Seed germination trait exist in the common research script; so this update is needed                                   
UPDATE cvterm SET NAME='Seed germination', definition='Proportion of grains that germinate under proper condition' WHERE cvterm_id=2640;


                                                                                                                                    
UNLOCK TABLES;                                                                                                                      
                                                                                                                                    
/*Data for the table `cvterm_relationship` */                                                                                       
                                                                                                                                    
LOCK TABLES `cvterm_relationship` WRITE;                                                                                            
                                                                                                                                    
insert  into `cvterm_relationship`(`cvterm_relationship_id`,`type_id`,`subject_id`,`object_id`) values
(20026,1225,2640,1345),
(20001,1225,20001,1350),
(20002,1225,20002,1440),
(20003,1225,20003,1440),
(20005,1225,20004,1340),
(20006,1225,20005,1340),
(20007,1225,20006,1340),
(20010,1225,20007,1340),
(20011,1225,20008,1370),
(20013,1225,20010,1340),
(20014,1225,20011,1340),
(20016,1225,20013,1340),
(20017,1225,20014,1340),
(20018,1225,20015,1340),
(20019,1225,20016,1360),
(20020,1225,20017,1360),
(20021,1225,20018,1345),
(20023,1225,20019,1345),
(20024,1225,20020,1345),
(20025,1225,20021,1345),
(20027,1225,20023,1370),
(20028,1225,20024,1350),
(20029,1225,20025,1350),
(20030,1225,20026,1350),
(20031,1225,20027,1350),
(20032,1225,20028,1370),
(20033,1225,20029,1350),
(20034,1225,20030,1350),
(20036,1225,20032,1370),
(20037,1225,20033,1370),
(20038,1225,20034,1370),
(20039,1225,20035,1370),
(20042,1225,20038,1340),
(20043,1225,20039,1340),
(20044,1225,20040,1345),
(20045,1225,20041,1340),
(20046,1225,20042,1345),
(20047,1225,20043,1440),
(20048,1225,20044,1340),
(20049,1225,20045,1340),
(20050,1225,20046,1370),
(20051,1225,20047,1360),
(20052,1225,20048,1360),
(20053,1225,20049,1360),
(20054,1225,20050,1360),
(20055,1225,20051,1360),
(20056,1225,20052,1360),
(20057,1225,20053,1360),
(20058,1225,20054,1410),
(20059,1225,20055,1410),
(20061,1225,20056,1410),
(20062,1225,20057,1410),
(21085,1225,20058,1410),
(21184,1105,20064,1110),
(21174,1105,20071,1110),
(21197,1105,20072,1110),
(21175,1105,20075,1110),
(21177,1105,20076,1110),
(21178,1105,20077,1110),
(21180,1105,20078,1110),
(21179,1105,20079,1110),
(21229,1105,20080,1110),
(21205,1105,20081,1130),
(20955,1190,20081,20686),
(20956,1190,20081,20715),
(20957,1190,20081,20740),
(20958,1190,20081,20763),
(20959,1190,20081,20784),
(20960,1190,20081,20798),
(20961,1190,20081,20812),
(20962,1190,20081,20826),
(21004,1190,20081,20840),
(21198,1105,20082,1130),
(20899,1190,20082,20679),
(20900,1190,20082,20708),
(20901,1190,20082,20733),
(20902,1190,20082,20756),
(20903,1190,20082,20777),
(20904,1190,20082,20791),
(20905,1190,20082,20805),
(20906,1190,20082,20819),
(20997,1190,20082,20833),
(21173,1105,20083,1130),
(20828,1190,20083,20663),
(20829,1190,20083,20692),
(20830,1190,20083,20720),
(20831,1190,20083,20745),
(20832,1190,20083,20768),
(20833,1190,20083,20789),
(20834,1190,20083,20803),
(20835,1190,20083,20817),
(20995,1190,20083,20831),
(21009,1190,20083,20862),
(21010,1190,20083,20863),
(21011,1190,20083,20864),
(21193,1105,20084,1130),
(20888,1190,20084,20676),
(20889,1190,20084,20705),
(20890,1190,20084,20730),
(21185,1105,20085,1130),
(20855,1190,20085,20668),
(20856,1190,20085,20697),
(20857,1190,20085,20725),
(20858,1190,20085,20750),
(20859,1190,20085,20772),
(20860,1190,20085,20790),
(20861,1190,20085,20804),
(20862,1190,20085,20818),
(20996,1190,20085,20832),
(21012,1190,20085,20865),
(21188,1105,20086,1130),
(20872,1190,20086,20671),
(20873,1190,20086,20700),
(21189,1105,20087,1130),
(20874,1190,20087,20672),
(20875,1190,20087,20701),
(20876,1190,20087,20728),
(20877,1190,20087,20753),
(20878,1190,20087,20774),
(21187,1105,20088,1130),
(20867,1190,20088,20670),
(20868,1190,20088,20699),
(20869,1190,20088,20727),
(20870,1190,20088,20752),
(20871,1190,20088,20773),
(21172,1105,20089,1130),
(20826,1190,20089,20662),
(20827,1190,20089,20691),
(21190,1105,20090,1130),
(20879,1190,20090,20673),
(20880,1190,20090,20702),
(20881,1190,20090,20729),
(20882,1190,20090,20754),
(20883,1190,20090,20775),
(21181,1105,20091,1130),
(20840,1190,20091,20665),
(20841,1190,20091,20694),
(20842,1190,20091,20722),
(20843,1190,20091,20747),
(20844,1190,20091,20769),
(21195,1105,20092,1130),
(20891,1190,20092,20677),
(20892,1190,20092,20706),
(20893,1190,20092,20731),
(21186,1105,20093,1130),
(20863,1190,20093,20669),
(20864,1190,20093,20698),
(20865,1190,20093,20726),
(20866,1190,20093,20751),
(20123,1200,20156,20001),
(20219,1220,20156,20089),
(20532,1210,20156,20094),
(20124,1200,20157,20002),
(20220,1220,20157,20083),
(20533,1210,20157,20095),
(20207,1220,20158,6067),
(20125,1200,20158,20003),
(20534,1210,20158,20096),
(20208,1220,20159,6067),
(20181,1200,20159,20932),
(20535,1210,20159,20097),
(20126,1200,20160,20004),
(20209,1220,20160,20071),
(20536,1210,20160,20098),
(20127,1200,20161,20005),
(20210,1220,20161,20071),
(20537,1210,20161,20099),
(20128,1200,20162,20006),
(20211,1220,20162,20071),
(20538,1210,20162,20100),
(20185,1220,20163,6085),
(20182,1200,20163,20931),
(20539,1210,20163,20101),
(20183,1200,20164,20930),
(20212,1220,20164,20075),
(20540,1210,20164,20102),
(20186,1220,20165,6085),
(20129,1200,20165,20007),
(20541,1210,20165,20103),
(20130,1200,20166,20008),
(20542,1210,20166,20104),
(20221,1220,20166,20860),
(20132,1200,20168,20010),
(20214,1220,20168,20077),
(20544,1210,20168,20106),
(20133,1200,20169,20011),
(20215,1220,20169,20079),
(20545,1210,20169,20107),
(20135,1200,20171,20013),
(20222,1220,20171,20091),
(20547,1210,20171,20109),
(20136,1200,20172,20014),
(20548,1210,20172,20109),
(20223,1220,20172,20914),
(20137,1200,20173,20015),
(20549,1210,20173,20111),
(20224,1220,20173,20915),
(20187,1220,20174,17050),
(20138,1200,20174,20016),
(20550,1210,20174,20112),
(20188,1220,20175,17050),
(20139,1200,20175,20017),
(20551,1210,20175,20112),
(20189,1220,20176,17050),
(20140,1200,20176,20018),
(20552,1210,20176,20114),
(20184,1200,20177,20933),
(20190,1220,20177,17050),
(20553,1210,20177,20115),
(20141,1200,20178,20019),
(20191,1220,20178,20064),
(20554,1210,20178,20116),
(20192,1220,20179,6085),
(20142,1200,20179,20020),
(20555,1210,20179,20117),
(20193,1220,20180,6085),
(20143,1200,20180,20021),
(20556,1210,20180,20118),
(20144,1200,20181,2640),
(20194,1220,20181,17050),
(20557,1210,20181,20119),
(20145,1200,20182,20023),
(20225,1220,20182,20085),
(20558,1210,20182,20120),
(20146,1200,20183,20024),
(20226,1220,20183,20093),
(20559,1210,20183,20847),
(20147,1200,20184,20025),
(20227,1220,20184,20088),
(20560,1210,20184,20846),
(20148,1200,20185,20026),
(20228,1220,20185,20086),
(20561,1210,20185,20121),
(20149,1200,20186,20027),
(20229,1220,20186,20087),
(20562,1210,20186,20845),
(20150,1200,20187,20028),
(20230,1220,20187,20090),
(20563,1210,20187,20848),
(20151,1200,20188,20029),
(20564,1210,20188,20126),
(20231,1220,20188,20916),
(20152,1200,20189,20030),
(20565,1210,20189,20125),
(20232,1220,20189,20917),
(20195,1220,20191,17050),
(20154,1200,20191,20032),
(20567,1210,20191,20129),
(20196,1220,20192,17050),
(20155,1200,20192,20033),
(20568,1210,20192,20130),
(20197,1220,20193,17070),
(20156,1200,20193,20034),
(20569,1210,20193,20131),
(20198,1220,20194,17070),
(20157,1200,20194,20035),
(20570,1210,20194,20849),
(20200,1220,20196,6087),
(20159,1200,20196,20039),
(20572,1210,20196,20134),
(20160,1200,20197,20038),
(20573,1210,20197,20135),
(20201,1220,20197,20861),
(20202,1220,20198,6090),
(20161,1200,20198,20039),
(20574,1210,20198,20136),
(20162,1200,20199,20040),
(20234,1220,20199,20092),
(20575,1210,20199,20137),
(20163,1200,20200,20041),
(20576,1210,20200,20138),
(20235,1220,20200,20918),
(20203,1220,20201,17070),
(20164,1200,20201,20042),
(20577,1210,20201,20139),
(20217,1220,20202,6067),
(20165,1200,20202,20043),
(20578,1210,20202,20140),
(20205,1220,20203,6085),
(20166,1200,20203,20044),
(20579,1210,20203,20141),
(20167,1200,20204,20045),
(20218,1220,20204,20072),
(20580,1210,20204,20142),
(20206,1220,20205,17050),
(20168,1200,20205,20046),
(20581,1210,20205,20143),
(20169,1200,20206,20047),
(20236,1220,20206,20082),
(20582,1210,20206,20144),
(20170,1200,20207,20048),
(20583,1210,20207,20850),
(20237,1220,20207,20919),
(20171,1200,20208,20049),
(20584,1210,20208,20851),
(20238,1220,20208,20920),
(20172,1200,20209,20050),
(20585,1210,20209,20852),
(20239,1220,20209,20921),
(20173,1200,20210,20051),
(20586,1210,20210,20853),
(20240,1220,20210,20922),
(20174,1200,20211,20052),
(20587,1210,20211,20854),
(20241,1220,20211,20923),
(20175,1200,20212,20053),
(20588,1210,20212,20855),
(20242,1220,20212,20924),
(20176,1200,20213,20054),
(20243,1220,20213,20081),
(20589,1210,20213,20151),
(20177,1200,20214,20055),
(20590,1210,20214,20856),
(20244,1220,20214,20925),
(20178,1200,20215,20058),
(20591,1210,20215,20859),
(20245,1220,20215,20926),
(20179,1200,20216,20056),
(20592,1210,20216,20857),
(20246,1220,20216,20927),
(20180,1200,20217,20057),
(20593,1210,20217,20858),
(20247,1220,20217,20928),
(21176,1105,20860,1130),
(20836,1190,20860,20664),
(20837,1190,20860,20693),
(20838,1190,20860,20721),
(20839,1190,20860,20746),
(21194,1105,20861,1110),
(21210,1105,20872,1130),
(21056,1190,20872,20887),
(21057,1190,20872,20888),
(21016,1200,20875,20038),
(21018,1220,20875,20861),
(21017,1210,20875,20866),
(21022,1200,20876,20045),
(21024,1220,20876,20072),
(21023,1210,20876,20867),
(21034,1200,20878,20010),
(21036,1220,20878,20077),
(21035,1210,20878,20869),
(21040,1200,20879,20005),
(21042,1220,20879,20071),
(21041,1210,20879,20870),
(21046,1200,20880,20006),
(21048,1220,20880,20071),
(21047,1210,20880,20871),
(21052,1200,20881,20046),
(21053,1210,20881,20143),
(21054,1220,20881,20872),
(21062,1220,20882,6085),
(21060,1200,20882,20931),
(21061,1210,20882,20873),
(21066,1200,20883,20044),
(21067,1210,20883,20128),
(21068,1220,20883,20929),
(21081,1200,20885,20011),
(21083,1220,20885,20079),
(21082,1210,20885,20874),
(21182,1105,20914,1130),
(20845,1190,20914,20666),
(20846,1190,20914,20695),
(20847,1190,20914,20723),
(20848,1190,20914,20748),
(20849,1190,20914,20770),
(21183,1105,20915,1130),
(20850,1190,20915,20667),
(20851,1190,20915,20696),
(20852,1190,20915,20724),
(20853,1190,20915,20749),
(20854,1190,20915,20771),
(21191,1105,20916,1130),
(20884,1190,20916,20674),
(20885,1190,20916,20703),
(21192,1105,20917,1130),
(20886,1190,20917,20675),
(20887,1190,20917,20704),
(21196,1105,20918,1130),
(20894,1190,20918,20678),
(20895,1190,20918,20707),
(20896,1190,20918,20732),
(20897,1190,20918,20755),
(20898,1190,20918,20776),
(21199,1105,20919,1130),
(20907,1190,20919,20680),
(20908,1190,20919,20709),
(20909,1190,20919,20734),
(20910,1190,20919,20757),
(20911,1190,20919,20778),
(20912,1190,20919,20792),
(20913,1190,20919,20806),
(20914,1190,20919,20820),
(20998,1190,20919,20834),
(21200,1105,20920,1130),
(20915,1190,20920,20681),
(20916,1190,20920,20710),
(20917,1190,20920,20735),
(20918,1190,20920,20758),
(20919,1190,20920,20779),
(20920,1190,20920,20793),
(20921,1190,20920,20807),
(20922,1190,20920,20821),
(20999,1190,20920,20835),
(21201,1105,20921,1130),
(20923,1190,20921,20682),
(20924,1190,20921,20711),
(20925,1190,20921,20736),
(20926,1190,20921,20759),
(20927,1190,20921,20780),
(20928,1190,20921,20794),
(20929,1190,20921,20808),
(20930,1190,20921,20822),
(21000,1190,20921,20836),
(21202,1105,20922,1130),
(20931,1190,20922,20683),
(20932,1190,20922,20712),
(20933,1190,20922,20737),
(20934,1190,20922,20760),
(20935,1190,20922,20781),
(20936,1190,20922,20795),
(20937,1190,20922,20809),
(20938,1190,20922,20823),
(21001,1190,20922,20837),
(21203,1105,20923,1130),
(20939,1190,20923,20684),
(20940,1190,20923,20713),
(20941,1190,20923,20738),
(20942,1190,20923,20761),
(20943,1190,20923,20782),
(20944,1190,20923,20796),
(20945,1190,20923,20810),
(20946,1190,20923,20824),
(21002,1190,20923,20838),
(21204,1105,20924,1130),
(20947,1190,20924,20685),
(20948,1190,20924,20714),
(20949,1190,20924,20739),
(20950,1190,20924,20762),
(20951,1190,20924,20783),
(20952,1190,20924,20797),
(20953,1190,20924,20811),
(20954,1190,20924,20825),
(21003,1190,20924,20839),
(21206,1105,20925,1130),
(20963,1190,20925,20687),
(20964,1190,20925,20716),
(20965,1190,20925,20741),
(20966,1190,20925,20764),
(20967,1190,20925,20785),
(20968,1190,20925,20799),
(20969,1190,20925,20813),
(20970,1190,20925,20827),
(21005,1190,20925,20841),
(21207,1105,20926,1130),
(20971,1190,20926,20688),
(20972,1190,20926,20717),
(20973,1190,20926,20742),
(20974,1190,20926,20765),
(20975,1190,20926,20786),
(20976,1190,20926,20800),
(20977,1190,20926,20814),
(20978,1190,20926,20828),
(21006,1190,20926,20842),
(21208,1105,20927,1130),
(20979,1190,20927,20689),
(20980,1190,20927,20718),
(20981,1190,20927,20743),
(20982,1190,20927,20766),
(20983,1190,20927,20787),
(20984,1190,20927,20801),
(20985,1190,20927,20815),
(20986,1190,20927,20829),
(21007,1190,20927,20843),
(21209,1105,20928,1130),
(20987,1190,20928,20690),
(20988,1190,20928,20719),
(20989,1190,20928,20744),
(20990,1190,20928,20767),
(20991,1190,20928,20788),
(20992,1190,20928,20802),
(20993,1190,20928,20816),
(20994,1190,20928,20830),
(21008,1190,20928,20844),
(21211,1105,20929,1130),
(21070,1190,20929,20889),
(21071,1190,20929,20890),
(21072,1190,20929,20891);

insert into `cvterm_relationship` (`cvterm_relationship_id`, `type_id`, `subject_id`, `object_id`) values(21230,1225,20930,1340);
insert into `cvterm_relationship` (`cvterm_relationship_id`, `type_id`, `subject_id`, `object_id`) values(21231,1225,20931,1350);
insert into `cvterm_relationship` (`cvterm_relationship_id`, `type_id`, `subject_id`, `object_id`) values(21232,1225,20932,1340);
insert into `cvterm_relationship` (`cvterm_relationship_id`, `type_id`, `subject_id`, `object_id`) values(21233,1225,20933,1340);
                                                                                                                                    
UNLOCK TABLES;                                                                                                                      
                                                                                                                                    
/*Data for the table `cvtermprop` */                                                                                                
                                                                                                                                    
LOCK TABLES `cvtermprop` WRITE;                                                                                                     
                                                                                                                                    
insert  into `cvtermprop`(`cvtermprop_id`,`cvterm_id`,`type_id`,`value`,`rank`) values
(20253,20001,1226,'CO_341:0000000',1),
(20254,20002,1226,'CO_341:0000003',1),
(20255,20003,1226,'CO_341:0000006',1),
(20256,20004,1226,'CO_341:0000012',1),
(20257,20005,1226,'CO_341:0000015',1),
(20258,20006,1226,'CO_341:0000018',1),
(20259,20007,1226,'CO_341:0000027',1),
(20260,20008,1226,'CO_341:0000030',1),
(20262,20010,1226,'CO_341:0000036',1),
(20263,20011,1226,'CO_341:0000039',1),
(20265,20013,1226,'CO_341:0000045',1),
(20266,20014,1226,'CO_341:0000048',1),
(20267,20015,1226,'CO_341:0000051',1),
(20268,20016,1226,'CO_341:0000054',1),
(20269,20017,1226,'CO_341:0000057',1),
(20270,20018,1226,'CO_341:0000060',1),
(20271,20019,1226,'CO_341:0000066',1),
(20272,20020,1226,'CO_341:0000069',1),
(20273,20021,1226,'CO_341:0000072',1),
(20274,20022,1226,'CO_341:0000075',1),
(20275,20023,1226,'CO_341:0000078',1),
(20276,20024,1226,'CO_341:0000081',1),
(20277,20025,1226,'CO_341:0000084',1),
(20278,20026,1226,'CO_341:0000087',1),
(20279,20027,1226,'CO_341:0000090',1),
(20280,20028,1226,'CO_341:0000093',1),
(20281,20029,1226,'CO_341:0000096',1),
(20282,20030,1226,'CO_341:0000099',1),
(20284,20032,1226,'CO_341:0000105',1),
(20285,20033,1226,'CO_341:0000108',1),
(20286,20034,1226,'CO_341:0000111',1),
(20287,20035,1226,'CO_341:0000114',1),
(20290,20038,1226,'CO_341:0000123',1),
(20291,20039,1226,'CO_341:0000126',1),
(20292,20040,1226,'CO_341:0000129',1),
(20293,20041,1226,'CO_341:0000132',1),
(20294,20042,1226,'CO_341:0000135',1),
(20295,20043,1226,'CO_341:0000138',1),
(20296,20044,1226,'CO_341:0000141',1),
(20297,20045,1226,'CO_341:0000144',1),
(20298,20046,1226,'CO_341:0000147',1),
(20299,20047,1226,'CO_341:0000155',1),
(20300,20048,1226,'CO_341:0000154',1),
(20301,20049,1226,'CO_341:0000153',1),
(20302,20050,1226,'CO_341:0000156',1),
(20303,20051,1226,'CO_341:0000162',1),
(20304,20052,1226,'CO_341:0000157',1),
(20305,20053,1226,'CO_341:0000159',1),
(20306,20054,1226,'CO_341:0000160',1),
(20307,20055,1226,'CO_341:0000158',1),
(20308,20056,1226,'CO_341:0000151',1),
(20309,20057,1226,'CO_341:0000152',1),
(20310,20058,1226,'CO_341:0000161',1),
(21017,20072,8048,'2016-06-03T16:43:00.000Z',0),
(21018,20076,8048,'2016-06-03T16:43:00.000Z',0),
(21019,20078,8048,'2016-06-03T16:43:00.000Z',0),
(21020,20080,8048,'2016-06-03T16:43:00.000Z',0),
(21021,20081,8048,'2016-06-03T16:43:00.000Z',0),
(21022,20082,8048,'2016-06-03T16:43:00.000Z',0),
(21023,20083,8048,'2016-06-03T16:43:00.000Z',0),
(21024,20084,8048,'2016-06-03T16:43:00.000Z',0),
(21025,20085,8048,'2016-06-03T16:43:00.000Z',0),
(21026,20086,8048,'2016-06-03T16:43:00.000Z',0),
(21027,20087,8048,'2016-06-03T16:43:00.000Z',0),
(21028,20088,8048,'2016-06-03T16:43:00.000Z',0),
(21029,20089,8048,'2016-06-03T16:43:00.000Z',0),
(21030,20090,8048,'2016-06-03T16:43:00.000Z',0),
(21031,20091,8048,'2016-06-03T16:43:00.000Z',0),
(21032,20092,8048,'2016-06-03T16:43:00.000Z',0),
(21033,20093,8048,'2016-06-03T16:43:00.000Z',0),
(20888,20094,8048,'2016-06-03T16:43:00.000Z',0),
(20889,20095,8048,'2016-06-03T16:43:00.000Z',0),
(20890,20096,8048,'2016-06-03T16:43:00.000Z',0),
(20891,20097,8048,'2016-06-03T16:43:00.000Z',0),
(20892,20098,8048,'2016-06-03T16:43:00.000Z',0),
(20893,20099,8048,'2016-06-03T16:43:00.000Z',0),
(20894,20100,8048,'2016-06-03T16:43:00.000Z',0),
(20895,20101,8048,'2016-06-03T16:43:00.000Z',0),
(20896,20102,8048,'2016-06-03T16:43:00.000Z',0),
(20897,20103,8048,'2016-06-03T16:43:00.000Z',0),
(20898,20104,8048,'2016-06-03T16:43:00.000Z',0),
(20899,20105,8048,'2016-06-03T16:43:00.000Z',0),
(20900,20106,8048,'2016-06-03T16:43:00.000Z',0),
(20901,20107,8048,'2016-06-03T16:43:00.000Z',0),
(20902,20108,8048,'2016-06-03T16:43:00.000Z',0),
(20903,20109,8048,'2016-06-03T16:43:00.000Z',0),
(20904,20111,8048,'2016-06-03T16:43:00.000Z',0),
(20905,20112,8048,'2016-06-03T16:43:00.000Z',0),
(20906,20114,8048,'2016-06-03T16:43:00.000Z',0),
(20907,20115,8048,'2016-06-03T16:43:00.000Z',0),
(20908,20116,8048,'2016-06-03T16:43:00.000Z',0),
(20909,20117,8048,'2016-06-03T16:43:00.000Z',0),
(20910,20118,8048,'2016-06-03T16:43:00.000Z',0),
(20911,20119,8048,'2016-06-03T16:43:00.000Z',0),
(20912,20120,8048,'2016-06-03T16:43:00.000Z',0),
(20913,20121,8048,'2016-06-03T16:43:00.000Z',0),
(20914,20125,8048,'2016-06-03T16:43:00.000Z',0),
(20915,20126,8048,'2016-06-03T16:43:00.000Z',0),
(20916,20128,8048,'2016-06-03T16:43:00.000Z',0),
(20917,20129,8048,'2016-06-03T16:43:00.000Z',0),
(20918,20130,8048,'2016-06-03T16:43:00.000Z',0),
(20919,20131,8048,'2016-06-03T16:43:00.000Z',0),
(20920,20133,8048,'2016-06-03T16:43:00.000Z',0),
(20921,20134,8048,'2016-06-03T16:43:00.000Z',0),
(20922,20135,8048,'2016-06-03T16:43:00.000Z',0),
(20923,20136,8048,'2016-06-03T16:43:00.000Z',0),
(20924,20137,8048,'2016-06-03T16:43:00.000Z',0),
(20925,20138,8048,'2016-06-03T16:43:00.000Z',0),
(20926,20139,8048,'2016-06-03T16:43:00.000Z',0),
(20927,20140,8048,'2016-06-03T16:43:00.000Z',0),
(20928,20141,8048,'2016-06-03T16:43:00.000Z',0),
(20929,20142,8048,'2016-06-03T16:43:00.000Z',0),
(20930,20143,8048,'2016-06-03T16:43:00.000Z',0),
(20931,20144,8048,'2016-06-03T16:43:00.000Z',0),
(20932,20151,8048,'2016-06-03T16:43:00.000Z',0),
(20001,20156,1226,'CO_341:0000254',1),
(20559,20156,1800,'Trait',0),
(20002,20157,1226,'CO_341:0000253',1),
(20560,20157,1800,'Trait',0),
(20003,20158,1226,'CO_341:0000252',1),
(20561,20158,1800,'Trait',0),
(20004,20159,1226,'CO_341:0000251',1),
(20562,20159,1800,'Trait',0),
(20005,20160,1226,'CO_341:0000220',1),
(20563,20160,1800,'Trait',0),
(20006,20161,1226,'CO_341:0000221',1),
(20564,20161,1800,'Trait',0),
(20007,20162,1226,'CO_341:0000217',1),
(20565,20162,1800,'Trait',0),
(20008,20163,1226,'CO_341:0000249',1),
(20566,20163,1800,'Trait',0),
(20009,20164,1226,'CO_341:0000248',1),
(20567,20164,1800,'Trait',0),
(20010,20165,1226,'CO_341:0000247',1),
(20568,20165,1800,'Trait',0),
(20011,20166,1226,'CO_341:0000216',1),
(20569,20166,1800,'Trait',0),
(20012,20168,1226,'CO_341:0000235',1),
(20571,20168,1800,'Trait',0),
(20013,20169,1226,'CO_341:0000213',1),
(20572,20169,1800,'Trait',0),
(20014,20171,1226,'CO_341:0000246',1),
(20574,20171,1800,'Trait',0),
(20015,20172,1226,'CO_341:0000245',1),
(20575,20172,1800,'Trait',0),
(20016,20173,1226,'CO_341:0000244',1),
(20576,20173,1800,'Trait',0),
(20017,20174,1226,'CO_341:0000263',1),
(20577,20174,1800,'Trait',0),
(20018,20175,1226,'CO_341:0000194',1),
(20578,20175,1800,'Trait',0),
(20019,20176,1226,'CO_341:0000211',1),
(20579,20176,1800,'Trait',0),
(20020,20177,1226,'CO_341:0000243',1),
(20580,20177,1800,'Trait',0),
(20021,20178,1226,'CO_341:0000261',1),
(20581,20178,1800,'Trait',0),
(20022,20179,1226,'CO_341:0000219',1),
(20582,20179,1800,'Trait',0),
(20023,20180,1226,'CO_341:0000237',1),
(20583,20180,1800,'Trait',0),
(20024,20181,1226,'CO_341:0000210',1),
(20584,20181,1800,'Trait',0),
(20025,20182,1226,'CO_341:0000199',1),
(20585,20182,1800,'Trait',0),
(20026,20183,1226,'CO_341:0000195',1),
(20586,20183,1800,'Trait',0),
(20027,20184,1226,'CO_341:0000260',1),
(20587,20184,1800,'Trait',0),
(20028,20185,1226,'CO_341:0000259',1),
(20588,20185,1800,'Trait',0),
(20029,20186,1226,'CO_341:0000264',1),
(20589,20186,1800,'Trait',0),
(20030,20187,1226,'CO_341:0000234',1),
(20590,20187,1800,'Trait',0),
(20031,20188,1226,'CO_341:0000233',1),
(20591,20188,1800,'Trait',0),
(20032,20189,1226,'CO_341:0000232',1),
(20592,20189,1800,'Trait',0),
(20033,20191,1226,'CO_341:0000209',1),
(20594,20191,1800,'Trait',0),
(20034,20192,1226,'CO_341:0000208',1),
(20595,20192,1800,'Trait',0),
(20035,20193,1226,'CO_341:0000266',1),
(20596,20193,1800,'Trait',0),
(20036,20194,1226,'CO_341:0000207',1),
(20597,20194,1800,'Trait',0),
(20598,20195,1800,'Trait',0),
(20037,20196,1226,'CO_341:0000203',1),
(20599,20196,1800,'Trait',0),
(20038,20197,1226,'CO_341:0000204',1),
(20600,20197,1800,'Trait',0),
(20039,20198,1226,'CO_341:0000202',1),
(20601,20198,1800,'Trait',0),
(20040,20199,1226,'CO_341:0000242',1),
(20602,20199,1800,'Trait',0),
(20041,20200,1226,'CO_341:0000241',1),
(20603,20200,1800,'Trait',0),
(20042,20201,1226,'CO_341:0000198',1),
(20604,20201,1800,'Trait',0),
(20043,20202,1226,'CO_341:0000240',1),
(20605,20202,1800,'Trait',0),
(20044,20203,1226,'CO_341:0000229',1),
(20606,20203,1800,'Trait',0),
(20045,20204,1226,'CO_341:0000267',1),
(20607,20204,1800,'Trait',0),
(20046,20205,1226,'CO_341:0000238',1),
(20608,20205,1800,'Trait',0),
(20047,20206,1226,'CO_341:0000225',1),
(20609,20206,1800,'Trait',0),
(20048,20207,1226,'CO_341:0000224',1),
(20610,20207,1800,'Trait',0),
(20049,20208,1226,'CO_341:0000223',1),
(20611,20208,1800,'Trait',0),
(20050,20209,1226,'CO_341:0000255',1),
(20612,20209,1800,'Trait',0),
(20051,20210,1226,'CO_341:0000269',1),
(20613,20210,1800,'Trait',0),
(20052,20211,1226,'CO_341:0000256',1),
(20614,20211,1800,'Trait',0),
(20053,20212,1226,'CO_341:0000258',1),
(20615,20212,1800,'Trait',0),
(20054,20213,1226,'CO_341:0000262',1),
(20616,20213,1800,'Trait',0),
(20055,20214,1226,'CO_341:0000257',1),
(20617,20214,1800,'Trait',0),
(20056,20215,1226,'CO_341:0000265',1),
(20618,20215,1800,'Trait',0),
(20057,20216,1226,'CO_341:0000196',1),
(20619,20216,1800,'Trait',0),
(20058,20217,1226,'CO_341:0000197',1),
(20620,20217,1800,'Trait',0),
(20933,20845,8048,'2016-06-03T16:43:00.000Z',0),
(20934,20846,8048,'2016-06-03T16:43:00.000Z',0),
(20935,20847,8048,'2016-06-03T16:43:00.000Z',0),
(20936,20848,8048,'2016-06-03T16:43:00.000Z',0),
(20937,20849,8048,'2016-06-03T16:43:00.000Z',0),
(20938,20850,8048,'2016-06-03T16:43:00.000Z',0),
(20939,20851,8048,'2016-06-03T16:43:00.000Z',0),
(20940,20852,8048,'2016-06-03T16:43:00.000Z',0),
(20941,20853,8048,'2016-06-03T16:43:00.000Z',0),
(20942,20854,8048,'2016-06-03T16:43:00.000Z',0),
(20943,20855,8048,'2016-06-03T16:43:00.000Z',0),
(20944,20856,8048,'2016-06-03T16:43:00.000Z',0),
(20945,20857,8048,'2016-06-03T16:43:00.000Z',0),
(20946,20858,8048,'2016-06-03T16:43:00.000Z',0),
(20947,20859,8048,'2016-06-03T16:43:00.000Z',0),
(21034,20860,8048,'2016-06-03T16:43:00.000Z',0),
(20948,20866,8048,'2016-06-03T16:43:00.000Z',0),
(20949,20867,8048,'2016-06-03T16:43:00.000Z',0),
(20950,20868,8048,'2016-06-03T16:43:00.000Z',0),
(20951,20869,8048,'2016-06-03T16:43:00.000Z',0),
(20952,20870,8048,'2016-06-03T16:43:00.000Z',0),
(20953,20871,8048,'2016-06-03T16:43:00.000Z',0),
(21035,20872,8048,'2016-06-03T16:43:00.000Z',0),
(20954,20873,8048,'2016-06-03T16:43:00.000Z',0),
(20955,20874,8048,'2016-06-03T16:43:00.000Z',0),
(20243,20875,1226,'CO_341:0000200',1),
(20621,20875,1800,'Trait',0),
(20244,20876,1226,'CO_341:0000268',1),
(20622,20876,1800,'Trait',0),
(20246,20878,1226,'CO_341:0000228',1),
(20623,20878,1800,'Trait',0),
(20247,20879,1226,'CO_341:0000222',1),
(20624,20879,1800,'Trait',0),
(20248,20880,1226,'CO_341:0000218',1),
(20625,20880,1800,'Trait',0),
(20249,20881,1226,'CO_341:0000239',1),
(20626,20881,1800,'Trait',0),
(20250,20882,1226,'CO_341:0000250',1),
(20627,20882,1800,'Trait',0),
(20251,20883,1226,'CO_341:0000230',1),
(20628,20883,1800,'Trait',0),
(20252,20885,1226,'CO_341:0000214',1),
(20630,20885,1800,'Trait',0),
(21036,20892,8048,'2016-06-03T16:43:00.000Z',0),
(21037,20893,8048,'2016-06-03T16:43:00.000Z',0),
(21038,20894,8048,'2016-06-03T16:43:00.000Z',0),
(21039,20895,8048,'2016-06-03T16:43:00.000Z',0),
(21040,20896,8048,'2016-06-03T16:43:00.000Z',0),
(21041,20897,8048,'2016-06-03T16:43:00.000Z',0),
(21042,20898,8048,'2016-06-03T16:43:00.000Z',0),
(21043,20899,8048,'2016-06-03T16:43:00.000Z',0),
(21044,20900,8048,'2016-06-03T16:43:00.000Z',0),
(21045,20901,8048,'2016-06-03T16:43:00.000Z',0),
(21046,20902,8048,'2016-06-03T16:43:00.000Z',0),
(21047,20903,8048,'2016-06-03T16:43:00.000Z',0),
(21048,20904,8048,'2016-06-03T16:43:00.000Z',0),
(21049,20905,8048,'2016-06-03T16:43:00.000Z',0),
(21050,20906,8048,'2016-06-03T16:43:00.000Z',0),
(21051,20907,8048,'2016-06-03T16:43:00.000Z',0),
(21052,20908,8048,'2016-06-03T16:43:00.000Z',0),
(21053,20909,8048,'2016-06-03T16:43:00.000Z',0),
(21054,20910,8048,'2016-06-03T16:43:00.000Z',0),
(21055,20911,8048,'2016-06-03T16:43:00.000Z',0),
(21056,20912,8048,'2016-06-03T16:43:00.000Z',0),
(21057,20913,8048,'2016-06-03T16:43:00.000Z',0),
(21058,20914,8048,'2016-06-03T16:43:00.000Z',0),
(21059,20915,8048,'2016-06-03T16:43:00.000Z',0),
(21060,20916,8048,'2016-06-03T16:43:00.000Z',0),
(21061,20917,8048,'2016-06-03T16:43:00.000Z',0),
(21062,20918,8048,'2016-06-03T16:43:00.000Z',0),
(21063,20919,8048,'2016-06-03T16:43:00.000Z',0),
(21064,20920,8048,'2016-06-03T16:43:00.000Z',0),
(21065,20921,8048,'2016-06-03T16:43:00.000Z',0),
(21066,20922,8048,'2016-06-03T16:43:00.000Z',0),
(21067,20923,8048,'2016-06-03T16:43:00.000Z',0),
(21068,20924,8048,'2016-06-03T16:43:00.000Z',0),
(21069,20925,8048,'2016-06-03T16:43:00.000Z',0),
(21070,20926,8048,'2016-06-03T16:43:00.000Z',0),
(21071,20927,8048,'2016-06-03T16:43:00.000Z',0),
(21072,20928,8048,'2016-06-03T16:43:00.000Z',0),
(21073,20929,8048,'2016-06-03T16:43:00.000Z',0);
                                                                                                                                    
UNLOCK TABLES;                                                                                                                      
                                                                                                                                    
/*Data for the table `cvtermsynonym` */                                                                                             
                                                                                                                                    
LOCK TABLES `cvtermsynonym` WRITE;                                                                                                  
                                                                                                                                    
insert  into `cvtermsynonym`(`cvtermsynonym_id`,`cvterm_id`,`synonym`,`type_id`) values
(20005,20001,'FP',1227),
(20006,20002,'MTG',1227),
(20007,20003,'DF',1227),
(20008,20004,'PBR',1227),
(20009,20005,'PRB',1227),
(20010,20006,'SBR',1227),
(20011,20007,'PBL',1227),
(20012,20008,'SWT',1227),
(20013,20008,'Seed size',1230),
(20014,20008,'Grain weight',1230),
(20015,20010,'PPL',1227),
(20016,20011,'SPP',1227),
(20017,20013,'VSF',1227),
(20018,20013,'Selection scores',1230),
(20019,20014,'VSP',1227),
(20020,20015,'VSM',1227),
(20021,20016,'FW',1227),
(20022,20017,'SM',1227),
(20023,20018,'MC',1227),
(20024,20019,'SPAD',1227),
(20025,20020,'RADL',1227),
(20026,20021,'PLUL',1227),
(20027,20022,'GP',1227),
(20028,20023,'SBC',1227),
(20029,20024,'SC',1227),
(20030,20025,'LS',1227),
(20031,20026,'LFP',1227),
(20032,20027,'FCL',1227),
(20033,20028,'PCL',1227),
(20034,20029,'PPB',1227),
(20035,20030,'PW',1227),
(20036,20030,'Pod waxiness',1230),
(20037,20032,'PC',1227),
(20038,20033,'MP',1227),
(20039,20034,'CKD',1227),
(20040,20035,'CKS',1227),
(20042,20038,'GWPL',1227),
(20043,20039,'YLD',1227),
(20044,20040,'SEN',1227),
(20045,20041,'VIGOUR',1227),
(20046,20042,'SVI',1227),
(20047,20043,'DFF',1227),
(20048,20044,'PL',1227),
(20049,20044,'Pod size',1230),
(20050,20045,'NCP',1227),
(20051,20046,'FRT',1227),
(20052,20047,'PB',1227),
(20053,20048,'PF',1227),
(20054,20049,'PWasp',1227),
(20055,20050,'DPB',1227),
(20056,20051,'DAB',1227),
(20057,20052,'Nem',1227),
(20058,20053,'LT',1227),
(20059,20054,'HTS',1227),
(20060,20055,'LTS',1227),
(20061,20056,'SSS',1227),
(20062,20057,'SAS',1227),
(20063,20058,'DS',1227),
(20064,20181,'Germination percentage',1230),
(20065,20192,'Milling percentage',1230),
(20066,20196,'GWPL_Av_g',1227),
(20067,20205,'Fertility percent',1230),
(20068,20195,'SWT',1227),
(20069,20196,'GWPT',1227),
(20070,20166,'SS',1227),
(20071,20038,'Pod size',1230),
(20072,20886,'NP',1227),
(20073,20877,'PPL_Av_PodPlnt',1227),
(20074,20883,'PSZ_Score_1to3',1227),
(20075,20156,'FP',1227),
(20076,20157,'MTG',1227),
(20077,20158,'DF',1227),
(20078,20159,'MT',1227),
(20079,20160,'PBR',1227),
(20080,20161,'PRB',1227),
(20081,20162,'SBR',1227),
(20082,20163,'PHT',1227),
(20083,20164,'PST',1227),
(20084,20165,'PBL',1227),
(20086,20168,'PPL',1227),
(20087,20169,'SPP',1227),
(20088,20171,'VSF',1227),
(20089,20172,'VSP',1227),
(20090,20173,'VSM',1227),
(20091,20174,'FW',1227),
(20092,20175,'SM',1227),
(20093,20176,'MC',1227),
(20094,20177,'HI',1227),
(20095,20178,'SPAD',1227),
(20096,20179,'RADL',1227),
(20097,20180,'PLUL',1227),
(20098,20181,'GP',1227),
(20099,20182,'SBC',1227),
(20100,20183,'SC',1227),
(20101,20184,'LS',1227),
(20102,20185,'LFP',1227),
(20103,20186,'FCL',1227),
(20104,20187,'PCL',1227),
(20105,20188,'PPB',1227),
(20106,20189,'PW',1227),
(20107,20191,'PC',1227),
(20108,20192,'MP',1227),
(20109,20193,'CKD',1227),
(20110,20194,'CKS',1227),
(20112,20197,'GWPL',1227),
(20113,20198,'YLD',1227),
(20114,20199,'SEN',1227),
(20115,20200,'VIGOUR',1227),
(20116,20201,'SVI',1227),
(20117,20202,'DFF',1227),
(20118,20203,'PL',1227),
(20119,20204,'NCP',1227),
(20120,20205,'FRT',1227),
(20121,20206,'PB',1227),
(20122,20207,'PF',1227),
(20123,20208,'PWasp',1227),
(20124,20209,'DPB',1227),
(20125,20210,'DAB',1227),
(20126,20211,'Nem',1227),
(20127,20212,'LT',1227),
(20128,20213,'HTS',1227),
(20129,20214,'LTS',1227),
(20130,20215,'DS',1227),
(20131,20216,'SSS',1227),
(20132,20217,'SAS',1227);
                                                                                                                                    
UNLOCK TABLES;                                                                                                                      
                                                                                                                                    
/*Data for the table `variable_overrides` */                                                                                        
                                                                                                                                    
LOCK TABLES `variable_overrides` WRITE;                                                                                             
                                                                                                                                    
insert  into `variable_overrides`(`id`,`program_uuid`,`cvterm_id`,`alias`,`expected_min`,`expected_max`) values
(2,NULL,20158,NULL,'40','200'),
(3,NULL,20159,NULL,'80','299'),
(4,NULL,20161,NULL,'0.00','130.00'),
(5,NULL,20162,NULL,'0.00','130.00'),
(6,NULL,20163,NULL,'15','200'),
(7,NULL,20164,NULL,'0.00','200.00'),
(8,NULL,20165,NULL,'3','121'),
(9,NULL,20168,NULL,'4.00','1820.00'),
(10,NULL,20169,NULL,'1.00','10.00'),
(11,NULL,20174,NULL,'0','100'),
(12,NULL,20175,NULL,'0','100'),
(13,NULL,20176,NULL,'0','100'),
(14,NULL,20177,NULL,'0','100'),
(15,NULL,20178,NULL,'15.00','60.00'),
(16,NULL,20181,NULL,'0','100'),
(17,NULL,20191,NULL,'0','100'),
(18,NULL,20192,NULL,'0','100'),
(19,NULL,20197,NULL,'1.00','3231.00'),
(20,NULL,20198,NULL,'0','5000'),
(21,NULL,20202,NULL,'40','200'),
(22,NULL,20205,NULL,'0','100'),
(23,NULL,20875,NULL,'1.00','3231.00'),
(24,NULL,20878,NULL,'4.00','1820.00'),
(25,NULL,20879,NULL,'0.00','130.00'),
(26,NULL,20880,NULL,'0.00','130.00'),
(27,NULL,20882,NULL,'15','200'),
(28,NULL,20885,NULL,'1.00','10.00'),
(29,NULL,20160,NULL,'0.00','130.00');
                                                                                                                                    
UNLOCK TABLES;                                                                                                                      



                                                                                                                                         
/*!40101 SET SQL_MODE=@OLD_SQL_MODE */;                                                                                             
/*!40014 SET FOREIGN_KEY_CHECKS=@OLD_FOREIGN_KEY_CHECKS */;                                                                         
/*!40014 SET UNIQUE_CHECKS=@OLD_UNIQUE_CHECKS */;                                                                                   
/*!40111 SET SQL_NOTES=@OLD_SQL_NOTES */;                                                                                           
