/*                                                                                                                                  
SQLyog Community v11.28 (64 bit)                                                                                                    
MySQL - 5.6.27 : Database - curated_new_om                                                                                          
*********************************************************************                                                               
*/                                                                                                                                 
                                                                                                                                    
/*!40101 SET NAMES utf8 */;                                                                                                         
                                                                                                                                    
/*!40101 SET SQL_MODE=''*/;                                                                                                         
                                                                                                                                    
/*!40014 SET @OLD_UNIQUE_CHECKS=@@UNIQUE_CHECKS, UNIQUE_CHECKS=0 */;                                                                
/*!40014 SET @OLD_FOREIGN_KEY_CHECKS=@@FOREIGN_KEY_CHECKS, FOREIGN_KEY_CHECKS=0 */;                                                 
/*!40101 SET @OLD_SQL_MODE=@@SQL_MODE, SQL_MODE='NO_AUTO_VALUE_ON_ZERO' */;                                                         
/*!40111 SET @OLD_SQL_NOTES=@@SQL_NOTES, SQL_NOTES=0 */;                                                                            
/*Data for the table `project` */                                                                                                   
                                                                                                                                    
insert  into `project`(`project_id`,`name`,`description`,`program_uuid`) values
(2,'Templates','Trial and Nursery Templates',NULL),
(3,'Basic Trial Template','Basic Trial Template',NULL),
(4,'Basic Trial Template-ENVIRONMENT','ENVIRONMENT_Basic Trial Template',NULL),
(5,'Basic Trial Template-PLOTDATA','MEASUREMENT EFECT_Basic Trial Template',NULL),
(6,'Basic nursery template','Basic nursery template',NULL),
(7,'Basic nursery template-ENVIRONMENT','ENVIRONMENT_Basic nursery template',NULL),
(8,'Basic nursery template-PLOTDATA','MEASUREMENT EFECT_Basic nursery template',NULL);
                                                                                                                                    
/*Data for the table `project_relationship` */                                                                                      
                                                                                                                                    
insert  into `project_relationship`(`project_relationship_id`,`subject_project_id`,`object_project_id`,`type_id`) values
(1,2,1,1140),
(2,3,2,1145),
(4,4,3,1150),
(5,5,3,1150),
(3,6,2,1145),
(6,7,6,1150),
(7,8,6,1150);
                                                                                                                                    
/*Data for the table `projectprop` */                                                                                               
                                                                                                                                    
insert  into `projectprop`(`projectprop_id`,`project_id`,`type_id`,`value`,`rank`) values
(1,3,1805,'STUDY_NAME',1),
(2,3,1060,'STUDY NAME',1),
(3,3,1070,'8005',1),
(4,3,1805,'STUDY_TITLE',2),
(5,3,1060,'TITLE ASSIGNED',2),
(6,3,1070,'8007',2),
(7,3,1805,'PM_KEY',3),
(8,3,1060,'PROJECT MANAGEMENT KEY',3),
(9,3,1070,'8040',3),
(10,3,8040,'0',3),
(11,3,1805,'STUDY_OBJECTIVE',4),
(12,3,1060,'OBJECTIVE DESCRIBED',4),
(13,3,1070,'8030',4),
(14,3,8030,'Provide templates to start creating trials and nurseries',4),
(15,3,1805,'START_DATE',5),
(16,3,1060,'STUDY START DATE',5),
(17,3,1070,'8050',5),
(18,3,8050,'20140627',5),
(19,3,1805,'END_DATE',6),
(20,3,1060,'STUDY END DATE',6),
(21,3,1070,'8060',6),
(22,3,8060,'20140627',6),
(23,3,1805,'STUDY_TYPE',7),
(24,3,1060,'TYPE OF STUDY',7),
(25,3,1070,'8070',7),
(26,3,8070,'10010',7),
(27,3,1805,'Study_UID',8),
(28,3,1060,'STUDY USER ID',8),
(29,3,1070,'8020',8),
(30,3,8020,NULL,8),
(31,3,1805,'STUDY_STATUS',9),
(32,3,1060,'Study status (1=active, 2=private, 3=locked, 9=deleted)',9),
(33,3,1070,'8006',9),
(34,3,8006,'12960',9),
(35,3,1805,'PI_NAME',10),
(36,3,1060,'Name of the Principal Investigator',10),
(37,3,1070,'8100',10),
(38,3,8100,NULL,10),
(39,3,1805,'PI_ID',11),
(40,3,1060,'ID of the Principal Investigator',11),
(41,3,1070,'8110',11),
(42,3,8110,NULL,11),
(43,3,1805,'STUDY_UPDATE',12),
(44,3,1060,'Date the study was last updated',12),
(45,3,1070,'8009',12),
(46,3,8009,'20140724',12),
(151,6,1805,'STUDY_NAME',1),
(152,6,1060,'STUDY NAME',1),
(153,6,1070,'8005',1),
(154,6,1805,'STUDY_TITLE',2),
(155,6,1060,'TITLE ASSIGNED',2),
(156,6,1070,'8007',2),
(157,6,1805,'PM_KEY',3),
(158,6,1060,'PROJECT MANAGEMENT KEY',3),
(159,6,1070,'8040',3),
(160,6,8040,'0',3),
(161,6,1805,'STUDY_OBJECTIVE',4),
(162,6,1060,'OBJECTIVE DESCRIBED',4),
(163,6,1070,'8030',4),
(164,6,8030,'Provide templates to start creating trials and nurseries',4),
(165,6,1805,'START_DATE',5),
(166,6,1060,'STUDY START DATE',5),
(167,6,1070,'8050',5),
(168,6,8050,'20140627',5),
(169,6,1805,'END_DATE',6),
(170,6,1060,'STUDY END DATE',6),
(171,6,1070,'8060',6),
(172,6,8060,'20140627',6),
(173,6,1805,'STUDY_TYPE',7),
(174,6,1060,'TYPE OF STUDY',7),
(175,6,1070,'8070',7),
(176,6,8070,'10000',7),
(177,6,1805,'Study_UID',8),
(178,6,1060,'STUDY USER ID',8),
(179,6,1070,'8020',8),
(180,6,8020,NULL,8),
(181,6,1805,'STUDY_STATUS',9),
(182,6,1060,'Study status (1=active, 2=private, 3=locked, 9=deleted)',9),
(183,6,1070,'8006',9),
(184,6,8006,'12960',9),
(185,6,1805,'STUDY_UPDATE',10),
(186,6,1060,'Date the study was last updated',10),
(187,6,1070,'8009',10),
(188,6,8009,'20140724',10),
(189,6,1805,'PI_NAME',11),
(190,6,1060,'Name of the Principal Investigator',11),
(191,6,1070,'8100',11),
(192,6,8100,NULL,11),
(193,6,1805,'PI_ID',12),
(194,6,1060,'ID of the Principal Investigator',12),
(195,6,1070,'8110',12),
(196,6,8110,NULL,12),
(197,6,1805,'STUDY_BMETH',13),
(198,6,1060,'Breeding method to be applied to this nursery',13),
(199,6,1070,'8256',13),
(200,6,8256,NULL,13),
(201,6,1805,'STUDY_BM_ID',14),
(202,6,1060,'ID of Breeding method',14),
(203,6,1070,'8257',14),
(204,6,8257,NULL,14),
(205,7,1805,'DATASET_NAME',1),
(206,7,1060,'DATASET NAME',1),
(207,7,1070,'8150',1),
(208,7,1805,'DATASET_TITLE',2),
(209,7,1060,'DATASET TITLE',2),
(210,7,1070,'8155',2),
(211,7,1805,'DATASET_TYPE',3),
(212,7,1060,'Dataset type',3),
(213,7,1070,'8160',3),
(214,7,8160,'10080',3),
(215,7,1806,'TRIAL_INSTANCE',4),
(216,7,1060,'TRIAL NUMBER',4),
(217,7,1070,'8170',4),
(218,7,1806,'LOCATION_NAME',15),
(219,7,1060,'NURSERY SITE NAME',15),
(220,7,1070,'8180',15),
(221,7,8180,NULL,15),
(222,7,1806,'LOCATION_ID',16),
(223,7,1060,'NURSERY SITE ID',16),
(224,7,1070,'8190',16),
(225,7,8190,NULL,16),
(226,8,1805,'DATASET_NAME',1),
(227,8,1060,'DATASET NAME',1),
(228,8,1070,'8150',1),
(229,8,1805,'DATASET_TITLE',2),
(230,8,1060,'DATASET TITLE',2),
(231,8,1070,'8155',2),
(232,8,1805,'DATASET_TYPE',3),
(233,8,1060,'Dataset type',3),
(234,8,1070,'8160',3),
(235,8,8160,'10090',3),
(236,8,1806,'TRIAL_INSTANCE',4),
(237,8,1060,'TRIAL NUMBER',4),
(238,8,1070,'8170',4),
(239,8,1804,'ENTRY_NO',5),
(240,8,1060,'ENTRY NUMBER',5),
(241,8,1070,'8230',5),
(242,8,1804,'DESIGNATION',6),
(243,8,1060,'ENTRY DESIGNATION',6),
(244,8,1070,'8250',6),
(245,8,1804,'GID',7),
(246,8,1060,'GERMPLASM ID',7),
(247,8,1070,'8240',7),
(248,8,1804,'CROSS',8),
(249,8,1060,'The pedigree string of the germplasm',8),
(250,8,1070,'8377',8),
(251,8,1804,'SOURCE',9),
(252,8,1060,'The seed sourceof the germplasm',9),
(253,8,1070,'8378',9),
(254,8,1804,'ENTRY_TYPE',10),
(255,8,1060,'TYPE OF ENTRY',10),
(256,8,1070,'8255',10),
(257,8,1810,'PLOT_NO',11),
(258,8,1060,'PLOT NUMBER',11),
(259,8,1070,'8200',11),
(260,8,1807,'NPSEL',12),
(261,8,1060,'Plants Selected',12),
(262,8,1070,'8263',12),
(266,8,1808,'FLOW50_Count_days',14),
(267,8,1060,'Number of days required to flower 50 % population in a plot',14),
(268,8,1070,'20158',14),
(269,8,1808,'MT_Count_days',15),
(270,8,1060,'Number of days required to mature 75 % of the population',15),
(271,8,1070,'20159',15),
(272,8,1808,'VIGOUR_VisSc_1to5',16),
(273,8,1060,'Vigour score given in 1 to 5 scale considering control as reference',16),
(274,8,1070,'20200',16),
(275,8,1808,'NEMATODE_Suscp_1to9',17),
(276,8,1060,'Nematodes (Heterodera cajani , Meloidogyne incognita , Rotylenchus reniformis) and scored as  damage, severity, incidence or plant reaction.',17),
(277,8,1070,'20211',17),
(287,8,1808,'NOTES',18),
(288,8,1060,'BREEDERS NOTES',18),
(289,8,1070,'8390',18),
(335,4,1806,'TRIAL_INSTANCE',4),
(336,4,1060,'Trial instance - enumerated (number)',4),
(337,4,1070,'8170',4),
(338,4,1806,'COOPERATOR_ID',5),
(339,4,1060,'COOPERATOR ID -Assigned (DBID)',5),
(340,4,1070,'8372',5),
(341,4,1806,'LOCATION_ID',6),
(342,4,1060,'Location - selected (DBID)',6),
(343,4,1070,'8190',6),
(344,4,1806,'LOCATION_NAME',7),
(345,4,1060,'Location - selected (DBCV)',7),
(346,4,1070,'8180',7),
(347,4,1806,'COOPERATOR',8),
(348,4,1060,'COOPERATOR NAME',8),
(349,4,1070,'8373',8),
(350,4,1805,'DATASET_NAME',1),
(351,4,1060,'Dataset name',1),
(352,4,1070,'8150',1),
(353,4,1805,'DATASET_TITLE',2),
(354,4,1060,'Dataset title',2),
(355,4,1070,'8155',2),
(356,4,1805,'DATASET_TYPE',3),
(357,4,1060,'Dataset type',3),
(358,4,1070,'8160',3),
(359,4,8160,'10080',3),
(360,5,1806,'TRIAL_INSTANCE',1),
(361,5,1060,'Trial instance - enumerated (number)',1),
(362,5,1070,'8170',1),
(363,5,1805,'DATASET_NAME',2),
(364,5,1060,'Dataset name',2),
(365,5,1070,'8150',2),
(366,5,1805,'DATASET_TITLE',3),
(367,5,1060,'Dataset title',3),
(368,5,1070,'8155',3),
(369,5,1805,'DATASET_TYPE',4),
(370,5,1060,'Dataset type',4),
(371,5,1070,'8160',4),
(372,5,1804,'ENTRY_TYPE',5),
(373,5,1060,'Entry type (test/check)- assigned (type)',5),
(374,5,1070,'8255',5),
(375,5,1804,'GID',6),
(376,5,1060,'Germplasm identifier - assigned (DBID)',6),
(377,5,1070,'8240',6),
(378,5,1804,'DESIGNATION',7),
(379,5,1060,'Germplasm identifier - assigned (DBCV)',7),
(380,5,1070,'8250',7),
(381,5,1804,'ENTRY_NO',8),
(382,5,1060,'Germplasm entry - enumerated (number)',8),
(383,5,1070,'8230',8),
(384,5,1808,'YLD_WtPerPlot_g',9),
(385,5,1060,'Grain weight per plot in grams',9),
(386,5,1070,'20196',9),
(387,5,1808,'PHT_Avg_cm',10),
(388,5,1060,'Plant height recorded per plant in cm',10),
(389,5,1070,'20163',10),
(390,5,1808,'PST_Count_plnt',11),
(391,5,1060,'Number of plants counted per plot at the time of maturity',11),
(392,5,1070,'20164',11),
(393,5,1808,'PBL_Avg_cm',12),
(394,5,1060,'Distance between uppermost and lowermost pod present on plant recorded in cm',12),
(395,5,1070,'20165',12),
(396,5,1808,'PODLENTH_Avg_cm',13),
(397,5,1060,'Pod length recorded in cm.',13),
(398,5,1070,'20203',13),
(399,5,1808,'PPL_Avg_PodPlnt',14),
(400,5,1060,'Number of pods counted per plant',14),
(401,5,1070,'20168',14),
(402,5,1808,'YIELD_Yld_kgha',15),
(403,5,1060,'Seed yield recorded in Kg/ha',15),
(404,5,1070,'20198',15),
(408,5,1808,'SPP_Avg_SeedPod',17),
(409,5,1060,'Average number of seeds present in a pod for 10 randomly selected pods',17),
(410,5,1070,'20169',17),
(411,5,1808,'VIGOUR_VisSc_1to5',18),
(412,5,1060,'Vigour score given in 1 to 5 scale considering control as reference',18),
(413,5,1070,'20200',18),
(417,5,1808,'FCL_VisClsn_1to5',20),
(418,5,1060,'Flower color recorded visually at 50 % flowering',20),
(419,5,1070,'20186',20),
(420,5,1808,'FP_VisClsn_1to2',21),
(421,5,1060,'Flowering pattern like DT(determinate) vs NDT (non determinate)',21),
(422,5,1070,'20156',21),
(423,5,1808,'LFPUB_VisClsn_0or1',22),
(424,5,1060,'Leaf pubescence (hair like structure on leaf)',22),
(425,5,1070,'20185',22),
(426,5,1808,'LSHAPE_VisClsn_1to5',23),
(427,5,1060,'Leaf shape recordedvisually at 50% flowering',23),
(428,5,1070,'20184',23),
(429,5,1808,'PPUB_VisClsn_0or1',24),
(430,5,1060,'Pod pubescence',24),
(431,5,1070,'20188',24),
(432,5,1808,'PWAX_VisClsn_0or1',25),
(433,5,1060,'Pod wax recorded at dough stage',25),
(434,5,1070,'20189',25),
(435,5,1808,'STEMCLR_VisClsn_1to4',26),
(436,5,1060,'Stem color recorded visually at 50 % flowering',26),
(437,5,1070,'20183',26),
(438,5,1808,'FLOW50_Count_days',27),
(439,5,1060,'Number of days required to flower 50 % population in a plot',27),
(440,5,1070,'20158',27),
(441,5,1808,'MT_Count_days',28),
(442,5,1060,'Number of days required to mature 75 % of the population',28),
(443,5,1070,'20159',28),
(444,5,1808,'GERMP_Comp_Pct',29),
(445,5,1060,'Percentage of grains that germinate under proper condition',29),
(446,5,1070,'20181',29),
(447,5,1808,'HI_Comp_idx',30),
(448,5,1060,'Proportion of usable (economically significant) biomass over total (biological) biomass, expressed as a percentage.',30),
(449,5,1070,'20177',30),
(450,5,1808,'MC_Comp_Pct',31),
(451,5,1060,'Moisture content in percent',31),
(452,5,1070,'20176',31),
(453,5,1808,'PLUL_Avg_cm',32),
(454,5,1060,'Length of Plumule recorded in cm',32),
(455,5,1070,'20180',32),
(456,5,1808,'RADL_Avg_cm',33),
(457,5,1060,'Length of radicle measured in cm',33),
(458,5,1070,'20179',33),
(459,5,1808,'SEN_VisSc_1to3',34),
(460,5,1060,'Senescence score',34),
(461,5,1070,'20199',34),
(462,5,1808,'CKS_VolInc_idx',35),
(463,5,1060,'Cooking quality of seed',35),
(464,5,1070,'20194',35),
(465,5,1808,'PODCL_VisClsn_1to5',36),
(466,5,1060,'Pod color recorded at premature dough stage',36),
(467,5,1070,'20187',36),
(471,5,1808,'PROTNC_Meas_Pct',38),
(472,5,1060,'Protein content of seed in percent',38),
(473,5,1070,'20191',38),
(474,5,1808,'SW_Scr_1to4',39),
(475,5,1060,'Seed size recorded on the basis of 100 seed weight in grams',39),
(476,5,1070,'20166',39),
(477,5,1808,'FW_Comp_Pct',40),
(478,5,1060,'Plants infected with fusarium wilt disease recorded in percentage in a plot',40),
(479,5,1070,'20174',40),
(480,5,1808,'LT_Suscp_1to9',41),
(481,5,1060,'Leaf tier (Grapholita critica ) damage, severity, incidence or plant reaction.',41),
(482,5,1070,'20212',41),
(483,5,1808,'NEMATODE_Suscp_1to9',42),
(484,5,1060,'Nematodes (Heterodera cajani , Meloidogyne incognita , Rotylenchus reniformis) and scored as  damage, severity, incidence or plant reaction.',42),
(485,5,1070,'20211',42),
(486,5,1808,'PODBOR_Suscp_1to9',43),
(487,5,1060,'Pod borer insects (Helicoverpa armigera ,Etiella zinckenella ,Maruca testulalis) damage, severity, incidence or plant reaction.',43),
(488,5,1070,'20206',43),
(489,5,1808,'MTG_Suscp_1to9',44),
(490,5,1060,'Pod fly (Melanagromyza btusa ) damage, severity, incidence or plant reaction.',44),
(491,5,1070,'20207',44),
(492,5,1808,'PW_Suscp_1to9',45),
(493,5,1060,'Podwasp (Tanaostigmodes cajaninae ) damage, severity, incidence or plant reaction.',45),
(494,5,1070,'20208',45),
(495,5,8160,'10090',4),
(496,5,1060,'Field plot id - assigned (text)',46),
(497,5,1070,'8201',46),
(498,5,1804,'PLOT_ID',46),
(499,8,1060,'Field plot id - assigned (text)',19),
(500,8,1070,'8201',19),
(501,8,1804,'PLOT_ID',19);
                                                                                                                                    
/*!40101 SET SQL_MODE=@OLD_SQL_MODE */;                                                                                             
/*!40014 SET FOREIGN_KEY_CHECKS=@OLD_FOREIGN_KEY_CHECKS */;                                                                         
/*!40014 SET UNIQUE_CHECKS=@OLD_UNIQUE_CHECKS */;                                                                                   
/*!40111 SET SQL_NOTES=@OLD_SQL_NOTES */;                                                                                           
