/*                                                                                                                                  
SQLyog Community v11.28 (64 bit)                                                                                                    
MySQL - 5.6.27 : Database - curated_new_om                                                                                          
*********************************************************************                                                               
*/                                                                                                                                 
                                                                                                                                    
/*!40101 SET NAMES utf8 */;                                                                                                         
                                                                                                                                    
/*!40101 SET SQL_MODE=''*/;                                                                                                         
                                                                                                                                    
/*!40014 SET @OLD_UNIQUE_CHECKS=@@UNIQUE_CHECKS, UNIQUE_CHECKS=0 */;                                                                
/*!40014 SET @OLD_FOREIGN_KEY_CHECKS=@@FOREIGN_KEY_CHECKS, FOREIGN_KEY_CHECKS=0 */;                                                 
/*!40101 SET @OLD_SQL_MODE=@@SQL_MODE, SQL_MODE='NO_AUTO_VALUE_ON_ZERO' */;                                                         
/*!40111 SET @OLD_SQL_NOTES=@@SQL_NOTES, SQL_NOTES=0 */;                                                                            
/*Data for the table `project` */                                                                                                   
                                                                                                                                    
insert  into `project`(`project_id`,`name`,`description`,`program_uuid`) values
(2,'Templates','Trial and Nursery Templates',NULL),
(3,'Basic Trial Template','Basic Trial Template',NULL),
(4,'Basic Trial Template-ENVIRONMENT','ENVIRONMENT_Basic Trial Template',NULL),
(5,'Basic Trial Template-PLOTDATA','MEASUREMENT EFECT_Basic Trial Template',NULL),
(6,'Basic nursery template','Basic nursery template',NULL),
(7,'Basic nursery template-ENVIRONMENT','ENVIRONMENT_Basic nursery template',NULL),
(8,'Basic nursery template-PLOTDATA','MEASUREMENT EFECT_Basic nursery template',NULL);
                                                                                                                                    
/*Data for the table `project_relationship` */                                                                                      
                                                                                                                                    
insert  into `project_relationship`(`project_relationship_id`,`subject_project_id`,`object_project_id`,`type_id`) values
(1,2,1,1140),
(2,3,2,1145),
(4,4,3,1150),
(5,5,3,1150),
(3,6,2,1145),
(6,7,6,1150),
(7,8,6,1150);
                                                                                                                                    
/*Data for the table `projectprop` */                                                                                               
                                                                                                                                    
insert  into `projectprop`(`projectprop_id`,`project_id`,`type_id`,`value`,`rank`) values
(1,3,1805,'STUDY',1),
(2,3,1060,'STUDY NAME',1),
(3,3,1070,'8005',1),
(4,3,1805,'TITLE',2),
(5,3,1060,'TITLE ASSIGNED',2),
(6,3,1070,'8007',2),
(7,3,1805,'PMKEY',3),
(8,3,1060,'PROJECT MANAGEMENT KEY',3),
(9,3,1070,'8040',3),
(10,3,8040,'0',3),
(11,3,1805,'OBJECTIVE',4),
(12,3,1060,'OBJECTIVE DESCRIBED',4),
(13,3,1070,'8030',4),
(14,3,8030,'Provide templates to start creating trials and nurseries',4),
(15,3,1805,'START DATE',5),
(16,3,1060,'STUDY START DATE',5),
(17,3,1070,'8050',5),
(18,3,8050,'20140627',5),
(19,3,1805,'END DATE',6),
(20,3,1060,'STUDY END DATE',6),
(21,3,1070,'8060',6),
(22,3,8060,'20140627',6),
(23,3,1805,'STUDY TYPE',7),
(24,3,1060,'TYPE OF STUDY',7),
(25,3,1070,'8070',7),
(26,3,8070,'10010',7),
(27,3,1805,'STUDY UID',8),
(28,3,1060,'STUDY USER ID',8),
(29,3,1070,'8020',8),
(30,3,8020,NULL,8),
(35,3,1805,'PI_NAME',10),
(36,3,1060,'Name of the Principal Investigator',10),
(37,3,1070,'8100',10),
(38,3,8100,NULL,10),
(39,3,1805,'PI_ID',11),
(40,3,1060,'ID of the Principal Investigator',11),
(41,3,1070,'8110',11),
(42,3,8110,NULL,11),
(43,3,1805,'STUDY_UPDATE',12),
(44,3,1060,'Date the studywas last updated',12),
(45,3,1070,'8009',12),
(46,3,8009,'20140724',12),
(151,6,1805,'STUDY',1),
(152,6,1060,'STUDY NAME',1),
(153,6,1070,'8005',1),
(154,6,1805,'TITLE',2),
(155,6,1060,'TITLE ASSIGNED',2),
(156,6,1070,'8007',2),
(157,6,1805,'PMKEY',3),
(158,6,1060,'PROJECTMANAGEMENT KEY',3),
(159,6,1070,'8040',3),
(160,6,8040,'0',3),
(161,6,1805,'OBJECTIVE',4),
(162,6,1060,'OBJECTIVE DESCRIBED',4),
(163,6,1070,'8030',4),
(164,6,8030,'Provide templates to start creating trials and nurseries',4),
(165,6,1805,'START DATE',5),
(166,6,1060,'STUDY START DATE',5),
(167,6,1070,'8050',5),
(168,6,8050,'20140627',5),
(169,6,1805,'END DATE',6),
(170,6,1060,'STUDY END DATE',6),
(171,6,1070,'8060',6),
(172,6,8060,'20140627',6),
(173,6,1805,'STUDY TYPE',7),
(174,6,1060,'TYPE OF STUDY',7),
(175,6,1070,'8070',7),
(176,6,8070,'10000',7),
(177,6,1805,'STUDY UID',8),
(178,6,1060,'STUDY USER ID',8),
(179,6,1070,'8020',8),
(180,6,8020,NULL,8),
(185,6,1805,'STUDY_UPDATE',10),
(186,6,1060,'Date the study was last updated',10),
(187,6,1070,'8009',10),
(188,6,8009,'20140724',10),
(189,6,1805,'PI_NAME',11),
(190,6,1060,'Name of the Principal Investigator',11),
(191,6,1070,'8100',11),
(192,6,8100,NULL,11),
(193,6,1805,'PI_ID',12),
(194,6,1060,'ID of the Principal Investigator',12),
(195,6,1070,'8110',12),
(196,6,8110,NULL,12),
(197,6,1805,'BREEDING_METHOD',13),
(198,6,1060,'Breeding method to be applied to this nursery',13),
(199,6,1070,'8256',13),
(200,6,8256,NULL,13),
(201,6,1805,'BREEDING_METHOD_ID',14),
(202,6,1060,'ID of Breeding method',14),
(203,6,1070,'8257',14),
(204,6,8257,NULL,14),
(205,7,1805,'DATASET',1),
(206,7,1060,'DATASET NAME',1),
(207,7,1070,'8150',1),
(208,7,1805,'DATASET TITLE',2),
(209,7,1060,'DATASET TITLE',2),
(210,7,1070,'8155',2),
(211,7,1805,'DATASET_TYPE',3),
(212,7,1060,'Dataset type',3),
(213,7,1070,'8160',3),
(214,7,8160,'10080',3),
(215,7,1806,'NID',4),
(216,7,1060,'TRIAL NUMBER',4),
(217,7,1070,'8170',4),
(218,7,1806,'SITE',15),
(219,7,1060,'NURSERY SITE NAME',15),
(220,7,1070,'8180',15),
(221,7,8180,NULL,15),
(222,7,1806,'SITE_ID',16),
(223,7,1060,'NURSERY SITE ID',16),
(224,7,1070,'8190',16),
(225,7,8190,NULL,16),
(226,8,1805,'DATASET',1),
(227,8,1060,'DATASET NAME',1),
(228,8,1070,'8150',1),
(229,8,1805,'DATASET TITLE',2),
(230,8,1060,'DATASET TITLE',2),
(231,8,1070,'8155',2),
(232,8,1805,'DATASET_TYPE',3),
(233,8,1060,'Dataset type',3),
(234,8,1070,'8160',3),
(235,8,8160,'10090',3),
(236,8,1806,'NID',4),
(237,8,1060,'TRIAL NUMBER',4),
(238,8,1070,'8170',4),
(239,8,1804,'ENTRY',5),
(240,8,1060,'ENTRY NUMBER',5),
(241,8,1070,'8230',5),
(242,8,1804,'DESIGNATION',6),
(243,8,1060,'ENTRY DESIGNATION',6),
(244,8,1070,'8250',6),
(245,8,1804,'GID',7),
(246,8,1060,'GERMPLASM ID',7),
(247,8,1070,'8240',7),
(248,8,1804,'CROSS',8),
(249,8,1060,'The pedigree string of the germplasm',8),
(250,8,1070,'8377',8),
(251,8,1804,'SOURCE',9),
(252,8,1060,'The seed source of the germplasm',9),
(253,8,1070,'8378',9),
(254,8,1804,'CHECK',10),
(255,8,1060,'TYPE OF ENTRY',10),
(256,8,1070,'8255',10),
(257,8,1810,'PLOT',11),
(258,8,1060,'PLOT NUMBER',11),
(259,8,1070,'8200',11),
(260,8,1807,'NPSEL',12),
(261,8,1060,'Plants Selected',12),
(262,8,1070,'8263',12),
(287,8,1808,'NOTES',21),
(288,8,1060,'BREEDERS NOTES',21),
(289,8,1070,'8390',21),
(335,4,1806,'TRIAL_INSTANCE',4),
(336,4,1060,'Trial instance - enumerated (number)',4),
(337,4,1070,'8170',4),
(338,4,1806,'COOPERATOR_ID',5),
(339,4,1060,'COOPERATOR ID -Assigned (DBID)',5),
(340,4,1070,'8372',5),
(341,4,1806,'LOCATION_NAME_ID',6),
(342,4,1060,'Location - selected (DBID)',6),
(343,4,1070,'8190',6),
(344,4,1806,'LOCATION_NAME',7),
(345,4,1060,'Location - selected (DBCV)',7),
(346,4,1070,'8180',7),
(347,4,1806,'COOPERATOR',8),
(348,4,1060,'COOPERATOR NAME',8),
(349,4,1070,'8373',8),
(350,4,1805,'DATASET_NAME',1),
(351,4,1060,'Dataset name',1),
(352,4,1070,'8150',1),
(353,4,1805,'DATASET_TITLE',2),
(354,4,1060,'Dataset title',2),
(355,4,1070,'8155',2),
(356,4,1805,'DATASET_TYPE',3),
(357,4,1060,'Dataset type',3),
(358,4,1070,'8160',3),
(359,4,8160,'10080',3),
(360,5,1806,'TRIAL_INSTANCE',1),
(361,5,1060,'Trial instance - enumerated (number)',1),
(362,5,1070,'8170',1),
(363,5,1805,'DATASET_NAME',2),
(364,5,1060,'Dataset name',2),
(365,5,1070,'8150',2),
(366,5,1805,'DATASET_TITLE',3),
(367,5,1060,'Dataset title',3),
(368,5,1070,'8155',3),
(369,5,1805,'DATASET_TYPE',4),
(370,5,1060,'Dataset type',4),
(371,5,1070,'8160',4),
(372,5,1804,'ENTRY_TYPE',5),
(373,5,1060,'Entry type (test/check)- assigned (type)',5),
(374,5,1070,'8255',5),
(375,5,1804,'GID',6),
(376,5,1060,'Germplasm identifier - assigned (DBID)',6),
(377,5,1070,'8240',6),
(378,5,1804,'DESIGNATION',7),
(379,5,1060,'Germplasm identifier - assigned (DBCV)',7),
(380,5,1070,'8250',7),
(381,5,1804,'ENTRY_NO',8),
(382,5,1060,'Germplasm entry - enumerated (number)',8),
(383,5,1070,'8230',8),
(384,5,1808,'BulbForm',9),
(385,5,1060,'Development of mini-tubers in the nodes of the vines',9),
(386,5,1070,'20173',9),
(387,5,1808,'BulbYld',10),
(388,5,1060,'Kilograms of bulbils per hectare',10),
(389,5,1070,'20199',10),
(390,5,1808,'EstablRate',11),
(391,5,1060,'A plant which is completely estblished is growing with good vigour and without severe constraints',11),
(392,5,1070,'20183',11),
(393,5,1808,'FrtSet',12),
(394,5,1060,'Fruits developed from hand pollinated flowers',12),
(395,5,1070,'20162',12),
(396,5,1808,'FWtTubYld',13),
(397,5,1060,'Total fresh tuber yield (kg per plot of &hellip;.m2)',13),
(398,5,1070,'20202',13),
(399,5,1808,'GermRate',14),
(400,5,1060,'Percentage of truegerminated seeds at three weeks after sown',14),
(401,5,1070,'20164',14),
(402,5,1808,'NoBulbProd',15),
(403,5,1060,'No. of bulbils harvested per plot',15),
(404,5,1070,'20198',15),
(405,5,1808,'NoFrtDev',16),
(406,5,1060,'Quantity of developed fruits per crosses',16),
(407,5,1070,'20160',16),
(408,5,1808,'NoFrtHvst',17),
(409,5,1060,'Quantity of harvested fruits after they are completed physiologicalmaturity',17),
(410,5,1070,'20161',17),
(411,5,1808,'NoPollFlw',18),
(412,5,1060,'Quantity of Female Flowers which has been pollinatedusing male flower from a monoecious or dioecious parent',18),
(413,5,1070,'20158',18),
(414,5,1808,'NoPollSpk',19),
(415,5,1060,'Quantityof Female spikes where flowers has been pollinated using male flower from a monoecious or dioecious parent',19),
(416,5,1070,'20159',19),
(417,5,1808,'NoSett',20),
(418,5,1060,'Number of yam seed sett planted per plot or stand',20),
(419,5,1070,'20178',20),
(420,5,1808,'NoStdHvst',21),
(421,5,1060,'Number of stands harvested per plot',21),
(422,5,1070,'20200',21),
(423,5,1808,'NoStem',22),
(424,5,1060,'A sprouted and established plant produce one or more than one stem (vine) with leaves and branches',22),
(425,5,1070,'20184',22),
(426,5,1808,'NoTubHvst',23),
(427,5,1060,'No. of tubers harvested (per plot of &hellip;.m2)',23),
(428,5,1070,'20201',23),
(429,5,1808,'PVigor',24),
(430,5,1060,'The vigour of the vine and leaves of the new plant ',24),
(431,5,1070,'20180',24),
(432,5,1808,'RotTubFWt',25),
(433,5,1060,'Weight of rotten/diseased tubers (kg per plot of &hellip;.m2)',25),
(434,5,1070,'20204',25),
(435,5,1808,'SdlgRate',26),
(436,5,1060,'Establishment rate of seedlings five weeks after sown',26),
(437,5,1070,'20165',26),
(438,5,1808,'SecSprout',27),
(439,5,1060,'Emergence of a new sprouts from the planted seed.',27),
(440,5,1070,'20189',27),
(441,5,1808,'TubDMC',28),
(442,5,1060,'Accumulation of dry matter in the tuber at harvesting time',28),
(443,5,1070,'20216',28),
(444,5,1808,'TubSurfText',29),
(445,5,1060,'Appearance of the external surface texture',29),
(446,5,1070,'20205',29),
(447,5,1808,'TubSz',30),
(448,5,1060,'Tuber&#39;s size of the entire family at harvesting time',30),
(449,5,1070,'20169',30),
(450,5,1808,'Yield',31),
(451,5,1060,'Tubers above 1 kg (kg per plot of &hellip;.m2)',31),
(452,5,1070,'20203',31),
(453,5,1808,'CanArch',32),
(454,5,1060,'Canopy structure in terms of branching and leaf distributiongiving specific shape to the above ground part of the plant',32),
(455,5,1070,'20170',32),
(456,5,1808,'TubShap',33),
(457,5,1060,'Tuber&#39;s shape of the entire family at harvesting time',33),
(458,5,1070,'20168',33),
(459,5,1808,'BulbInitDate',34),
(460,5,1060,'Datewhen the female and male plants produce the first bubil ',34),
(461,5,1070,'20195',34),
(462,5,1808,'DTFlwInit',35),
(463,5,1060,'Daysto flower initiation (calculate from sprout emergence date)',35),
(464,5,1070,'20190',35),
(465,5,1808,'DTFullSen',36),
(466,5,1060,'Number of days to 100% senescence',36),
(467,5,1070,'20197',36),
(468,5,1808,'Maturity',37),
(469,5,1060,'The time between planting and senescence. The tuber is ready for harvest and consumption',37),
(470,5,1070,'20215',37),
(471,5,1808,'Earliness',38),
(472,5,1060,'Thetime when plant foliage of a proportion or all clones of the family senesce before 7 month',38),
(473,5,1070,'20166',38),
(474,5,1808,'TubDorm',39),
(475,5,1060,'Number of days between the harvesting date and the day when more than 50 % of the tubers per family, aresprouted.',39),
(476,5,1070,'20172',39),
(477,5,1808,'Oxid',40),
(478,5,1060,'Time between cutting the tuber and the oxidation of the flesh ',40),
(479,5,1070,'20208',40),
(480,5,1808,'StickPndedYam',41),
(481,5,1060,'The grade how pounded yam mould become sticked to consumer&#39;s fingers.',41),
(482,5,1070,'20217',41),
(483,5,1808,'TastePndedYam',42),
(484,5,1060,'The sensory taste when pounded yam is eaten without any additional complementary food',42),
(485,5,1070,'20218',42),
(486,5,1808,'TubFleshCol',43),
(487,5,1060,'Colourof the flesh at the middle part of the tuber ',43),
(488,5,1070,'20207',43),
(489,5,1808,'AnthracGH',44),
(490,5,1060,'The reaction ofindividual clone per family to anthracnose disease under screen house conditions',44),
(491,5,1070,'20167',44),
(492,5,1808,'AnthracInc',45),
(493,5,1060,'Reaction of the plant to the pathogen (Colletotricum gloeosporioides) infection, producing brown to black spotsunderfield conditions',45),
(494,5,1070,'20185',45),
(495,5,1808,'AnthracSev',46),
(496,5,1060,'Grade of reaction of the plant to thepathogen infection, producing brown to black spots, leaves and vine dieback',46),
(497,5,1070,'20186',46),
(498,5,1808,'DryRotNemInc',47),
(499,5,1060,'The expression of dry rot visual symptoms caused by Scutellonema bradys and Practylenchus spp. in tubers ',47),
(500,5,1070,'20174',47),
(501,5,1808,'DryRotNemSev',48),
(502,5,1060,'The expression of dry rot visual symptoms caused by Scutellonema bradys and Practylenchus spp. in a range from no symptoms to highly severe, scored in specific numbers of tubers per plot or family',48),
(503,5,1070,'20175',48),
(504,5,1808,'LfBeetleInc',49),
(505,5,1060,'The expression of visual symptoms of leaf beetle damage per plot (ratio)',49),
(506,5,1070,'20209',49),
(507,5,1808,'MBugInc',50),
(508,5,1060,'The expression of visual symptoms of tuber mealybug infestation (ratio) per plot',50),
(509,5,1070,'20211',50),
(510,5,1808,'RootKnotNemInc',51),
(511,5,1060,'The expression of root knot visual symptoms caused by Meloidogyne spp. in secondary roots of the plant and tubers&#39; adventiciousroots',51),
(512,5,1070,'20176',51),
(513,5,1808,'TubBeetleInc',52),
(514,5,1060,'The expression of visual symptoms of tuber beetle damage per plot (ratio)',52),
(515,5,1070,'20213',52),
(516,5,1808,'VirusInc',53),
(517,5,1060,'Reaction of plants to the virus infection, producing yellow mottle, mosaic and leaves deformation ',53),
(518,5,1070,'20187',53),
(519,5,8160,'10090',4),
(520,5,1060,'Field plot id - assigned (text)',54),
(521,5,1070,'8201',54),
(522,5,1804,'PLOT_ID',54),
(523,8,1060,'Field plot id - assigned (text)',22),
(524,8,1070,'8201',22),
(525,8,1804,'PLOT_ID',22);
                                                                                                                                    
/*!40101 SET SQL_MODE=@OLD_SQL_MODE */;                                                                                             
/*!40014 SET FOREIGN_KEY_CHECKS=@OLD_FOREIGN_KEY_CHECKS */;                                                                         
/*!40014 SET UNIQUE_CHECKS=@OLD_UNIQUE_CHECKS */;                                                                                   
/*!40111 SET SQL_NOTES=@OLD_SQL_NOTES */;                                                                                           
