/*
SQLyog Community v11.28 (64 bit)
MySQL - 5.6.27 : Database - new_om
*********************************************************************
*/

/*!40101 SET NAMES utf8 */;

/*!40101 SET SQL_MODE=''*/;

/*!40014 SET @OLD_UNIQUE_CHECKS=@@UNIQUE_CHECKS, UNIQUE_CHECKS=0 */;
/*!40014 SET @OLD_FOREIGN_KEY_CHECKS=@@FOREIGN_KEY_CHECKS, FOREIGN_KEY_CHECKS=0 */;
/*!40101 SET @OLD_SQL_MODE=@@SQL_MODE, SQL_MODE='NO_AUTO_VALUE_ON_ZERO' */;
/*!40111 SET @OLD_SQL_NOTES=@@SQL_NOTES, SQL_NOTES=0 */;
/*Data for the table `cv` */

LOCK TABLES `cv` WRITE;

insert  into `cv`(`cv_id`,`name`,`definition`) values (20001,'22506','Cultivar Group - Visual Scoring'),(20002,'22481','PS - VisualScoring'),(20003,'22495','SPP - Counting'),(20004,'22458','DS - Disease Score'),(20005,'22469','IPS - Pest Score'),(20006,'22487','SAU - Visual Scoring'),(20007,'22448','BH - Visual Scoring'),(20008,'22460','FCC - Visual Scoring'),(20009,'22459','FC - Visual Scoring'),(20010,'22463','GH - Visual Scoring'),(20011,'22465','HM - Visual Scoring'),(20012,'22466','HML - Visual Scoring'),(20013,'22472','LC - Visual Scoring'),(20014,'22474','LSp - Visual Scoring'),(20015,'22473','LS - Visual Scoring'),(20016,'22475','MSP - VisualScoring'),(20017,'22447','B - Visual Scoring'),(20018,'22452','Con - Visual Scoring'),(20019,'22486','RL - Visual Scoring'),(20020,'22485','R - Visual Scoring'),(20021,'22497','ST - Visual Scoring'),(20022,'22488','SC - Visual Scoring'),(20023,'22685','E - VisualScoring'),(20024,'22690','SSp - Visual Scoring'),(20025,'22496','SS - Visual Scoring'),(20026,'22390','ELS - Visual Scoring'),(20027,'22413','RUST - Visual Scoring'),(20028,'22763','LLS - Visual Scoring'),(20029,'22480','PP - Visual Scoring'),(20030,'22491','SP -Visual Scoring');

UNLOCK TABLES;

/*Data for the table `cvterm` */

LOCK TABLES `cvterm` WRITE;

insert  into `cvterm`(`cvterm_id`,`cv_id`,`name`,`definition`,`dbxref_id`,`is_obsolete`,`is_relationshiptype`) values (20001,1010,'Seed weight','Weight of seed.',NULL,0,0),(20002,1010,'Branching habit','A qualitative description of the branch habit of the plant, whether number of branches/architecture-erect/semi-erect/prostrate/spreading/semi-spreading',NULL,0,0),(20003,1010,'Canopy height','Height of the canopy.',NULL,0,0),(20004,1010,'Canopy width','Width of the canopy.',NULL,0,0),(20005,1010,'Emergence time','Emergencetime usually recorded as days from sowing or date.',NULL,0,0),(20006,1010,'Leaf Carbon isotope discrimination','Ratio of Carbon isotope 13C discrimination.',NULL,0,0),(20007,1010,'General disease severity','General disease severity for plants infected with leafspots and/or rust.',NULL,0,0),(20008,1010,'Rosette disease incidence','Rosette disease incidence caused by a complex of two viruses.',NULL,0,0),(20009,1010,'Early leaf spot severity','Early leaf spot disease severity caused by agent Cercospora arachidicola.',NULL,0,0),(20010,1010,'Flower crescent color','A qualitative trait indicating flower crescent color.',NULL,0,0),(20011,1010,'Flower standard petal color','A qualitative trait indicating flower standard petal color.',NULL,0,0),(20012,1010,'Fresh seed dormancy','Duration of seed dormancy.',NULL,0,0),(20013,1010,'Growth habit','A qualitative description of the growth habit of the plant.',NULL,0,0),(20014,1010,'Hairiness on mainstem','Morphological character measuring density of hairs on main stem.',NULL,0,0),(20015,1010,'Hairiness on mature leaflet','Morphological character measuring density of hairs on leaf.',NULL,0,0),(20016,1010,'Haulm Weight','Haulm Weight',NULL,0,0),(20017,1010,'Haulm yield','Haulm yield',NULL,0,0),(20018,1010,'Insect pest damage','Damage caused by insect pest.',NULL,0,0),(20020,1010,'Plant leaf weight','Total leaves weight per plant.',NULL,0,0),(20021,1010,'Leaf Area','A quantitive measurement of whole plant leaf area',NULL,0,0),(20022,1010,'Leaf color','A qualitative expression of leaf color.',NULL,0,0),(20023,1010,'Leaf Potassium content','Leaf potassium content.',NULL,0,0),(20024,1010,'Leaf shape','Visual appearance of leaf shape.',NULL,0,0),(20025,1010,'Leaf size','Size of the leaf.',NULL,0,0),(20026,1010,'Leaf Sodium content','Leaf sodium content.',NULL,0,0),(20028,1010,'Leaf weight','Weight of leaf.',NULL,0,0),(20029,1010,'Marking on standard petal','A quantitative appearance of wing petal.',NULL,0,0),(20030,1010,'Plant branch number','Number of branches per plant.',NULL,0,0),(20031,1010,'Seed oil content','Oil content of seeds.',NULL,0,0),(20032,1010,'Seed Oleic / Linoleic acid ratio','Ratio of oleic /linoleic acid content in seeds',NULL,0,0),(20033,1010,'Plant peg number','Number of pegs per plant.',NULL,0,0),(20034,1010,'Peg pigmentation','A qualitative trait indicating pigmentation in the peg.',NULL,0,0),(20035,1010,'Pod beak','Tip of the pod.',NULL,0,0),(20036,1010,'Pod constriction','A qualitative trait indicating shape of pod.',NULL,0,0),(20037,1010,'Plant pod number','Number of pods per plant.',NULL,0,0),(20038,1010,'Pod reticulation','Reticulation (venation, ribbing, ridging) on the shell of the pod',NULL,0,0),(20039,1010,'Pod ridge','Texture of each seed in pod.',NULL,0,0),(20040,1010,'Pod shell thickness','A quantitative measurement of pod thickness.',NULL,0,0),(20041,1010,'Pod size','Length of pod.',NULL,0,0),(20042,1010,'Plant pod weight','Weight of pods per plant.',NULL,0,0),(20043,1010,'Pod Yield','Weight of pods per unit area, plot or plant',NULL,0,0),(20044,1010,'Specific Leaf Area pre-treatment','Leaf area/leaf weight pre-treatment',NULL,0,0),(20045,1010,'Seed protein content','Protein content of seeds.',NULL,0,0),(20046,1010,'REL HUMIDITY',NULL,NULL,0,0),(20047,1010,'Root biomass','Root dry weight of a sample.',NULL,0,0),(20048,1010,'Root depth','Maximum rooting depth.',NULL,0,0),(20049,1010,'Root diameter','Root diameter.',NULL,0,0),(20050,1010,'Root length','Root length of a sample.',NULL,0,0),(20051,1010,'Root to Shoot Ratio','Root/shoot dryweight ratio.',NULL,0,0),(20052,1010,'Rust severity','Rust disease severity caused by Puccinia arachidis.',NULL,0,0),(20053,1010,'Seed appearance and uniformity','Appearance of seeds and their uniformity.',NULL,0,0),(20054,1010,'Seed color','A qualitative trait indicating seed coat color.',NULL,0,0),(20055,1010,'Seed ends','A qualitative trait indicating seed end shape.',NULL,0,0),(20056,1010,'Plant seed number','Number of seeds per plant.',NULL,0,0),(20057,1010,'Seed shape','A qualitative trait indicating seed shape.',NULL,0,0),(20058,1010,'Seed size','A trait indicating seed size.',NULL,0,0),(20059,1010,'Pod seed number','Number of seeds per pod.',NULL,0,0),(20060,1010,'Shelling ratio','Proportion of kernel weight to total pod weight.',NULL,0,0),(20061,1010,'shoot dry weight',NULL,NULL,0,0),(20062,1010,'SOIL TEMPERATURE',NULL,NULL,0,0),(20063,1010,'Seed sound mature proportion','Proportion of mature seed to total seed weight.',NULL,0,0),(20064,1010,'SPAD','A qualitative measurement of leaf chlorophyll content',NULL,0,0),(20066,1010,'STD WEEK',NULL,NULL,0,0),(20067,1010,'Stem pigmentation','A qualitative trait indicating the extent of anthocyanin pigmentation in the plant',NULL,0,0),(20068,1010,'Stem Potassium content','Stem potassium content.',NULL,0,0),(20069,1010,'Stem Sodium content','Stem sodium content.',NULL,0,0),(20070,1010,'Plant stem weight','Weight of stems per plant.',NULL,0,0),(20071,1010,'Transpiration efficiency','The amount of water used for the amount of biomass production.',NULL,0,0),(20072,1010,'Veg Biomass Dry Weight','Veg Biomass Dry Weight',NULL,0,0),(20073,1010,'Veg Weight','Veg Weight',NULL,0,0),(20074,1010,'WATER SOURCE','The nearest source of water in the experimental field',NULL,0,0),(20075,1010,'WIND VELOCITY',NULL,NULL,0,0),(20076,1010,'Biomass','Total weight of the whole plant.',NULL,0,0),(20077,1010,'Harvest index','Proportion of seed yield over total biomass yield.',NULL,0,0),(20078,1010,'Harvest time','Harvest time usually recorded as days from sowing or date.',NULL,0,0),(22287,1030,'°C','-',NULL,0,0),(22288,1030,'cal/cm²','-',NULL,0,0),(22289,1030,'Check No.','-',NULL,0,0),(22290,1030,'Check Tag','-',NULL,0,0),(22291,1030,'cm2','cm2',NULL,0,0),(22292,1030,'cm2/g','cm2/g',NULL,0,0),(22293,1030,'DATE','-',NULL,0,0),(22294,1030,'Date (mm/dd/yyyy)','-',NULL,0,0),(22295,1030,'day','day',NULL,0,0),(22296,1030,'g/kg water','g/kg water',NULL,0,0),(22297,1030,'g/m2','g/m2',NULL,0,0),(22299,1030,'gm/m2','-',NULL,0,0),(22300,1030,'gr/m2','-',NULL,0,0),(22301,1030,'Kmph','-',NULL,0,0),(22302,1030,'m/s','-',NULL,0,0),(22303,1030,'mj/m2','-',NULL,0,0),(22304,1030,'Month','-',NULL,0,0),(22305,1030,'Month no.','-',NULL,0,0),(22306,1030,'Months','-',NULL,0,0),(22307,1030,'no/plant','-',NULL,0,0),(22309,1030,'NurseryType','-',NULL,0,0),(22310,1030,'CCI','CCI',NULL,0,0),(22311,1030,'Tag','-',NULL,0,0),(22312,1030,'Variety Group','-',NULL,0,0),(22313,1030,'Year (yy)','-',NULL,0,0),(22314,1020,'Annual','Total rainfall for the year',NULL,0,0),(22315,1020,'Average for the month','Take average of daily temperature over the whole month',NULL,0,0),(22316,1020,'Average Maximum','Take average of maximum daily temperature over the whole month',NULL,0,0),(22317,1020,'Average Minimum','Take average of minimum daily temperature over the whole month',NULL,0,0),(22318,1020,'calculating the leaf area using leaf area meter','calculating the leaf area using leaf area meter',NULL,0,0),(22319,1020,'Leaf Delta 13C - Method','Carbon isotope discrimination ratio, measured on the dried and ground leaves of the drought set of plants.',NULL,0,0),(22320,1020,'Collection Site','-',NULL,0,0),(22321,1020,'Plant branch number - Method','Count number of branches per plant.',NULL,0,0),(22322,1020,'Fresh seed dormancy - Method','Count number of days that seeds remain dormant.',NULL,0,0),(22323,1020,'Count number of days to harvest','Count number of days to harvest',NULL,0,0),(22324,1020,'Count number of plants per plot that remain alive','Count number of plants per plot that remain alive at the end of the cycle',NULL,0,0),(22325,1020,'Pod seed number - Method','Count number of seeds per pod.',NULL,0,0),(22326,1020,'Plant pod number - Method','Count number of pods per plant.',NULL,0,0),(22327,1020,'Plant peg number - Method','Counting number of gynophor per plant.',NULL,0,0),(22328,1020,'Counting the number of pods','-',NULL,0,0),(22329,1020,'Cumulated transpiration over the entire experiment','Cumulated transpiration over the entireexperimental period, I.e. between the start of stress imposition til harvest. Transpiration data were obtained from weighing pots on regular basis (see protocol), and taking into account possible water additions to',NULL,0,0),(22330,1020,'Daily','Rainfall readingfor the day',NULL,0,0),(22331,1020,'Days to 75% flowering - Method','Count number of days from sowing to when 75% of the plants have flowered.',NULL,0,0),(22332,1020,'Growth habit - Method','Growth habit assessment.',NULL,0,0),(22333,1020,'Seed Oil content  - Method','Determine content of oil in kernels as measured by Soxhlet method, NMR or NIRs.',NULL,0,0),(22334,1020,'Difference of total biomas and pod yield','Difference of total biomas and pod yield',NULL,0,0),(22335,1020,'Field Layout','-',NULL,0,0),(22336,1020,'Greenhouse Evaluation','Designed for greenhouse experiment',NULL,0,0),(22337,1020,'Laboratory','Experiment designed for laboratory conditions',NULL,0,0),(22338,1020,'leaf area in cm2','leaf area in cm2',NULL,0,0),(22339,1020,'Measuring the diameter of the widest part','Measuring the diameter of the widest part of the root',NULL,0,0),(22340,1020,'Measuring the distance from the base to the tip','Measuring the distance from the base to the tip of the main stem',NULL,0,0),(22341,1020,'Measuring the distance from the widest branch','Measuring the distance from the widest branch to the other extreme of the canopy',NULL,0,0),(22342,1020,'Measuring the length of the tap root','Measuring the length of the tap root',NULL,0,0),(22343,1020,'Total root length - Method','Measuring the total length of the root in the plant or sample.',NULL,0,0),(22344,1020,'Root biomass - Method','Measuring total roots weight.',NULL,0,0),(22345,1020,'Monthly','Total amount of rainfall for the month',NULL,0,0),(22346,1020,'Days to 75% emergence - Method','Count number of days from sowing to when 75% of the plants have emerged.',NULL,0,0),(22347,1020,'Planting in Rows','For transplanted rice and direct seeded rice planted in rows',NULL,0,0),(22348,1020,'Leaf Potassium - Method','Measurement of leaf Potassium content.',NULL,0,0),(22349,1020,'Proportion of kernel weight to total pod weight','Calculate the proportion of kernel weight to total pod weight expressed as a %',NULL,0,0),(22350,1020,'Seed sound mature proportion - Method','Proportion of mature seed to total seed weight',NULL,0,0),(22351,1020,'Seed Protein content - Method','Proximate analysis.',NULL,0,0),(22352,1020,'Harvest index - Method','Calculate ratio between the grain yield and the total biomass.',NULL,0,0),(22353,1020,'Oleic / Linoleic acid ratio - Method','Calculate ratio between the oleic and linoleic acid contents in the kernel.',NULL,0,0),(22354,1020,'Root to shoot ratio - Method','Ratio of the weight of the above ground biomass to that of the below ground biomass',NULL,0,0),(22355,1020,'SCMR','SCMR (SPAD (Soil  Plant Analytical Development) Chlorophyll Meter Readings). Unitless measurement, averaged over 4 leaflets of the most fully expanded leaf in the main stem, taken onthe drought set of plants 10 days after imposing the stress and correspo',NULL,0,0),(22356,1020,'Leaf Sodium content - Method','Measurement of leaf Sodium content.',NULL,0,0),(22357,1020,'Stem Sodium content - Method','Measurement of stem Sodium content.',NULL,0,0),(22358,1020,'Specific Leaf Area - Method - At harvest','Calculation of specific leaf area as the leaf weight/leaf area ratio.',NULL,0,0),(22359,1020,'Transpiration efficiency - Method','TE (transpiration efficiency, in grams of biomass produced per kilogram of water transpired), computed as the ratio between the biomass increase during the experiment period (biomass at final harvest minus biomass of pre-treatment set), divided by the cumulated transpiration during the period.',NULL,0,0),(22360,1020,'Test Site','-',NULL,0,0),(22361,1020,'Biomass DW - Method','Biomass dry weight of plants or sampled area.',NULL,0,0),(22362,1020,'Insect pest score  - Method','Severity assessment of insect pest damage.',NULL,0,0),(22363,1020,'Seed appearance and uniformity - Method','Seed appearanceand uniformity assessment.',NULL,0,0),(22364,1020,'Branching habit  - Method','Branching habit assessment.',NULL,0,0),(22365,1020,'Visual scoring based on a scale from 1-9','Visual scoring based on a scale from 1-9 for leafspots and rust',NULL,0,0),(22366,1020,'Rosette disease incidence - Method','Assessment of diseased as proportion of the total number of plants.',NULL,0,0),(22367,1020,'Visual scoring of the appearance of seeds','Visual scoring of the appearance of seeds and their uniformity',NULL,0,0),(22368,1020,'100 seed weight - Method','Weighing of hundred kernels (seeds).',NULL,0,0),(22369,1020,'Pod weight per plant - Method','Weighing pods DW per plant.',NULL,0,0),(22370,1020,'Kernel yield of plants  - Method','Weigh total kernel mass per plot after shelling',NULL,0,0),(22371,1020,'Weighing the counted pods','-',NULL,0,0),(22372,1020,'Pod yield weighing - Method','Weighing total pods mass per harvestedplot or plant.',NULL,0,0),(22373,1020,'Weight of kernels per plot under drought stress','Weight of kernels per plot under drought stress',NULL,0,0),(22374,1020,'Weight of pods per plot under drought stress','Weight of pods per plot under drought stress',NULL,0,0),(22375,1020,'Whole plant leaf area - Method','Measurement of whole plant leaf area.',NULL,0,0),(22376,1020,'Stem weight per plant -Method','Weighing of DW stems from a plant.',NULL,0,0),(22377,1020,'Leaf weight of 2 leaves - Method','Weighing of two fully expanded leaves before harvest.',NULL,0,0),(22378,1010,'Treatment factor','Treatment factor',NULL,0,0),(22379,1030,'Week number','Week number',NULL,0,0),(22380,1040,'DATE','-',NULL,0,0),(22382,1040,'SET','-',NULL,0,0),(22383,1040,'STD WEEK','-',NULL,0,0),(22384,1040,'TREATMENT','-',NULL,0,0),(22385,1030,'No. of hours','Number of hours',NULL,0,0),(22386,1040,'BM_DW_g','Biomass BY Biomass DW - Method IN g',NULL,0,0),(22388,1040,'D13C_M_ratio','Leaf Carbon isotope discrimination BY Leaf Delta 13C - Method IN ratio',NULL,0,0),(22389,1040,'DRO_E_pct','Rosette disease incidence BY Rosette disease incidence - Method IN %',NULL,0,0),(22390,1040,'ELS_E_1to9','Early leaf spot severity BY Early leaf spot severity - Method IN 1-9 Disease score',NULL,0,0),(22391,1040,'EVAPORATION','EVAPORATION',NULL,0,0),(22395,1040,'Haulmwt','Haulmwt',NULL,0,0),(22396,1040,'HI_Calc_ratio','Harvest index BY Harvest index - Method IN ratio',NULL,0,0),(22397,1040,'LA_Plant_cm2','Leaf area BY Whole plant leaf area - Method IN cm2',NULL,0,0),(22399,1040,'PlntLW_PPDW_g','Plant leaf weight BY Leaf weight per plant - Method IN g',NULL,0,0),(22401,1040,'MAXTEMP','MAXTEMP',NULL,0,0),(22402,1040,'MINTEMP','MINTEMP',NULL,0,0),(22403,1040,'PlntPN_Ct_pod','Plant pod number BY Plant pod number - Method IN pod',NULL,0,0),(22405,1040,'PlntPW_PPDW_g','Plant pod weight BY Pod weight per plant - Method IN g',NULL,0,0),(22408,1040,'RADIATION','RADIATION',NULL,0,0),(22409,1040,'RAIN','RAIN',NULL,0,0),(22410,1040,'REL HUMIDITY  AT 07','REL HUMIDITY  AT 07',NULL,0,0),(22411,1040,'REL HUMIDITY  AT 13','REL HUMIDITY  AT 13',NULL,0,0),(22412,1040,'REL HUMIDITY  AT 14','REL HUMIDITY  AT 14',NULL,0,0),(22413,1040,'Rust_E_1to9','Rust severity BY Rust severity - Method IN 1-9 Disease score',NULL,0,0),(22414,1040,'PlntSN_Ct_seed','Plant seed number BY Plant seed number  - Method IN seed',NULL,0,0),(22416,1040,'SHWT','SHWT',NULL,0,0),(22417,1040,'SLA_Calc_cm2g','Specific leaf area BY Specific Leaf Area - Method IN cm2/g',NULL,0,0),(22419,1040,'SLAP_Calc_cm2_Tptreat','Specific leaf area BY Specific Leaf Area - Method -Pretreatment IN cm2/g',NULL,0,0),(22420,1040,'SLW','SLW',NULL,0,0),(22421,1040,'SPAD1','A qualitative measurement of leaf chlorophyll content',NULL,0,0),(22422,1040,'SPAD2','A qualitative measurement of leaf chlorophyll content',NULL,0,0),(22423,1040,'SPAD3','A qualitative measurement of leaf chlorophyll content',NULL,0,0),(22424,1040,'SPAD4','A qualitative measurement of leaf chlorophyll content',NULL,0,0),(22425,1040,'Chl_M_CCI_T7d','Leaf chlorophyll content BY Leaf chlorophyll content - Method - At 7 days after treatment IN CCI',NULL,0,0),(22426,1040,'Chl_M_CCI_Tharv','Leaf chlorophyll content BY Leaf chlorophyll content - Method - At harvest IN CCI',NULL,0,0),(22427,1040,'Chl_M_CCI_Tptreat','Leaf chlorophyll content BY Leaf chlorophyll content - Method - At pretreatment IN CCI',NULL,0,0),(22428,1040,'Chl_M_CCI_Tstart','Leaf chlorophyll content BY Leaf chlorophyll content - Method - At start IN CCI',NULL,0,0),(22429,1040,'ST05 AT 07','ST05 AT 07',NULL,0,0),(22430,1040,'ST05 AT 13','ST05 AT 13',NULL,0,0),(22431,1040,'ST10 AT 07','ST10 AT 07',NULL,0,0),(22432,1040,'ST10 AT 13','ST10 AT 13',NULL,0,0),(22433,1040,'SUNSHINE','SUNSHINE',NULL,0,0),(22434,1040,'PlntStW_PPDW_g','Plant stem weight BY Stem weight per plant - Method IN g',NULL,0,0),(22437,1040,'TE_Calc_gkgH2O','Transpiration efficiency BY Transpiration efficiency - Method IN g/kgwater',NULL,0,0),(22439,1040,'TP_M_g','Transpiration BY Transpiration - Method IN g',NULL,0,0),(22440,1040,'BM_DW_g_Tveg','Biomass BY Biomass DW - Method - At vegetative stage IN g',NULL,0,0),(22441,1040,'BM_FW_g_Tveg','Biomass BY Biomass FW - Method - At vegetative stage IN g',NULL,0,0),(22442,1040,'WIND VELOCITY','WIND VELOCITY',NULL,0,0),(22443,1030,'Rating','Rating',NULL,0,0),(22444,1020,'Leaf chlorophyll content - Method - At 7 days after treatment','SCMR (SPAD (Soil Plant Analytical Development) Chlorophyll Meter Readings). Unitless measurement, averaged over 4 leaflets of the most fully expanded leaf in the main stem.',NULL,0,0),(22445,1020,'Leaf chlorophyll content - Method - At harvest','SCMR (SPAD (Soil Plant Analytical Development) Chlorophyll Meter Readings). Unitless measurement, averaged over 4 leaflets of the most fully expanded leaf in the main stem.',NULL,0,0),(22446,1020,'Leaf chlorophyll content - Method - At start','SCMR (SPAD (Soil Plant Analytical Development) Chlorophyll Meter Readings). Unitless measurement, averaged over 4 leaflets of the most fully expanded leaf in the main stem.',NULL,0,0),(22447,1040,'B_E_1to5','Pod beak BY Pod beak - MethodIN 1-5 Pod beak score',NULL,0,0),(22448,1040,'BH_E_1to4','Branching habit BY Branching habit  - Method IN 1-4 Branching score',NULL,0,0),(22450,1040,'PlntBN_Ct_br','Plant branch number BY Plant branch number - Method IN branch',NULL,0,0),(22452,1040,'Con_E_1to5','Pod constriction BY Pod constriction - Method IN 1-5 Pod constriction score',NULL,0,0),(22454,1040,'Em_DT_day','Emergence time BY Days to 75% emergence - Method IN day',NULL,0,0),(22455,1040,'Flw_DT_day','Flowering time BY Days to 75% flowering - Method IN day',NULL,0,0),(22458,1040,'DS_E_1to5','General disease severity BY General disease severity  - Method IN 1-5 Disease score',NULL,0,0),(22459,1040,'FC_E_1to4','Flower standard petal color BY Flower standard petal color - Method IN 1-4 Flower Std Petal color score',NULL,0,0),(22460,1040,'FCC_E_1to4','Flower crescent color  BY Flower crescent color - Method IN 1-4 Flower Crescent color score',NULL,0,0),(22462,1040,'FSD_Ct_day','Fresh seed dormancy BY Fresh seed dormancy - Method IN day',NULL,0,0),(22463,1040,'GH_E_1to6','Growth habit BY Growth habit - Method IN 1-6 Growth habit score',NULL,0,0),(22465,1040,'HMSt_E_0to1','Hairiness on mainstem BY Hairiness on mainstem - Method IN 0-1 Stem haireness score',NULL,0,0),(22466,1040,'HML_E_1to6','Hairiness on mature leaflet BY Hairiness on matureleaflet - Method IN 1-6 Leaflet haireness score',NULL,0,0),(22467,1040,'SW_100S_g','Seed weight BY 100 seed weight - Method IN g',NULL,0,0),(22468,1040,'HYLD','Haulm yield',NULL,0,0),(22469,1040,'IPS_E_0to1','Insect pest damage BY Insect pest score  - Method IN 0-1 pest damage score',NULL,0,0),(22472,1040,'LC_E_1to4','Leaf color BY Leaf color - Method IN 1-4 Leaf color score',NULL,0,0),(22473,1040,'LS_E_1to3','Leaf size BY Leaf size - Method IN 1-3 Leaf size score',NULL,0,0),(22474,1040,'LSp_E_1to5','Leaf shape BY Leaf shape - Method IN 1-5 Leaf shape score',NULL,0,0),(22475,1040,'MSP_E_1to4','Marking on standard petal BY Marking on standard petal  -Method IN 1-4 Marking on standard petal score',NULL,0,0),(22476,1040,'Oil_M_pct','Seed oil content BY Seed Oil content  - Method IN%',NULL,0,0),(22477,1040,'Prot_pct','Seed protein content BY Seed Protein content - Method IN %',NULL,0,0),(22478,1040,'PlntPegN_Ct_peg','Plant peg number BY Plant peg number - Method IN peg',NULL,0,0),(22480,1040,'PegPig_E_0to1','Peg pigmentation BY Peg pigmentation - Method IN 0-1 Peg pigmentation score',NULL,0,0),(22481,1040,'PSz_E_1to5','Pod size BY Pod size - Method IN 1-5 Pod size score',NULL,0,0),(22483,1040,'PY_M_gPlot','Pod yield BY Pod yield weighing - Method IN g/plot',NULL,0,0),(22485,1040,'R_E_1to3','Pod ridge BY Pod ridge - Method IN 1-3 Pod ridge score',NULL,0,0),(22486,1040,'RL_1_4','Pod reticulation BY Pod reticulation - Method IN 1-4Pod reticulation score',NULL,0,0),(22487,1040,'SAU_E_1to3','Seed appearance and uniformity BY Seed appearance and uniformity - Method IN 1-3 Seed appearance score',NULL,0,0),(22488,1040,'SC_E_1to6','Seed color BY Seed color - Method IN 1-6 Seed color score',NULL,0,0),(22489,1040,'SH_Calc_pct','Shelling ratio BY Pod shelling ratio - Method IN %',NULL,0,0),(22490,1040,'SM_Calc_pct','Seed sound mature proportion BY Seed sound mature proportion - Method IN %',NULL,0,0),(22491,1040,'StPig_E_1to4','Stem pigmentation BY Stem pigmentation - Method IN 1-4 Stem pigmentation score',NULL,0,0),(22495,1040,'PSN_Ct_1to3','Pod seed number BY Pod seed number - Method IN 1-3 Seed per pod score',NULL,0,0),(22496,1040,'SSz_E_1to3','Seed size BY Seed size - Method IN 1-3 Seed size score',NULL,0,0),(22497,1040,'ST_E_1to4','Pod shell thickness BY Pod shell thickness - Method IN 1-4 Pod shell thickness score',NULL,0,0),(22498,1040,'CylNo','CylNo',NULL,0,0),(22499,1010,'Cylno','Cylno',NULL,0,0),(22500,1020,'Transpiration - Method','Cumulated transpiration over the entire experimental period, i.e. from stress imposition to harvest. Transpiration data obtained from weighing pots on regular basis(see protocol), and taking into account possible water additions to the pots.',NULL,0,0),(22505,1040,'PY_M_gPlnt','Pod Yield BY Pod yield weighing - Method IN g/plant',NULL,0,0),(22506,1040,'CG_E_1to8','Cultivar group BY Cultivar group - Method IN 1-8 Cultivar group score',NULL,0,0),(22511,1010,'Leaf chlorophyll content','A measurement of leaf chlorophyll content.',NULL,0,0),(22527,1020,'Cultivar group - Method','Cultivar group assessment.',NULL,0,0),(22528,1030,'0-1 Peg pigmentation score','0-1 Peg pigmentation score',NULL,0,0),(22529,1010,'Cultivar group','A classification of varieties of groundnut.',NULL,0,0),(22530,1010,'DATE','DATE',NULL,0,0),(22533,20001,'1','1= V=  Virginia',NULL,0,0),(22534,20001,'2','2= M=  Matevere',NULL,0,0),(22535,20001,'3','3= G=  Georgia',NULL,0,0),(22536,20001,'4','4= N=  Nambyquare',NULL,0,0),(22537,20001,'5','5= V=  Valencia',NULL,0,0),(22538,20001,'6','6= S=  Spanish',NULL,0,0),(22539,20001,'7','7= NI=  Natal',NULL,0,0),(22540,20001,'8','8= Mm=  Manyema',NULL,0,0),(22541,1020,'REL HUMIDITY  AT 07 - method','REL HUMIDITY  AT 07',NULL,0,0),(22542,1020,'REL HUMIDITY  AT 13 - method','REL HUMIDITY  AT 13',NULL,0,0),(22543,1020,'REL HUMIDITY  AT 14 - method','REL HUMIDITY  AT 14',NULL,0,0),(22544,1020,'ST05 AT 07 - Method','ST05 AT 07',NULL,0,0),(22545,1020,'ST05 AT 13- Method','ST05 AT 13',NULL,0,0),(22546,1020,'ST10 AT 07 - Method','ST10 AT 07',NULL,0,0),(22547,1020,'ST10 AT 13 - Method','ST10 AT 13',NULL,0,0),(22548,1020,'SPAD - Method 1','SPAD 1st measurement',NULL,0,0),(22549,1020,'SPAD - Method 2','SPAD 2nd measurement',NULL,0,0),(22550,1020,'SPAD - Method 3','SPAD 3rd measurement',NULL,0,0),(22551,1020,'SPAD - Method 4','SPAD 4th measurement',NULL,0,0),(22552,1010,'Specific leaf area','Specific leaf area as leaf area/leaf weight ratio.',NULL,0,0),(22555,1030,'peg','peg',NULL,0,0),(22556,1030,'pod','pod',NULL,0,0),(22557,20002,'1',' S=  Small',NULL,0,0),(22558,20002,'2',' M=  Medium',NULL,0,0),(22559,20002,'3',' ML=  Medium Large',NULL,0,0),(22560,20002,'4',' L=  Large',NULL,0,0),(22561,20002,'5',' VL=  Very Large',NULL,0,0),(22562,1030,'1-3 Seed per pod score','1-3 Seed per pod score',NULL,0,0),(22563,20003,'1','  2-1',NULL,0,0),(22564,20003,'2','  2-1-3',NULL,0,0),(22565,20003,'3','  2-3-4-1',NULL,0,0),(22566,1040,'CH_M_cm','Canopy height BY Canopy height - Method IN cm',NULL,0,0),(22567,1040,'CW_M_cm','Canopy width BY Canopy width - Method IN cm',NULL,0,0),(22568,1020,'Canopy height - Method','Measuring the distance from the base to the tip of the main stem.',NULL,0,0),(22569,1020,'Canopy width - Method','Measuring the distance from the widest branch to the other extreme of the canopy',NULL,0,0),(22572,1020,'Leaf weight per plant - Method','Weighing of DW leaves from a plant.',NULL,0,0),(22573,1040,'PSz_E_cm','Pod size BY Pod size measurement- Method IN cm',NULL,0,0),(22574,1020,'Pod size measurement- Method','Measuring length of pod.',NULL,0,0),(22576,1040,'PY_Calc_gm2','Pod yield BY Pod yield g/m2 calculation - Method IN g/m2',NULL,0,0),(22577,1040,'RBM_M_g','Root biomass BY Root biomass - Method IN g',NULL,0,0),(22578,1040,'RSR_ratio','Root to Shoot Ratio BY Root to shoot ratio - Method IN ratio',NULL,0,0),(22579,1020,'Pod shelling ratio - Method','Proportion of kernel weight to total pod weight expressed as a %',NULL,0,0),(22580,1020,'General disease severity  - Method','General disease severity assessment.',NULL,0,0),(22581,1030,'1-5 Disease score','1-5 Disease score',NULL,0,0),(22582,20004,'1','  no disease',NULL,0,0),(22583,20004,'2','  disease with low symptoms',NULL,0,0),(22584,20004,'3','  disease with medium symptoms',NULL,0,0),(22585,20004,'4','  disease with high sysmptoms',NULL,0,0),(22586,20004,'5','  No recovery',NULL,0,0),(22587,1030,'0-1 pest damage score','0-1 pest damage score',NULL,0,0),(22588,20005,'0',' no damage',NULL,0,0),(22590,20005,'1',' severe damage',NULL,0,0),(22591,20006,'1','  excellent and uniform',NULL,0,0),(22592,20006,'2','  poor appearance and poor uniformi',NULL,0,0),(22593,20006,'3','  wrinkle appearance',NULL,0,0),(22594,20007,'1','1= SQ=  Sequential',NULL,0,0),(22595,20007,'2','2= AL=  Alternate',NULL,0,0),(22596,20007,'3','3= IB-1=  Irregular with flowers on m',NULL,0,0),(22597,20007,'4','4= IB-2=  Irregular without flowers o',NULL,0,0),(22598,1020,'Flower crescent color - Method','Flower crescent color  assessment.',NULL,0,0),(22599,1020,'Flower standard petal color - Method','Flower standard petal color assessment.',NULL,0,0),(22600,20008,'1',' Y=  Yellow',NULL,0,0),(22601,20008,'2',' O=  Orange',NULL,0,0),(22602,20008,'3',' R=  Red',NULL,0,0),(22603,20008,'4',' P=  Purple',NULL,0,0),(22604,20009,'1',' Y=  Yellow',NULL,0,0),(22605,20009,'2',' O=  Orange',NULL,0,0),(22606,20009,'3',' G=  Garnet',NULL,0,0),(22607,20009,'4',' W=  White',NULL,0,0),(22608,20010,'1',' P1=  Procumbent -1',NULL,0,0),(22609,20010,'2',' P2=  Procumbent-2',NULL,0,0),(22610,20010,'3',' D1=  Decumbent -1',NULL,0,0),(22611,20010,'4',' D2=  Decumbent -2',NULL,0,0),(22612,20010,'5',' D3=  Decumbent -3',NULL,0,0),(22613,20010,'6',' Er=  Erect',NULL,0,0),(22614,1020,'Hairiness on mainstem - Method','Hairiness on mainstem assessment.',NULL,0,0),(22615,20011,'0',' S=  Scarce',NULL,0,0),(22617,20011,'1',' A=  Abundant',NULL,0,0),(22618,1020,'Hairiness on mature leaflet - Method','Hairiness on mature leaflet assessment.',NULL,0,0),(22619,20012,'1',' G=  Almost glarous',NULL,0,0),(22620,20012,'2',' SS=  Sparse & Short',NULL,0,0),(22621,20012,'3',' SL=  Sparse & Long',NULL,0,0),(22622,20012,'4',' PS=  Profuse & Short',NULL,0,0),(22623,20012,'5',' PL=  Profuse & Long',NULL,0,0),(22624,20012,'6',' Ot=  Others',NULL,0,0),(22625,1020,'Leaf color - Method','Leaf color assessment.',NULL,0,0),(22626,20013,'1',' DG=  Dark green',NULL,0,0),(22627,20013,'2',' G=  Green',NULL,0,0),(22628,20013,'3',' LG=  Light Green',NULL,0,0),(22629,20013,'4',' LY=  Light Yellow',NULL,0,0),(22630,1020,'Leaf shape - Method','Leaf shape assessment.',NULL,0,0),(22631,20014,'1',' C=  Cuneate',NULL,0,0),(22632,20014,'2',' OC=  Obcuneat',NULL,0,0),(22633,20014,'3',' E=  Elliptic',NULL,0,0),(22634,20014,'4',' L=  Lanceolate',NULL,0,0),(22635,20014,'5',' Ot=  Others',NULL,0,0),(22636,1020,'Leaf size - Method','Leaf sizeassessment.',NULL,0,0),(22637,20015,'1',' S=  Small',NULL,0,0),(22638,20015,'2',' M=  Medium',NULL,0,0),(22639,20015,'3',' L=  Large',NULL,0,0),(22640,1020,'Marking on standard petal  - Method','Marking on standard petal assessment.',NULL,0,0),(22641,20016,'1',' Y=  Yellow',NULL,0,0),(22642,20016,'2',' O=  Orange',NULL,0,0),(22643,20016,'3',' G=  Garnet',NULL,0,0),(22644,20016,'4',' W=  White',NULL,0,0),(22645,1020,'Peg pigmentation - Method','Peg pigmentation assessment.',NULL,0,0),(22646,1020,'Pod beak - Method','Pod beak assessment.',NULL,0,0),(22647,20017,'1','1= A=  Absent',NULL,0,0),(22648,20017,'2','2= SI=  Slight',NULL,0,0),(22649,20017,'3','3= M=  Moderate',NULL,0,0),(22650,20017,'4','4= P=  Prominent',NULL,0,0),(22651,20017,'5','5= VP=  Very Prominent',NULL,0,0),(22652,1020,'Pod constriction - Method','Pod constriction assessment.',NULL,0,0),(22653,20018,'1',' A=  Absent',NULL,0,0),(22654,20018,'2','SI=  Slight',NULL,0,0),(22655,20018,'3',' M=  Moderate',NULL,0,0),(22656,20018,'4',' D=  Deep',NULL,0,0),(22657,20018,'5',' VD=  Very Deep',NULL,0,0),(22658,1020,'Pod reticulation - Method','Pod reticulation assessment.',NULL,0,0),(22659,20019,'1',' Sm=  Smooth',NULL,0,0),(22660,20019,'2',' SI=  Slight',NULL,0,0),(22661,20019,'3',' M=  Moderate',NULL,0,0),(22662,20019,'4',' P=  Prominent',NULL,0,0),(22663,1020,'Pod ridge - Method','Pod ridge assessment.',NULL,0,0),(22664,20020,'1',' A=  Absent',NULL,0,0),(22665,20020,'2',' M=  Moderate',NULL,0,0),(22666,20020,'3',' P=  Prominent',NULL,0,0),(22667,1020,'Pod shell thickness - Method','Pod shell thickness assessment.',NULL,0,0),(22668,20021,'1',' T=  Thin',NULL,0,0),(22669,20021,'2',' M=  Medium',NULL,0,0),(22670,20021,'3',' Tk=  Thick',NULL,0,0),(22671,20021,'4',' VTk=  Very Thick',NULL,0,0),(22672,1020,'Rooting depth - Method','Measuring length of tap root.',NULL,0,0),(22673,1040,'RD_M_cm','Root depth BY Rooting depth - Method IN cm',NULL,0,0),(22674,1020,'Root diameter  - Method','Measuring root diameter.',NULL,0,0),(22675,1040,'RDM_M_cm','Root diameter BY Root diameter  - Method IN cm',NULL,0,0),(22676,1020,'Seed color - Method','Seed color assessment.',NULL,0,0),(22677,20022,'1',' T=  Tan',NULL,0,0),(22678,20022,'2',' PT=  Pale Tan',NULL,0,0),(22679,20022,'3',' RT=  Rose Tan',NULL,0,0),(22680,20022,'4',' P=  Purple',NULL,0,0),(22681,20022,'5',' R=  Red',NULL,0,0),(22682,20022,'6',' V=  Variegated',NULL,0,0),(22683,1040,'RL_Total_m','Root length BY Total root length - Method IN m',NULL,0,0),(22684,1020,'Seed ends - Method','Seed ends assessment.',NULL,0,0),(22685,1040,'E_E_1to3','Seed ends BY Seed ends - Method IN 1-3 Seed ends score',NULL,0,0),(22686,20023,'1',' F=  Flat',NULL,0,0),(22687,20023,'2',' T=  Tapering',NULL,0,0),(22688,20023,'3',' PR=  Protruded radialends',NULL,0,0),(22689,1020,'Seed shape - Method','Seed shape assessment.',NULL,0,0),(22690,1040,'SSp_E_1to3','Seed shape BY Seed shape - Method IN 1-3 Seed shape score',NULL,0,0),(22691,20024,'1',' R=  Round',NULL,0,0),(22692,20024,'2',' F=  Flat',NULL,0,0),(22693,20024,'3',' E=  Elongated',NULL,0,0),(22694,1020,'Seed size - Method','Seed size assessment',NULL,0,0),(22695,20025,'1',' S=  Small',NULL,0,0),(22696,20025,'2',' M=  Medium',NULL,0,0),(22697,20025,'3',' ML=  Medium Large',NULL,0,0),(22698,1020,'Stem pigmentation - Method','Stem pigmentation assessment.',NULL,0,0),(22699,1040,'LW_2LDW_g','Leaf weight BY Leaf weight of 2 leaves - Method IN g',NULL,0,0),(22700,1010,'LA of 2 full leaves','Area of 2 Full leaves',NULL,0,0),(22701,1040,'LA_2LA_cm2','Leaf area BY Area of 2 fully expanded leaves - Method IN cm2',NULL,0,0),(22702,1020,'Area of 2 fully expanded leaves - Method','Measurement of two fully expanded leaves using leaf area.',NULL,0,0),(22705,1040,'KL_M_pct','Leaf Potassium content BY Leaf Potassium - Method IN %',NULL,0,0),(22706,1040,'KS_M_pct','Stem Potassium content BY Stem Potassium - Method IN %',NULL,0,0),(22707,1020,'Stem Potassium - Method','Measurement of stem Potassium content.',NULL,0,0),(22708,1040,'NaL_M_pct','Leaf Sodium content BY Leaf Sodium content - Method IN %',NULL,0,0),(22709,1040,'NaS_M_pct','Stem Sodium content BY Stem Sodium content - Method IN %',NULL,0,0),(22710,1040,'OLR_Calc_ratio','Seed Oleic / Linoleic acid ratio BY Oleic / Linoleic acid ratio - Method IN ratio',NULL,0,0),(22711,1010,'Time to flowering','Flowering time usually recorded as days from sowing or date.',NULL,0,0),(22712,1020,'Pod size - Method','Pod size assessment.',NULL,0,0),(22715,1040,'Harv_DT_day','Harvest time BY Days to harvest - Method IN day',NULL,0,0),(22716,1020,'Days to harvest - Method','Count numberof days from sowing to harvest.',NULL,0,0),(22718,1010,'Final plant stand','Plant population or plant density.',NULL,0,0),(22719,1040,'FPS_Ct_Plnt','Final plant stand BY Final plant stand  - Method IN plant/plot',NULL,0,0),(22720,1020,'Final plant stand  - Method','Count number of plants per plot that remain alive at the end of the cycle.',NULL,0,0),(22721,1030,'plant/plot','plant/plot',NULL,0,0),(22722,1040,'PY_Calc_kgha','Pod yield BY Pod yield kg/ha calculation - Method IN kg/ha',NULL,0,0),(22723,1040,'PY_Calc_tha','Pod yield BY Pod yield  t/ha calculation - Method IN t/ha',NULL,0,0),(22724,1010,'Seed Yield','Weight of seed per unit area, plot or plant',NULL,0,0),(22725,1020,'Seed yield g/m2 calculation - Method','Total seed (kernel) mass calculated as per unit area after shelling.',NULL,0,0),(22726,1020,'Plant seed weighing - Method','Weighing total seed (kernel) mass per plant after shelling.',NULL,0,0),(22727,1020,'Seed yield weighing - Method','Weighing total seed (kernel) mass per plot after shelling.',NULL,0,0),(22728,1040,'SY_Calc_gm2','Seed yield BY Seed yield g/m2 calculation - Method IN g/m2',NULL,0,0),(22729,1040,'PlntSW_PPDW_g','Plant seed weight BY Plant seed weighing - Method IN g',NULL,0,0),(22730,1040,'SY_M_gPlot','Seed yield BY Seed yield weighing - Method IN g/plot',NULL,0,0),(22731,1040,'SY_Calc_kgha','Seed yield BY Seed yield kg/ha calculation - Method IN kg/ha',NULL,0,0),(22732,1040,'SY_Calc_tha','Seed yield BY Seed yield t/ha calculation - Method IN t/ha',NULL,0,0),(22733,1020,'Early leaf spot severity - Method','Assessment of earlyleaf spot severity.',NULL,0,0),(22734,1030,'1-9 Disease score','1-9 Disease score',NULL,0,0),(22735,20026,'1',' Very highly resistant (immune)',NULL,0,0),(22736,20026,'2',' Highly resistant',NULL,0,0),(22737,20026,'3',' Moderately resistant',NULL,0,0),(22738,20026,'4',' Slightly resistant',NULL,0,0),(22739,20026,'5',' Intermediate',NULL,0,0),(22740,20026,'6',' Slightly susceptible',NULL,0,0),(22741,20026,'7',' Moderately susceptible',NULL,0,0),(22742,20026,'8',' Highly susceptible',NULL,0,0),(22743,20026,'9',' Very highlysusceptible (dead)',NULL,0,0),(22744,20027,'1',' Very highly resistant (immune)',NULL,0,0),(22745,20027,'2',' Highly resistant',NULL,0,0),(22746,20027,'3',' Moderately resistant',NULL,0,0),(22747,20027,'4',' Slightly resistant',NULL,0,0),(22748,20027,'5',' Intermediate',NULL,0,0),(22749,20027,'6',' Slightly susceptible',NULL,0,0),(22750,20027,'7',' Moderately susceptible',NULL,0,0),(22751,20027,'8',' Highly susceptible',NULL,0,0),(22752,20027,'9',' Very highly susceptible (dead)',NULL,0,0),(22753,1010,'Bud necrosis disease','Bud necrosis disease caused by agent peanut bud necrosis virus (PBNV)',NULL,0,0),(22754,1020,'Bud necrosis disease counting - Method','Count number of dead/affected plants.',NULL,0,0),(22755,1030,'plant','plant',NULL,0,0),(22756,1040,'BND_Ct_Plnt','Bud necrosis disease incidence BY Bud necrosis disease counting - Method IN plant',NULL,0,0),(22757,1040,'BND_Calc_pct','Bud necrosis disease incidence BY Bud necrosis disease incidence calculation - Method IN %',NULL,0,0),(22758,1010,'Collar rot','Collar rot caused by agentAspergillus niger',NULL,0,0),(22759,1020,'Collar rot  counting - Method','Count number of dead/affected plants.',NULL,0,0),(22760,1040,'CR_Ct_Plnt','Collar rot incidence BY Collar rot  counting - Method IN plant',NULL,0,0),(22761,1040,'CR_Calc_pct','Collar rot incidence BY Collar rot Incidence calculation - Method IN %',NULL,0,0),(22762,1010,'Late leaf spot severity','Late leaf spot disease severity caused by agent Phaeoisariopsis personata.',NULL,0,0),(22763,1040,'LLS_E_1to9','Late leaf spot  severity BY Late leaf spot severity - Method IN 1-9 Disease score',NULL,0,0),(22764,1010,'Stem rot','Stem rot caused by agent Sclerotium rolfsii ',NULL,0,0),(22765,1020,'Stem rot counting - Method','Count number of dead/affected plants.',NULL,0,0),(22766,1040,'StR_Ct_Plnt','Stem rot incidence BY Stem rot counting - Method IN plant',NULL,0,0),(22767,1040,'StR_Calc_pct','Stem rot incidence BY Stem rot incidence calculation- Method IN %',NULL,0,0),(22768,20028,'1',' Very highly resistant (immune)',NULL,0,0),(22769,20028,'2',' Highly resistant',NULL,0,0),(22770,20028,'3',' Moderately resistant',NULL,0,0),(22771,20028,'4',' Slightly resistant',NULL,0,0),(22772,20028,'5',' Intermediate',NULL,0,0),(22773,20028,'6',' Slightly susceptible',NULL,0,0),(22774,20028,'7',' Moderately susceptible',NULL,0,0),(22775,20028,'8',' Highly susceptible',NULL,0,0),(22776,20028,'9',' Very highly susceptible (dead)',NULL,0,0),(22777,1020,'Specific Leaf Area - Method -Pretreatment','Calculation of specific leaf area as the leaf weight/leaf area ratio.',NULL,0,0),(22778,1010,'Specific Leaf Areaat harvest (10d)','Leaf area/leaf weight at harvest',NULL,0,0),(22779,1040,'SLAH_cm2_g','Leaf area/leaf weight at harvest',NULL,0,0),(22780,1020,'Specific Leaf Area at harvest (10d) - Method','specific leaf area in cm2 per gram dry weight of leaf, calculated at harvest',NULL,0,0),(22781,1040,'Chl_M_CCI','Leaf chlorophyll content BY Leaf chlorophyll content - Method IN CCI',NULL,0,0),(22782,1020,'Leaf chlorophyll content - Method','SCMR (SPAD (Soil Plant Analytical Development) Chlorophyll Meter Readings). Unitless measurement, averaged over 4 leaflets of the most fully expanded leaf in the main stem.',NULL,0,0),(22783,1020,'Leaf chlorophyll content - Method - At pretreatment','SCMR (SPAD (Soil Plant Analytical Development) Chlorophyll Meter Readings). Unitless measurement, averaged over 4 leaflets of the most fully expanded leaf in the main stem.',NULL,0,0),(22784,20029,'0','0= absent',NULL,0,0),(22785,20029,'1','1= present',NULL,0,0),(22786,1040,'PegPig_E_text','Peg pigmentation BY Peg pigmentation - Method IN Peg pigmentation text',NULL,0,0),(22787,1020,'Plant seed number  - Method','Count number of seeds per plant.',NULL,0,0),(22788,1030,'seed','seed',NULL,0,0),(22789,20030,'1',' green',NULL,0,0),(22790,20030,'2',' purple',NULL,0,0),(22791,20030,'3',' mixed',NULL,0,0),(22792,20030,'4',' other',NULL,0,0),(22793,1040,'StPig_E_text','Stem pigmentation BY Stem pigmentation - Method IN Stem pigmentation text',NULL,0,0),(22809,1030,'0-1 Stem hairiness score','0-1 Stem hairiness score',NULL,0,0),(22810,1030,'1-3 Leaf size score','1-3 Leaf size score',NULL,0,0),(22811,1030,'1-3 Pod ridge score','1-3 Pod ridge score',NULL,0,0),(22812,1030,'1-3 Seed appearance score','1-3 Seed appearance score',NULL,0,0),(22813,1030,'1-3 Seed ends score','1-3 Seed ends score',NULL,0,0),(22814,1030,'1-3 Seed shape score','1-3 Seed shape score',NULL,0,0),(22815,1030,'1-3 Seed size score','1-3 Seed size score',NULL,0,0),(22816,1030,'1-4 Branching score','1-4 Branching score',NULL,0,0),(22817,1030,'1-4 Flower Crescent color score','1-4 Flower Crescent color score',NULL,0,0),(22818,1030,'1-4 Flower Std Petal color score','1-4 Flower Std Petal color score',NULL,0,0),(22819,1030,'1-4 Leaf color score','1-4 Leaf color score',NULL,0,0),(22820,1030,'1-4 Marking on standard petal score','1-4 Marking on standard petal score',NULL,0,0),(22821,1030,'1-4 Pod reticulation score','1-4 Pod reticulation score',NULL,0,0),(22822,1030,'1-4 Pod shell thickness score','1-4 Pod shell thickness score',NULL,0,0),(22823,1030,'1-4 Stem pigmentation score','1-4 Stem pigmentation score',NULL,0,0),(22824,1030,'1-5 Leaf shape score','1-5 Leaf shapescore',NULL,0,0),(22825,1030,'1-5 Pod beak score','1-5 Pod beak score',NULL,0,0),(22826,1030,'1-5 Pod constriction score','1-5 Pod constriction score',NULL,0,0),(22827,1030,'1-5 Pod size score','1-5 Pod size score',NULL,0,0),(22828,1030,'1-6 Growth habit score','1-6 Growth habit score',NULL,0,0),(22829,1030,'1-6 Leaflet hairiness score','1-6 Leaflet hairiness score',NULL,0,0),(22830,1030,'1-6Seed color score','1-6 Seed color score',NULL,0,0),(22831,1030,'1-8 Cultivar group score','1-8 Cultivar group score',NULL,0,0),(22832,1020,'Pod yield g/m2 calculation - Method','Calculation of total pods mass per area.',NULL,0,0),(22833,1020,'Pod yield kg/ha calculation - Method','Calculation of total pods mass per area.',NULL,0,0),(22834,1020,'Pod yield  t/ha calculation - Method','Calculation of total pods mass per area.',NULL,0,0),(22836,1020,'Seed yield kg/ha calculation - Method','Total seed (kernel) mass calculated as per unit area after shelling.',NULL,0,0),(22837,1020,'Seed yield t/ha calculation - Method','Total seed (kernel) mass calculated as per unit area after shelling.',NULL,0,0),(22838,1020,'Rust severity - Method','Assessment of rust severity.',NULL,0,0),(22839,1020,'Late leaf spot severity - Method','Assessment of late leaf spot severity.',NULL,0,0),(22840,1020,'Bud necrosis disease incidence calculation - Method','Calculation of incidence as the percentage of dead plants.',NULL,0,0),(22841,1020,'Collar rot Incidence calculation - Method','Calculation of incidence as the percentage of dead plants.',NULL,0,0),(22842,1020,'Stem rot incidence calculation - Method','Calculation of incidence as the percentage of dead plants.',NULL,0,0),(22843,1020,'Biomass DW - Method - At vegetative stage','Biomass dry weight of plants or sampled area.',NULL,0,0),(22844,1020,'Biomass FW - Method - At vegetative stage','Biomass fresh weight of plants or sampled area.',NULL,0,0),(22845,1030,'branch','branch',NULL,0,0),(22846,1030,'g/plant','grams per plant',NULL,0,0),(22891,1030,'Date (yyyymmdd) of DATE','Date (yyyymmdd) of DATE_generated',NULL,0,0),(22892,1030,'Number of SET','Number of SET_generated',NULL,0,0),(22893,1030,'Code of TREATMENT','Code of TREATMENT_generated',NULL,0,0),(22894,1030,'1-9 Disease score of Rust_E_1to9','1-9 Disease score of Rust_E_1to9_generated',NULL,0,0),(22895,1030,'g of BM_DW_g_Tveg','g of BM_DW_g_Tveg_generated',NULL,0,0),(22896,1030,'Number of CylNo','Number of CylNo_generated',NULL,0,0),(22897,1030,'1-9 Disease score of LLS_E_1to9','1-9 Disease score of LLS_E_1to9_generated',NULL,0,0);

UNLOCK TABLES;

/*Data for the table `cvterm_relationship` */

LOCK TABLES `cvterm_relationship` WRITE;

insert  into `cvterm_relationship`(`cvterm_relationship_id`,`type_id`,`subject_id`,`object_id`) values (20808,1225,20001,1340),(20809,1225,20002,1350),(20810,1225,20003,1340),(20811,1225,20004,1340),(20812,1225,20005,1340),(20813,1225,20006,1345),(20814,1225,20007,1360),(20815,1225,20008,1360),(20816,1225,20009,1360),(20817,1225,20010,1350),(20818,1225,20011,1350),(20819,1225,20012,1340),(20820,1225,20013,1350),(20821,1225,20014,1350),(20822,1225,20015,1350),(22224,1225,20016,1340),(20824,1225,20017,1340),(20825,1225,20018,1360),(20827,1225,20020,1340),(20828,1225,20021,1345),(20829,1225,20022,1350),(20830,1225,20023,1370),(20831,1225,20024,1350),(20832,1225,20025,1350),(20833,1225,20026,1370),(20835,1225,20028,1345),(20836,1225,20029,1350),(20837,1225,20030,1340),(20838,1225,20031,1370),(20839,1225,20032,1370),(20840,1225,20033,1340),(20841,1225,20034,1350),(20842,1225,20035,1350),(20843,1225,20036,1350),(20844,1225,20037,1340),(20845,1225,20038,1350),(20846,1225,20039,1350),(20847,1225,20040,1350),(20848,1225,20041,1340),(20849,1225,20042,1340),(20850,1225,20043,1340),(20851,1225,20044,1345),(20852,1225,20045,1370),(20853,1225,20046,1320),(20854,1225,20047,1340),(20855,1225,20048,1350),(20856,1225,20049,1350),(20857,1225,20050,1350),(20858,1225,20051,1340),(20859,1225,20052,1360),(20860,1225,20053,1350),(20861,1225,20054,1350),(20862,1225,20055,1350),(20863,1225,20056,1350),(20864,1225,20057,1350),(20865,1225,20058,1350),(20866,1225,20059,1340),(20867,1225,20060,1340),(20868,1225,20061,1350),(20869,1225,20062,1310),(20870,1225,20063,1370),(20871,1225,20064,1345),(20873,1225,20066,1080),(20874,1225,20067,1350),(20875,1225,20068,1370),(20876,1225,20069,1370),(20877,1225,20070,1340),(20878,1225,20071,1345),(20879,1225,20072,1340),(20880,1225,20073,1340),(20881,1225,20074,1085),(20882,1225,20075,1300),(22396,1225,20076,1340),(22397,1225,20077,1340),(22398,1225,20078,1340),(22317,1105,22287,1110),(22380,1105,22288,1110),(22381,1105,22289,1110),(22382,1105,22290,1110),(22316,1105,22291,1110),(22322,1105,22292,1110),(22383,1105,22293,1110),(22384,1105,22294,1110),(22332,1105,22295,1110),(22325,1105,22296,1110),(22358,1105,22297,1110),(22385,1105,22299,1110),(22315,1105,22300,1110),(22327,1105,22301,1110),(22386,1105,22302,1110),(22319,1105,22303,1110),(22387,1105,22304,1110),(22388,1105,22305,1110),(22389,1105,22306,1110),(22390,1105,22307,1110),(22391,1105,22309,1110),(22323,1105,22310,1110),(22392,1105,22311,1110),(22393,1105,22312,1110),(22394,1105,22313,1110),(20883,1225,22378,1100),(22311,1105,22379,1110),(21078,1210,22380,4030),(21073,1200,22380,22530),(21575,1220,22380,22891),(21080,1210,22382,4040),(21075,1200,22382,22378),(21577,1220,22382,22892),(21081,1210,22383,4040),(21076,1200,22383,20066),(21578,1220,22383,22379),(21082,1210,22384,4040),(21077,1200,22384,22378),(21579,1220,22384,22893),(22324,1105,22385,1110),(21085,1220,22386,6087),(21456,1200,22386,20076),(21403,1210,22386,22361),(21089,1220,22388,17110),(21460,1200,22388,20006),(21407,1210,22388,22319),(21093,1220,22389,17050),(21464,1200,22389,20008),(21411,1210,22389,22366),(21584,1200,22390,20009),(21642,1210,22390,22733),(21700,1220,22390,22734),(21585,1200,22391,2590),(21643,1210,22391,4000),(21701,1220,22391,17021),(21647,1210,22395,4000),(21589,1200,22395,20016),(21705,1220,22395,22300),(21100,1220,22396,17110),(21471,1200,22396,20077),(21418,1210,22396,22352),(21591,1200,22397,20021),(21707,1220,22397,22291),(21649,1210,22397,22375),(21709,1220,22399,6087),(21593,1200,22399,20020),(21652,1210,22399,22572),(21595,1200,22401,2480),(21711,1220,22401,22287),(21653,1210,22401,22316),(21596,1200,22402,2480),(21712,1220,22402,22287),(21654,1210,22402,22317),(21486,1200,22403,20037),(21433,1210,22403,22326),(21115,1220,22403,22556),(21715,1220,22405,6087),(21489,1200,22405,20042),(21436,1210,22405,22369),(21602,1200,22408,2495),(21660,1210,22408,4000),(21718,1220,22408,22303),(21603,1200,22409,2470),(21661,1210,22409,4000),(21719,1220,22409,17021),(21720,1220,22410,17050),(21604,1200,22410,20046),(21662,1210,22410,22541),(21721,1220,22411,17050),(21605,1200,22411,20046),(21663,1210,22411,22542),(21722,1220,22412,17050),(21606,1200,22412,20046),(21664,1210,22412,22543),(21607,1200,22413,20052),(21665,1210,22413,22838),(21723,1220,22413,22894),(21608,1200,22414,20056),(21666,1210,22414,22787),(21724,1220,22414,22788),(21668,1210,22416,4000),(21726,1220,22416,6087),(21610,1200,22416,20061),(21727,1220,22417,22292),(21669,1210,22417,22358),(21611,1200,22417,22552),(21613,1200,22419,20044),(21729,1220,22419,22292),(21671,1210,22419,22777),(21672,1210,22420,4000),(21730,1220,22420,6087),(21614,1200,22420,20021),(21615,1200,22421,20064),(21731,1220,22421,22310),(21673,1210,22421,22548),(21616,1200,22422,20064),(21732,1220,22422,22310),(21674,1210,22422,22549),(21617,1200,22423,20064),(21733,1220,22423,22310),(21675,1210,22423,22550),(21618,1200,22424,20064),(21734,1220,22424,22310),(21676,1210,22424,22551),(21128,1220,22425,22310),(21446,1210,22425,22444),(21499,1200,22425,22511),(21129,1220,22426,22310),(21447,1210,22426,22445),(21500,1200,22426,22511),(21737,1220,22427,22310),(21621,1200,22427,22511),(21679,1210,22427,22783),(21130,1220,22428,22310),(21448,1210,22428,22446),(21501,1200,22428,22511),(21623,1200,22429,20062),(21739,1220,22429,22287),(21681,1210,22429,22544),(21624,1200,22430,20062),(21740,1220,22430,22287),(21682,1210,22430,22545),(21625,1200,22431,20062),(21741,1220,22431,22287),(21683,1210,22431,22546),(21626,1200,22432,20062),(21742,1220,22432,22287),(21684,1210,22432,22547),(21627,1200,22433,2490),(21685,1210,22433,4000),(21743,1220,22433,22385),(21744,1220,22434,6087),(21628,1200,22434,20070),(21687,1210,22434,22376),(21505,1200,22437,20071),(21134,1220,22437,22296),(21452,1210,22437,22359),(21506,1200,22439,2600),(21135,1220,22439,6087),(21453,1210,22439,22500),(21634,1200,22440,20072),(21692,1210,22440,22843),(21750,1220,22440,22895),(21751,1220,22441,6087),(21635,1200,22441,20073),(21693,1210,22441,22844),(21694,1210,22442,4000),(21636,1200,22442,20075),(21752,1220,22442,22301),(22395,1105,22443,1110),(21454,1200,22447,20035),(21401,1210,22447,22646),(21083,1220,22447,22825),(21455,1200,22448,20002),(21402,1210,22448,22364),(21084,1220,22448,22816),(21457,1200,22450,20030),(21404,1210,22450,22321),(21086,1220,22450,22845),(21459,1200,22452,20036),(21406,1210,22452,22652),(21088,1220,22452,22826),(21461,1200,22454,20005),(21090,1220,22454,22295),(21408,1210,22454,22346),(21091,1220,22455,22295),(21409,1210,22455,22331),(21462,1200,22455,22711),(21465,1200,22458,20007),(21412,1210,22458,22580),(21094,1220,22458,22581),(21466,1200,22459,20011),(21413,1210,22459,22599),(21095,1220,22459,22818),(21467,1200,22460,20010),(21414,1210,22460,22598),(21096,1220,22460,22817),(21469,1200,22462,20012),(21098,1220,22462,22295),(21416,1210,22462,22322),(21470,1200,22463,20013),(21417,1210,22463,22332),(21099,1220,22463,22828),(21472,1200,22465,20014),(21419,1210,22465,22614),(21101,1220,22465,22809),(21473,1200,22466,20015),(21420,1210,22466,22618),(21102,1220,22466,22829),(21103,1220,22467,6087),(21474,1200,22467,20001),(21421,1210,22467,22368),(21104,1220,22468,6040),(21475,1200,22468,20017),(21422,1210,22468,22334),(21476,1200,22469,20018),(21423,1210,22469,22362),(21105,1220,22469,22587),(21479,1200,22472,20022),(21426,1210,22472,22625),(21108,1220,22472,22819),(21480,1200,22473,20025),(21427,1210,22473,22636),(21109,1220,22473,22810),(21481,1200,22474,20024),(21428,1210,22474,22630),(21110,1220,22474,22824),(21482,1200,22475,20029),(21429,1210,22475,22640),(21111,1220,22475,22820),(21112,1220,22476,17050),(21483,1200,22476,20031),(21430,1210,22476,22333),(21113,1220,22477,17050),(21484,1200,22477,20045),(21431,1210,22477,22351),(21485,1200,22478,20033),(21432,1210,22478,22327),(21114,1220,22478,22555),(21487,1200,22480,20034),(21116,1220,22480,22528),(21434,1210,22480,22645),(21488,1200,22481,20041),(21435,1210,22481,22712),(21117,1220,22481,22827),(21119,1220,22483,6180),(21490,1200,22483,20043),(21437,1210,22483,22372),(21492,1200,22485,20039),(21439,1210,22485,22663),(21121,1220,22485,22811),(21493,1200,22486,20038),(21440,1210,22486,22658),(21122,1220,22486,22821),(21494,1200,22487,20053),(21441,1210,22487,22363),(21123,1220,22487,22812),(21495,1200,22488,20054),(21442,1210,22488,22676),(21124,1220,22488,22830),(21125,1220,22489,17050),(21496,1200,22489,20060),(21443,1210,22489,22579),(21126,1220,22490,17050),(21497,1200,22490,20063),(21444,1210,22490,22350),(21498,1200,22491,20067),(21445,1210,22491,22698),(21127,1220,22491,22823),(21502,1200,22495,20059),(21449,1210,22495,22325),(21131,1220,22495,22562),(21503,1200,22496,20058),(21450,1210,22496,22694),(21132,1220,22496,22815),(21504,1200,22497,20040),(21451,1210,22497,22667),(21133,1220,22497,22822),(21805,1210,22498,4040),(21807,1200,22498,22499),(21806,1220,22498,22896),(21809,1225,22499,1080),(21774,1200,22505,20043),(21775,1210,22505,22372),(21777,1220,22505,22846),(21782,1210,22506,22527),(21781,1200,22506,22529),(21783,1220,22506,22831),(21823,1225,22511,1345),(22345,1105,22528,1130),(22222,1190,22528,22784),(22223,1190,22528,22785),(21810,1225,22529,1350),(21811,1225,22530,1080),(21822,1225,22552,1345),(22344,1105,22555,1110),(22318,1105,22556,1110),(22352,1105,22562,1130),(21839,1190,22562,22563),(21841,1190,22562,22564),(21842,1190,22562,22565),(21849,1220,22566,6085),(21846,1200,22566,20003),(21848,1210,22566,22568),(21856,1220,22567,6085),(21853,1200,22567,20004),(21854,1210,22567,22569),(21865,1220,22573,6085),(21863,1200,22573,20041),(21864,1210,22573,22574),(21870,1200,22576,20043),(21872,1220,22576,22297),(21871,1210,22576,22832),(21883,1220,22577,6087),(21881,1200,22577,20047),(21882,1210,22577,22344),(21889,1220,22578,17110),(21887,1200,22578,20051),(21888,1210,22578,22354),(22333,1105,22581,1130),(21890,1190,22581,22582),(21891,1190,22581,22583),(21892,1190,22581,22584),(21893,1190,22581,22585),(21894,1190,22581,22586),(22339,1105,22587,1130),(21895,1190,22587,22588),(21898,1190,22587,22590),(21974,1220,22673,6085),(21971,1200,22673,20048),(21973,1210,22673,22672),(21980,1220,22675,6085),(21978,1200,22675,20049),(21979,1210,22675,22674),(21993,1220,22683,6086),(21991,1200,22683,20050),(21992,1210,22683,22343),(21997,1200,22685,20055),(21998,1210,22685,22684),(21999,1220,22685,22813),(22006,1200,22690,20057),(22007,1210,22690,22689),(22008,1220,22690,22814),(22020,1220,22699,6087),(22018,1200,22699,20028),(22019,1210,22699,22377),(22021,1225,22700,1345),(22025,1200,22701,20021),(22027,1220,22701,22291),(22026,1210,22701,22702),(22035,1220,22705,17050),(22032,1200,22705,20023),(22033,1210,22705,22348),(22041,1220,22706,17050),(22039,1200,22706,20068),(22040,1210,22706,22707),(22047,1220,22708,17050),(22045,1200,22708,20026),(22046,1210,22708,22356),(22053,1220,22709,17050),(22051,1200,22709,20069),(22052,1210,22709,22357),(22059,1220,22710,17110),(22057,1200,22710,20032),(22058,1210,22710,22353),(22060,1225,22711,1340),(22065,1200,22715,20078),(22069,1220,22715,22295),(22068,1210,22715,22716),(22070,1225,22718,1340),(22074,1200,22719,22718),(22075,1210,22719,22720),(22076,1220,22719,22721),(22361,1105,22721,1110),(22082,1220,22722,6090),(22080,1200,22722,20043),(22081,1210,22722,22833),(22088,1220,22723,17010),(22086,1200,22723,20043),(22087,1210,22723,22834),(22089,1225,22724,1340),(22095,1220,22728,22297),(22093,1200,22728,22724),(22094,1210,22728,22725),(22101,1220,22729,6087),(22099,1200,22729,22724),(22100,1210,22729,22726),(22107,1220,22730,6180),(22105,1200,22730,22724),(22106,1210,22730,22727),(22113,1220,22731,6090),(22111,1200,22731,22724),(22112,1210,22731,22836),(22119,1220,22732,17010),(22117,1200,22732,22724),(22118,1210,22732,22837),(22313,1105,22734,1130),(22120,1190,22734,22735),(22121,1190,22734,22736),(22122,1190,22734,22737),(22123,1190,22734,22738),(22124,1190,22734,22739),(22125,1190,22734,22740),(22126,1190,22734,22741),(22127,1190,22734,22742),(22128,1190,22734,22743),(22138,1225,22753,1360),(22362,1105,22755,1110),(22142,1200,22756,22753),(22143,1210,22756,22754),(22144,1220,22756,22755),(22150,1220,22757,17050),(22148,1200,22757,22753),(22149,1210,22757,22840),(22151,1225,22758,1360),(22157,1220,22760,22755),(22155,1200,22760,22758),(22156,1210,22760,22759),(22163,1220,22761,17050),(22161,1200,22761,22758),(22162,1210,22761,22841),(22164,1225,22762,1360),(22168,1200,22763,22762),(22169,1210,22763,22839),(22170,1220,22763,22897),(22171,1225,22764,1360),(22177,1220,22766,22755),(22175,1200,22766,22764),(22176,1210,22766,22765),(22183,1220,22767,17050),(22181,1200,22767,22764),(22182,1210,22767,22842),(22193,1225,22778,1345),(22199,1220,22779,22292),(22197,1200,22779,22778),(22198,1210,22779,22780),(22205,1220,22781,22310),(22203,1200,22781,22511),(22204,1210,22781,22782),(22211,1220,22786,6020),(22209,1200,22786,20034),(22210,1210,22786,22645),(22321,1105,22788,1110),(22221,1220,22793,6020),(22219,1200,22793,20067),(22220,1210,22793,22698),(22337,1105,22809,1130),(21920,1190,22809,22615),(21923,1190,22809,22617),(22341,1105,22810,1130),(21939,1190,22810,22637),(21940,1190,22810,22638),(21941,1190,22810,22639),(22347,1105,22811,1130),(21961,1190,22811,22664),(21962,1190,22811,22665),(21963,1190,22811,22666),(22349,1105,22812,1130),(21899,1190,22812,22591),(21900,1190,22812,22592),(21901,1190,22812,22593),(22359,1105,22813,1130),(22000,1190,22813,22686),(22001,1190,22813,22687),(22002,1190,22813,22688),(22360,1105,22814,1130),(22009,1190,22814,22691),(22010,1190,22814,22692),(22011,1190,22814,22693),(22353,1105,22815,1130),(22012,1190,22815,22695),(22013,1190,22815,22696),(22014,1190,22815,22697),(22329,1105,22816,1130),(21902,1190,22816,22594),(21903,1190,22816,22595),(21904,1190,22816,22596),(21905,1190,22816,22597),(22335,1105,22817,1130),(21906,1190,22817,22600),(21907,1190,22817,22601),(21908,1190,22817,22602),(21909,1190,22817,22603),(22334,1105,22818,1130),(21910,1190,22818,22604),(21911,1190,22818,22605),(21912,1190,22818,22606),(21913,1190,22818,22607),(22340,1105,22819,1130),(21930,1190,22819,22626),(21931,1190,22819,22627),(21932,1190,22819,22628),(21933,1190,22819,22629),(22343,1105,22820,1130),(21942,1190,22820,22641),(21943,1190,22820,22642),(21944,1190,22820,22643),(21945,1190,22820,22644),(22348,1105,22821,1130),(21957,1190,22821,22659),(21958,1190,22821,22660),(21959,1190,22821,22661),(21960,1190,22821,22662),(22354,1105,22822,1130),(21964,1190,22822,22668),(21965,1190,22822,22669),(21966,1190,22822,22670),(21967,1190,22822,22671),(22351,1105,22823,1130),(22212,1190,22823,22789),(22213,1190,22823,22790),(22214,1190,22823,22791),(22215,1190,22823,22792),(22342,1105,22824,1130),(21934,1190,22824,22631),(21935,1190,22824,22632),(21936,1190,22824,22633),(21937,1190,22824,22634),(21938,1190,22824,22635),(22328,1105,22825,1130),(21947,1190,22825,22647),(21948,1190,22825,22648),(21949,1190,22825,22649),(21950,1190,22825,22650),(21951,1190,22825,22651),(22331,1105,22826,1130),(21952,1190,22826,22653),(21953,1190,22826,22654),(21954,1190,22826,22655),(21955,1190,22826,22656),(21956,1190,22826,22657),(22346,1105,22827,1130),(21826,1190,22827,22557),(21827,1190,22827,22558),(21828,1190,22827,22559),(21829,1190,22827,22560),(21830,1190,22827,22561),(22336,1105,22828,1130),(21914,1190,22828,22608),(21915,1190,22828,22609),(21916,1190,22828,22610),(21917,1190,22828,22611),(21918,1190,22828,22612),(21919,1190,22828,22613),(22338,1105,22829,1130),(21924,1190,22829,22619),(21925,1190,22829,22620),(21926,1190,22829,22621),(21927,1190,22829,22622),(21928,1190,22829,22623),(21929,1190,22829,22624),(22350,1105,22830,1130),(21981,1190,22830,22677),(21982,1190,22830,22678),(21983,1190,22830,22679),(21984,1190,22830,22680),(21985,1190,22830,22681),(21986,1190,22830,22682),(22357,1105,22831,1130),(21831,1190,22831,22533),(21832,1190,22831,22534),(21833,1190,22831,22535),(21834,1190,22831,22536),(21835,1190,22831,22537),(21836,1190,22831,22538),(21837,1190,22831,22539),(21838,1190,22831,22540),(22330,1105,22845,1110),(22356,1105,22846,1110),(22309,1105,22891,1120),(22310,1105,22892,1120),(22312,1105,22893,1120),(22320,1105,22894,1130),(22129,1190,22894,22744),(22130,1190,22894,22745),(22131,1190,22894,22746),(22132,1190,22894,22747),(22133,1190,22894,22748),(22134,1190,22894,22749),(22135,1190,22894,22750),(22136,1190,22894,22751),(22137,1190,22894,22752),(22326,1105,22895,1120),(22355,1105,22896,1120),(22363,1105,22897,1130),(22184,1190,22897,22768),(22185,1190,22897,22769),(22186,1190,22897,22770),(22187,1190,22897,22771),(22188,1190,22897,22772),(22189,1190,22897,22773),(22190,1190,22897,22774),(22191,1190,22897,22775),(22192,1190,22897,22776);

UNLOCK TABLES;

/*Data for the table `cvtermprop` */

LOCK TABLES `cvtermprop` WRITE;

insert  into `cvtermprop`(`cvtermprop_id`,`cvterm_id`,`type_id`,`value`,`rank`) values (20006,20001,1226,'CO_337:0000011',0),(20011,20002,1226,'CO_337:0000016',0),(20033,20003,1226,'CO_337:0000039',0),(20034,20004,1226,'CO_337:0000040',0),(20058,20005,1226,'CO_337:0000001',0),(20056,20006,1226,'CO_337:0000066',0),(20001,20007,1226,'CO_337:0000006',0),(20002,20008,1226,'CO_337:0000007',0),(20181,20009,1226,'CO_337:0000239',0),(20019,20010,1226,'CO_337:0000024',0),(20017,20011,1226,'CO_337:0000022',0),(20084,20012,1226,'CO_337:0000069',0),(20010,20013,1226,'CO_337:0000015',0),(20020,20014,1226,'CO_337:0000025',0),(20021,20015,1226,'CO_337:0000026',0),(20749,20016,8048,'2016-06-01T00:46:12.000Z',0),(20750,20017,8048,'2016-06-01T00:46:12.000Z',0),(20003,20018,1226,'CO_337:0000008',0),(20089,20020,1226,'CO_337:0000051',0),(20042,20021,1226,'CO_337:0000067',0),(20015,20022,1226,'CO_337:0000020',0),(20050,20023,1226,'CO_337:0000057',0),(20016,20024,1226,'CO_337:0000021',0),(20014,20025,1226,'CO_337:0000019',0),(20048,20026,1226,'CO_337:0000055',0),(20041,20028,1226,'CO_337:0000047',0),(20018,20029,1226,'CO_337:0000023',0),(20182,20030,1226,'CO_337:0000245',0),(20008,20031,1226,'CO_337:0000013',0),(20052,20032,1226,'CO_337:0000060',0),(20047,20033,1226,'CO_337:0000054',0),(20013,20034,1226,'CO_337:0000018',0),(20025,20035,1226,'CO_337:0000030',0),(20024,20036,1226,'CO_337:0000029',0),(20045,20037,1226,'CO_337:0000052',0),(20026,20038,1226,'CO_337:0000031',0),(20027,20039,1226,'CO_337:0000032',0),(20028,20040,1226,'CO_337:0000033',0),(20023,20041,1226,'CO_337:0000028',0),(20046,20042,1226,'CO_337:0000053',0),(20062,20043,1226,'CO_337:0000005',0),(20183,20044,1226,'CO_337:0000049',0),(20009,20045,1226,'CO_337:0000014',0),(20751,20046,8048,'2016-06-01T00:46:12.000Z',0),(20036,20047,1226,'CO_337:0000042',0),(20035,20048,1226,'CO_337:0000041',0),(20038,20049,1226,'CO_337:0000044',0),(20037,20050,1226,'CO_337:0000043',0),(20039,20051,1226,'CO_337:0000045',0),(20184,20052,1226,'CO_337:0000257',0),(20007,20053,1226,'CO_337:0000012',0),(20029,20054,1226,'CO_337:0000034',0),(20032,20055,1226,'CO_337:0000037',0),(20185,20056,1226,'CO_337:0000248',0),(20031,20057,1226,'CO_337:0000036',0),(20030,20058,1226,'CO_337:0000035',0),(20022,20059,1226,'CO_337:0000027',0),(20004,20060,1226,'CO_337:0000009',0),(20752,20061,8048,'2016-06-01T00:46:12.000Z',0),(20753,20062,8048,'2016-06-01T00:46:12.000Z',0),(20005,20063,1226,'CO_337:0000010',0),(20754,20064,8048,'2016-06-01T00:46:12.000Z',0),(20755,20065,8048,'2016-06-01T00:46:12.000Z',0),(20756,20066,8048,'2016-06-01T00:46:12.000Z',0),(20012,20067,1226,'CO_337:0000017',0),(20051,20068,1226,'CO_337:0000058',0),(20049,20069,1226,'CO_337:0000056',0),(20043,20070,1226,'CO_337:0000050',0),(20054,20071,1226,'CO_337:0000062',0),(20757,20072,8048,'2016-06-01T00:46:12.000Z',0),(20758,20073,8048,'2016-06-01T00:46:12.000Z',0),(20759,20074,8048,'2016-06-01T00:46:12.000Z',0),(20760,20075,8048,'2016-06-01T00:46:12.000Z',0),(21123,20076,1226,'CO_337:0000046',0),(21124,20077,1226,'CO_337:0000059',0),(21125,20078,1226,'CO_337:0000004',0),(21036,22287,8048,'2016-06-01T00:46:12.000Z',0),(21037,22288,8048,'2016-06-01T00:46:12.000Z',0),(21038,22289,8048,'2016-06-01T00:46:12.000Z',0),(21039,22290,8048,'2016-06-01T00:46:12.000Z',0),(21040,22293,8048,'2016-06-01T00:46:12.000Z',0),(21041,22294,8048,'2016-06-01T00:46:12.000Z',0),(21042,22295,8048,'2016-06-01T00:46:12.000Z',0),(21043,22297,8048,'2016-06-01T00:46:12.000Z',0),(21044,22299,8048,'2016-06-01T00:46:12.000Z',0),(21045,22300,8048,'2016-06-01T00:46:12.000Z',0),(21046,22301,8048,'2016-06-01T00:46:12.000Z',0),(21047,22302,8048,'2016-06-01T00:46:12.000Z',0),(21048,22303,8048,'2016-06-01T00:46:12.000Z',0),(21049,22304,8048,'2016-06-01T00:46:12.000Z',0),(21050,22305,8048,'2016-06-01T00:46:12.000Z',0),(21051,22306,8048,'2016-06-01T00:46:12.000Z',0),(21052,22307,8048,'2016-06-01T00:46:12.000Z',0),(21053,22309,8048,'2016-06-01T00:46:12.000Z',0),(21054,22311,8048,'2016-06-01T00:46:12.000Z',0),(21055,22312,8048,'2016-06-01T00:46:12.000Z',0),(21056,22313,8048,'2016-06-01T00:46:12.000Z',0),(20840,22314,8048,'2016-06-01T00:46:12.000Z',0),(20841,22315,8048,'2016-06-01T00:46:12.000Z',0),(20842,22316,8048,'2016-06-01T00:46:12.000Z',0),(20843,22317,8048,'2016-06-01T00:46:12.000Z',0),(20844,22318,8048,'2016-06-01T00:46:12.000Z',0),(20845,22319,8048,'2016-06-01T00:46:12.000Z',0),(20846,22320,8048,'2016-06-01T00:46:12.000Z',0),(20847,22321,8048,'2016-06-01T00:46:12.000Z',0),(20848,22322,8048,'2016-06-01T00:46:12.000Z',0),(20849,22323,8048,'2016-06-01T00:46:12.000Z',0),(20850,22324,8048,'2016-06-01T00:46:12.000Z',0),(20851,22325,8048,'2016-06-01T00:46:12.000Z',0),(20852,22326,8048,'2016-06-01T00:46:12.000Z',0),(20853,22327,8048,'2016-06-01T00:46:12.000Z',0),(20854,22328,8048,'2016-06-01T00:46:12.000Z',0),(20855,22329,8048,'2016-06-01T00:46:12.000Z',0),(20856,22330,8048,'2016-06-01T00:46:12.000Z',0),(20857,22331,8048,'2016-06-01T00:46:12.000Z',0),(20858,22332,8048,'2016-06-01T00:46:12.000Z',0),(20859,22333,8048,'2016-06-01T00:46:12.000Z',0),(20860,22334,8048,'2016-06-01T00:46:12.000Z',0),(20861,22335,8048,'2016-06-01T00:46:12.000Z',0),(20862,22336,8048,'2016-06-01T00:46:12.000Z',0),(20863,22337,8048,'2016-06-01T00:46:12.000Z',0),(20864,22338,8048,'2016-06-01T00:46:12.000Z',0),(20865,22339,8048,'2016-06-01T00:46:12.000Z',0),(20866,22340,8048,'2016-06-01T00:46:12.000Z',0),(20867,22341,8048,'2016-06-01T00:46:12.000Z',0),(20868,22342,8048,'2016-06-01T00:46:12.000Z',0),(20869,22343,8048,'2016-06-01T00:46:12.000Z',0),(20870,22344,8048,'2016-06-01T00:46:12.000Z',0),(20871,22345,8048,'2016-06-01T00:46:12.000Z',0),(20872,22346,8048,'2016-06-01T00:46:12.000Z',0),(20873,22347,8048,'2016-06-01T00:46:12.000Z',0),(20874,22348,8048,'2016-06-01T00:46:12.000Z',0),(20875,22349,8048,'2016-06-01T00:46:12.000Z',0),(20876,22350,8048,'2016-06-01T00:46:12.000Z',0),(20877,22351,8048,'2016-06-01T00:46:12.000Z',0),(20878,22352,8048,'2016-06-01T00:46:12.000Z',0),(20879,22353,8048,'2016-06-01T00:46:12.000Z',0),(20880,22354,8048,'2016-06-01T00:46:12.000Z',0),(20881,22355,8048,'2016-06-01T00:46:12.000Z',0),(20882,22356,8048,'2016-06-01T00:46:12.000Z',0),(20883,22357,8048,'2016-06-01T00:46:12.000Z',0),(20884,22358,8048,'2016-06-01T00:46:12.000Z',0),(20885,22359,8048,'2016-06-01T00:46:12.000Z',0),(20886,22360,8048,'2016-06-01T00:46:12.000Z',0),(20887,22361,8048,'2016-06-01T00:46:12.000Z',0),(20888,22362,8048,'2016-06-01T00:46:12.000Z',0),(20889,22363,8048,'2016-06-01T00:46:12.000Z',0),(20890,22364,8048,'2016-06-01T00:46:12.000Z',0),(20891,22365,8048,'2016-06-01T00:46:12.000Z',0),(20892,22366,8048,'2016-06-01T00:46:12.000Z',0),(20893,22367,8048,'2016-06-01T00:46:12.000Z',0),(20894,22368,8048,'2016-06-01T00:46:12.000Z',0),(20895,22369,8048,'2016-06-01T00:46:12.000Z',0),(20896,22370,8048,'2016-06-01T00:46:12.000Z',0),(20897,22371,8048,'2016-06-01T00:46:12.000Z',0),(20898,22372,8048,'2016-06-01T00:46:12.000Z',0),(20899,22373,8048,'2016-06-01T00:46:12.000Z',0),(20900,22374,8048,'2016-06-01T00:46:12.000Z',0),(20901,22375,8048,'2016-06-01T00:46:12.000Z',0),(20902,22376,8048,'2016-06-01T00:46:12.000Z',0),(20903,22377,8048,'2016-06-01T00:46:12.000Z',0),(20761,22378,8048,'2016-06-01T00:46:12.000Z',0),(21057,22379,8048,'2016-06-01T00:46:12.000Z',0),(20440,22380,1800,'Environment Detail',0),(20441,22380,1800,'Study Detail',1),(20442,22382,1800,'Experimental Design',0),(20443,22383,1800,'Environment Detail',0),(20444,22383,1800,'Study Detail',1),(20445,22384,1800,'Experimental Design',0),(21058,22385,8048,'2016-06-01T00:46:12.000Z',0),(20446,22386,1800,'Trait',0),(20447,22388,1800,'Trait',0),(20448,22389,1800,'Trait',0),(20449,22390,1800,'Trait',0),(20450,22391,1800,'Trait',0),(20451,22395,1800,'Trait',0),(20452,22396,1800,'Trait',0),(20453,22397,1800,'Trait',0),(20454,22399,1800,'Trait',0),(20455,22401,1800,'Trait',0),(20456,22402,1800,'Trait',0),(20457,22403,1800,'Trait',0),(20458,22405,1800,'Trait',0),(20459,22408,1800,'Trait',0),(20460,22409,1800,'Trait',0),(20461,22410,1800,'Trait',0),(20462,22411,1800,'Trait',0),(20463,22412,1800,'Trait',0),(20464,22413,1800,'Trait',0),(20465,22414,1800,'Trait',0),(20466,22416,1800,'Trait',0),(20467,22417,1800,'Trait',0),(20468,22418,1800,'Trait',0),(20469,22419,1800,'Trait',0),(20470,22420,1800,'Trait',0),(20471,22421,1800,'Trait',0),(20472,22422,1800,'Trait',0),(20473,22423,1800,'Trait',0),(20474,22424,1800,'Trait',0),(20475,22425,1800,'Trait',0),(20476,22426,1800,'Trait',0),(20477,22427,1800,'Trait',0),(20478,22428,1800,'Trait',0),(20479,22429,1800,'Trait',0),(20480,22430,1800,'Trait',0),(20481,22431,1800,'Trait',0),(20482,22432,1800,'Trait',0),(20483,22433,1800,'Trait',0),(20484,22434,1800,'Trait',0),(20485,22437,1800,'Trait',0),(20486,22439,1800,'Trait',0),(20487,22440,1800,'Trait',0),(20488,22441,1800,'Trait',0),(20489,22442,1800,'Trait',0),(21059,22443,8048,'2016-06-01T00:46:12.000Z',0),(20904,22444,8048,'2016-06-01T00:46:12.000Z',0),(20905,22445,8048,'2016-06-01T00:46:12.000Z',0),(20906,22446,8048,'2016-06-01T00:46:12.000Z',0),(20490,22447,1800,'Trait',0),(20491,22448,1800,'Trait',0),(20492,22450,1800,'Trait',0),(20493,22452,1800,'Trait',0),(20494,22454,1800,'Trait',0),(20495,22455,1800,'Trait',0),(20496,22458,1800,'Trait',0),(20497,22459,1800,'Trait',0),(20498,22460,1800,'Trait',0),(20499,22462,1800,'Trait',0),(20500,22463,1800,'Trait',0),(20501,22465,1800,'Trait',0),(20502,22466,1800,'Trait',0),(20503,22467,1800,'Trait',0),(20504,22468,1800,'Trait',0),(20505,22469,1800,'Trait',0),(20506,22472,1800,'Trait',0),(20507,22473,1800,'Trait',0),(20508,22474,1800,'Trait',0),(20509,22475,1800,'Trait',0),(20510,22476,1800,'Trait',0),(20511,22477,1800,'Trait',0),(20512,22478,1800,'Trait',0),(20513,22480,1800,'Trait',0),(20514,22481,1800,'Trait',0),(20515,22483,1800,'Trait',0),(20516,22485,1800,'Trait',0),(20517,22486,1800,'Trait',0),(20518,22487,1800,'Trait',0),(20519,22488,1800,'Trait',0),(20520,22489,1800,'Trait',0),(20521,22490,1800,'Trait',0),(20522,22491,1800,'Trait',0),(20523,22495,1800,'Trait',0),(20524,22496,1800,'Trait',0),(20525,22497,1800,'Trait',0),(20526,22498,1800,'Experimental Design',0),(20762,22499,8048,'2016-06-01T00:46:12.000Z',0),(20907,22500,8048,'2016-06-01T00:46:12.000Z',0),(20527,22505,1800,'Trait',0),(20528,22506,1800,'Trait',0),(20064,22511,1226,'CO_337:0000218',0),(20908,22527,8048,'2016-06-01T00:46:12.000Z',0),(21060,22528,8048,'2016-06-01T00:46:12.000Z',0),(20108,22529,1226,'CO_337:0000038',0),(20763,22530,8048,'2016-06-01T00:46:12.000Z',0),(20909,22541,8048,'2016-06-01T00:46:12.000Z',0),(20910,22542,8048,'2016-06-01T00:46:12.000Z',0),(20911,22543,8048,'2016-06-01T00:46:12.000Z',0),(20912,22544,8048,'2016-06-01T00:46:12.000Z',0),(20913,22545,8048,'2016-06-01T00:46:12.000Z',0),(20914,22546,8048,'2016-06-01T00:46:12.000Z',0),(20915,22547,8048,'2016-06-01T00:46:12.000Z',0),(20916,22548,8048,'2016-06-01T00:46:12.000Z',0),(20917,22549,8048,'2016-06-01T00:46:12.000Z',0),(20918,22550,8048,'2016-06-01T00:46:12.000Z',0),(20919,22551,8048,'2016-06-01T00:46:12.000Z',0),(20063,22552,1226,'CO_337:0000049',0),(20065,22553,1226,'CO_337:0000065',0),(20055,22554,1226,'CO_337:0000063',0),(21061,22555,8048,'2016-06-01T00:46:12.000Z',0),(21062,22556,8048,'2016-06-01T00:46:12.000Z',0),(21063,22562,8048,'2016-06-01T00:46:12.000Z',0),(20529,22566,1800,'Trait',0),(20530,22567,1800,'Trait',0),(20920,22568,8048,'2016-06-01T00:46:12.000Z',0),(20921,22569,8048,'2016-06-01T00:46:12.000Z',0),(20922,22572,8048,'2016-06-01T00:46:12.000Z',0),(20531,22573,1800,'Trait',0),(20923,22574,8048,'2016-06-01T00:46:12.000Z',0),(20532,22576,1800,'Trait',0),(20533,22577,1800,'Trait',0),(20534,22578,1800,'Trait',0),(20924,22579,8048,'2016-06-01T00:46:12.000Z',0),(20925,22580,8048,'2016-06-01T00:46:12.000Z',0),(21064,22581,8048,'2016-06-01T00:46:12.000Z',0),(21065,22587,8048,'2016-06-01T00:46:12.000Z',0),(20926,22598,8048,'2016-06-01T00:46:12.000Z',0),(20927,22599,8048,'2016-06-01T00:46:12.000Z',0),(20928,22614,8048,'2016-06-01T00:46:12.000Z',0),(20929,22618,8048,'2016-06-01T00:46:12.000Z',0),(20930,22625,8048,'2016-06-01T00:46:12.000Z',0),(20931,22630,8048,'2016-06-01T00:46:12.000Z',0),(20932,22636,8048,'2016-06-01T00:46:12.000Z',0),(20933,22640,8048,'2016-06-01T00:46:12.000Z',0),(20934,22645,8048,'2016-06-01T00:46:12.000Z',0),(20935,22646,8048,'2016-06-01T00:46:12.000Z',0),(20936,22652,8048,'2016-06-01T00:46:12.000Z',0),(20937,22658,8048,'2016-06-01T00:46:12.000Z',0),(20938,22663,8048,'2016-06-01T00:46:12.000Z',0),(20939,22667,8048,'2016-06-01T00:46:12.000Z',0),(20940,22672,8048,'2016-06-01T00:46:12.000Z',0),(20535,22673,1800,'Trait',0),(20941,22674,8048,'2016-06-01T00:46:12.000Z',0),(20536,22675,1800,'Trait',0),(20942,22676,8048,'2016-06-01T00:46:12.000Z',0),(20537,22683,1800,'Trait',0),(20943,22684,8048,'2016-06-01T00:46:12.000Z',0),(20538,22685,1800,'Trait',0),(20944,22689,8048,'2016-06-01T00:46:12.000Z',0),(20539,22690,1800,'Trait',0),(20945,22694,8048,'2016-06-01T00:46:12.000Z',0),(20946,22698,8048,'2016-06-01T00:46:12.000Z',0),(20540,22699,1800,'Trait',0),(20117,22700,1226,'CO_337:0000048',0),(20541,22701,1800,'Trait',0),(20947,22702,8048,'2016-06-01T00:46:12.000Z',0),(20542,22705,1800,'Trait',0),(20543,22706,1800,'Trait',0),(20948,22707,8048,'2016-06-01T00:46:12.000Z',0),(20544,22708,1800,'Trait',0),(20545,22709,1800,'Trait',0),(20546,22710,1800,'Trait',0),(20082,22711,1226,'CO_337:0000002',0),(20949,22712,8048,'2016-06-01T00:46:12.000Z',0),(20547,22715,1800,'Trait',0),(20950,22716,8048,'2016-06-01T00:46:12.000Z',0),(20085,22718,1226,'CO_337:0000003',0),(20548,22719,1800,'Trait',0),(20951,22720,8048,'2016-06-01T00:46:12.000Z',0),(21066,22721,8048,'2016-06-01T00:46:12.000Z',0),(20549,22722,1800,'Trait',0),(20550,22723,1800,'Trait',0),(20057,22724,1226,'CO_337:0000251',0),(20952,22725,8048,'2016-06-01T00:46:12.000Z',0),(20953,22726,8048,'2016-06-01T00:46:12.000Z',0),(20954,22727,8048,'2016-06-01T00:46:12.000Z',0),(20551,22728,1800,'Trait',0),(20552,22729,1800,'Trait',0),(20553,22730,1800,'Trait',0),(20554,22731,1800,'Trait',0),(20555,22732,1800,'Trait',0),(20955,22733,8048,'2016-06-01T00:46:12.000Z',0),(21067,22734,8048,'2016-06-01T00:46:12.000Z',0),(20188,22753,1226,'CO_337:0000212',0),(20956,22754,8048,'2016-06-01T00:46:12.000Z',0),(21068,22755,8048,'2016-06-01T00:46:12.000Z',0),(20556,22756,1800,'Trait',0),(20557,22757,1800,'Trait',0),(20189,22758,1226,'CO_337:0000233',0),(20957,22759,8048,'2016-06-01T00:46:12.000Z',0),(20558,22760,1800,'Trait',0),(20559,22761,1800,'Trait',0),(20190,22762,1226,'CO_337:0000242',0),(20560,22763,1800,'Trait',0),(20191,22764,1226,'CO_337:0000260',0),(20958,22765,8048,'2016-06-01T00:46:12.000Z',0),(20561,22766,1800,'Trait',0),(20562,22767,1800,'Trait',0),(20959,22777,8048,'2016-06-01T00:46:12.000Z',0),(20764,22778,8048,'2016-06-01T00:46:12.000Z',0),(20563,22779,1800,'Trait',0),(20960,22780,8048,'2016-06-01T00:46:12.000Z',0),(20564,22781,1800,'Trait',0),(20961,22782,8048,'2016-06-01T00:46:12.000Z',0),(20962,22783,8048,'2016-06-01T00:46:12.000Z',0),(20565,22786,1800,'Trait',0),(20963,22787,8048,'2016-06-01T00:46:12.000Z',0),(21069,22788,8048,'2016-06-01T00:46:12.000Z',0),(20566,22793,1800,'Trait',0),(21070,22809,8048,'2016-06-01T00:46:12.000Z',0),(21071,22810,8048,'2016-06-01T00:46:12.000Z',0),(21072,22811,8048,'2016-06-01T00:46:12.000Z',0),(21073,22812,8048,'2016-06-01T00:46:12.000Z',0),(21074,22813,8048,'2016-06-01T00:46:12.000Z',0),(21075,22814,8048,'2016-06-01T00:46:12.000Z',0),(21076,22815,8048,'2016-06-01T00:46:12.000Z',0),(21077,22816,8048,'2016-06-01T00:46:12.000Z',0),(21078,22817,8048,'2016-06-01T00:46:12.000Z',0),(21079,22818,8048,'2016-06-01T00:46:12.000Z',0),(21080,22819,8048,'2016-06-01T00:46:12.000Z',0),(21081,22820,8048,'2016-06-01T00:46:12.000Z',0),(21082,22821,8048,'2016-06-01T00:46:12.000Z',0),(21083,22822,8048,'2016-06-01T00:46:12.000Z',0),(21084,22823,8048,'2016-06-01T00:46:12.000Z',0),(21085,22824,8048,'2016-06-01T00:46:12.000Z',0),(21086,22825,8048,'2016-06-01T00:46:12.000Z',0),(21087,22826,8048,'2016-06-01T00:46:12.000Z',0),(21088,22827,8048,'2016-06-01T00:46:12.000Z',0),(21089,22828,8048,'2016-06-01T00:46:12.000Z',0),(21090,22829,8048,'2016-06-01T00:46:12.000Z',0),(21091,22830,8048,'2016-06-01T00:46:12.000Z',0),(21092,22831,8048,'2016-06-01T00:46:12.000Z',0),(20964,22832,8048,'2016-06-01T00:46:12.000Z',0),(20965,22833,8048,'2016-06-01T00:46:12.000Z',0),(20966,22834,8048,'2016-06-01T00:46:12.000Z',0),(20967,22836,8048,'2016-06-01T00:46:12.000Z',0),(20968,22837,8048,'2016-06-01T00:46:12.000Z',0),(20969,22838,8048,'2016-06-01T00:46:12.000Z',0),(20970,22839,8048,'2016-06-01T00:46:12.000Z',0),(20971,22840,8048,'2016-06-01T00:46:12.000Z',0),(20972,22841,8048,'2016-06-01T00:46:12.000Z',0),(20973,22842,8048,'2016-06-01T00:46:12.000Z',0),(20974,22843,8048,'2016-06-01T00:46:12.000Z',0),(20975,22844,8048,'2016-06-01T00:46:12.000Z',0),(21093,22845,8048,'2016-06-01T00:46:12.000Z',0),(21094,22869,8048,'2016-06-01T00:46:12.000Z',0),(21095,22870,8048,'2016-06-01T00:46:12.000Z',0),(21096,22871,8048,'2016-06-01T00:46:12.000Z',0),(21097,22872,8048,'2016-06-01T00:46:12.000Z',0),(21098,22873,8048,'2016-06-01T00:46:12.000Z',0),(21099,22874,8048,'2016-06-01T00:46:12.000Z',0),(21100,22875,8048,'2016-06-01T00:46:12.000Z',0),(21101,22876,8048,'2016-06-01T00:46:12.000Z',0),(21102,22877,8048,'2016-06-01T00:46:12.000Z',0),(21103,22878,8048,'2016-06-01T00:46:12.000Z',0),(21104,22879,8048,'2016-06-01T00:46:12.000Z',0),(21105,22880,8048,'2016-06-01T00:46:12.000Z',0),(21106,22881,8048,'2016-06-01T00:46:12.000Z',0),(21107,22882,8048,'2016-06-01T00:46:12.000Z',0),(21108,22883,8048,'2016-06-01T00:46:12.000Z',0),(21109,22884,8048,'2016-06-01T00:46:12.000Z',0),(21110,22885,8048,'2016-06-01T00:46:12.000Z',0),(21111,22886,8048,'2016-06-01T00:46:12.000Z',0),(21112,22887,8048,'2016-06-01T00:46:12.000Z',0),(21113,22888,8048,'2016-06-01T00:46:12.000Z',0),(21114,22889,8048,'2016-06-01T00:46:12.000Z',0),(21115,22890,8048,'2016-06-01T00:46:12.000Z',0),(21116,22891,8048,'2016-06-01T00:46:12.000Z',0),(21117,22892,8048,'2016-06-01T00:46:12.000Z',0),(21118,22893,8048,'2016-06-01T00:46:12.000Z',0),(21119,22894,8048,'2016-06-01T00:46:12.000Z',0),(21120,22895,8048,'2016-06-01T00:46:12.000Z',0),(21121,22896,8048,'2016-06-01T00:46:12.000Z',0),(21122,22897,8048,'2016-06-01T00:46:12.000Z',0);

UNLOCK TABLES;

/*Data for the table `cvtermsynonym` */

LOCK TABLES `cvtermsynonym` WRITE;

insert  into `cvtermsynonym`(`cvtermsynonym_id`,`cvterm_id`,`synonym`,`type_id`) values (20001,20003,'Plant Height',1230),(20002,20003,'Main stem height',1230),(20003,20004,'Diameter',1230),(20004,20001,'HSM',1227),(20005,20070,'Haulm Weight',1230),(20006,22724,'Kernel yield',1230),(20007,20068,'Haulm Potassium',1230),(20008,20069,'Haulm Sodium',1230),(20009,20014,'Hairiness on main haulm',1230),(20010,20067,'Haulm pigmentation',1230),(20100,20006,'Delta 13C',1230),(20101,20008,'Disease Score RO:Rosette',1230),(20103,20037,'Pod per plant',1230),(20104,20056,'Seed per plant',1230),(20106,20030,'Branch per plant',1230),(20107,20007,'Disease score',1230),(20108,20012,'Seed dormancy',1230),(20110,20018,'Insect pest score',1230),(20111,20033,'Peg per plant',1230),(20113,20059,'Seed perpod',1230),(20114,20003,'Plant Height, Main stem height',1230),(20115,20004,'Canopy diameter',1230),(20116,20068,'Haulm Potassium content',1230),(20117,20069,'Haulm Sodium content',1230),(20118,22718,'Plant Number',1230),(20124,22386,'BM_DW_g',1230),(20125,22386,'BM',1230),(20126,22388,'D13C_ratio',1230),(20127,22388,'D13C',1230),(20128,22389,'DRO_pct',1230),(20129,22389,'DRO',1230),(20130,22390,'ELS_1_9',1230),(20131,22396,'HI_ratio',1230),(20132,22396,'HI',1230),(20133,22397,'LA_cm2',1230),(20134,22397,'LA',1230),(20135,22399,'LW_g',1230),(20136,22399,'LW',1230),(20137,22403,'PN_pods_pl',1230),(20138,22405,'PW_g',1230),(20139,22413,'RUST_1_9',1230),(20140,22414,'SN_seeds_pl',1230),(20141,22417,'SLA',1230),(20142,22418,'SLAH_cm2_g',1230),(20143,22418,'SLAH',1230),(20144,22419,'SLAP_cm2_g',1230),(20145,22425,'SPAD7_CCI',1230),(20146,22426,'SPADH_CCI',1230),(20147,22427,'',1230),(20148,22428,'SPADS_CCI',1230),(20149,22434,'SW_g',1230),(20150,22437,'TE, TE_g_kg_water',1230),(20151,22439,'TP',1230),(20152,22439,'TP_g',1230),(20153,22440,'VBDW',1230),(20154,22441,'VG',1230),(20155,22447,'B_1_5',1230),(20156,22447,'B',1230),(20157,22448,'BH_1_4',1230),(20158,22448,'BH',1230),(20159,22450,'BPP',1230),(20160,22452,'Con_1_5',1230),(20161,22452,'Con',1230),(20162,22454,'DE',1230),(20163,22454,'DE_days',1230),(20164,22455,'DF',1230),(20165,22455,'DF_days',1230),(20166,22458,'DS_1_5',1230),(20167,22458,'DS',1230),(20168,22459,'FC_1_4',1230),(20169,22459,'FC',1230),(20170,22460,'FCC_1_4',1230),(20171,22460,'FCC',1230),(20172,22462,'FSD_days',1230),(20173,22462,'FSD',1230),(20174,22463,'GH_1_6',1230),(20175,22463,'GH',1230),(20176,22465,'HM_0_1',1230),(20177,22465,'HM',1230),(20178,22466,'HML_1_6',1230),(20179,22467,'HSW',1230),(20180,22467,'HSWG',1230),(20181,22467,'HSWG_g',1230),(20182,22469,'IPS_1_2',1230),(20183,22469,'IPS',1230),(20184,22472,'LC_1_4',1230),(20185,22472,'LC',1230),(20186,22473,'LS_1_3',1230),(20187,22473,'LS',1230),(20188,22474,'LSp_1_5',1230),(20189,22474,'LSp',1230),(20190,22475,'MSP_1_4',1230),(20191,22475,'MSP',1230),(20192,22476,'OIL_pct',1230),(20193,22476,'OIL',1230),(20194,22477,'PROT_pct',1230),(20195,22477,'PROT',1230),(20196,22478,'PEGNo',1230),(20197,22478,'PEGNo_pegs_pl',1230),(20198,22480,'PP_0_1',1230),(20199,22480,'PP',1230),(20200,22481,'PS_1_5',1230),(20201,22481,'PS',1230),(20202,22483,'PY_g_plot',1230),(20203,22485,'R_1_3',1230),(20204,22486,'RL_1_4',1230),(20205,22487,'SAU_1_3, SAU',1230),(20206,22488,'SC_1_6',1230),(20207,22488,'SC',1230),(20208,22489,'SH_pct',1230),(20209,22489,'SH',1230),(20210,22490,'SM_pct',1230),(20211,22490,'SM',1230),(20212,22491,'SP_1_4',1230),(20213,22495,'SPP_1_3',1230),(20214,22495,'SPP',1230),(20215,22496,'SS_1_3',1230),(20216,22496,'SS',1230),(20217,22497,'ST_1_4',1230),(20218,22497,'ST',1230),(20219,22505,'PY_g_pl',1230),(20220,22506,'CG_1_8',1230),(20221,22506,'CG',1230),(20222,22566,'CH_cm',1230),(20223,22566,'CH',1230),(20224,22567,'CW_cm',1230),(20225,22567,'CW',1230),(20226,22573,'PS_cm',1230),(20227,22573,'PS',1230),(20228,22576,'PY_g_m2',1230),(20229,22576,'PY',1230),(20230,22577,'RBM_g',1230),(20231,22577,'RBM',1230),(20232,22578,'RSR_ratio',1230),(20233,22578,'RSR',1230),(20234,22673,'RD_cm',1230),(20235,22673,'RD',1230),(20236,22675,'RDM_cm',1230),(20237,22675,'RDM',1230),(20238,22683,'TRL',1230),(20239,22685,'E_1_3',1230),(20240,22685,'E',1230),(20241,22690,'SSp_1_3',1230),(20242,22699,'LW2',1230),(20243,22699,'LW2_g',1230),(20244,22701,'LA2',1230),(20245,22701,'LA2_cm2',1230),(20246,22705,'KL_pct',1230),(20247,22705,'KL',1230),(20248,22706,'KS_pct',1230),(20249,22706,'KS',1230),(20250,22708,'NaL_pct',1230),(20251,22708,'NaL',1230),(20252,22709,'NaS_pct',1230),(20253,22709,'NaS',1230),(20254,22710,'OLR_ratio',1230),(20255,22710,'OLR',1230),(20256,22715,'DH',1230),(20257,22715,'DH_days',1230),(20258,22719,'FPS_pl_plot',1230),(20259,22719,'FPS',1230),(20260,22722,'PY_kg_ha',1230),(20261,22723,'PY_t_ha',1230),(20262,22728,'SY_g_m2',1230),(20263,22729,'SY_g_pl',1230),(20264,22730,'SY_g_plot',1230),(20265,22730,'SY',1230),(20266,22731,'SY_kg_ha',1230),(20267,22732,'SY_t_ha',1230),(20268,22756,'BND_dead_pl',1230),(20269,22757,'BND_pct',1230),(20270,22760,'CR_dead_pl',1230),(20271,22761,'CR_pct',1230),(20272,22763,'LLS_1_9',1230),(20273,22766,'SR_dead_pl',1230),(20274,22767,'SR_pct',1230),(20275,22781,'SPAD',1230),(20276,22786,'PP_text',1230),(20277,22786,'PP',1230),(20278,22793,'SP_text',1230),(20279,22793,'SP',1230),(20280,22425,'SPAD7',1230),(20281,22426,'SPADH',1230),(20282,22428,'SPADS',1230),(20283,20035,'B',1227),(20284,20002,'BH',1227),(20286,20072,'BM',1227),(20287,20073,'BM',1227),(20288,22753,'BND',1227),(20289,22529,'CG',1227),(20290,20003,'CH',1227),(20291,22511,'Chl',1227),(20292,22553,'Chl',1227),(20293,20065,'Chl',1227),(20294,22554,'Chl',1227),(20295,20064,'Chl',1227),(20296,20036,'Con',1227),(20297,22758,'CR',1227),(20298,20004,'CW',1227),(20299,20006,'D13C',1227),(20300,20008,'DRO',1227),(20301,20007,'DS',1227),(20302,20055,'E',1227),(20303,20009,'ELS',1227),(20304,20005,'Em',1227),(20305,20011,'FC',1227),(20306,20010,'FCC',1227),(20307,22711,'Flw',1227),(20308,22718,'FPS',1227),(20309,20012,'FSD',1227),(20310,20013,'GH',1227),(20313,20014,'HM',1227),(20314,20015,'HML',1227),(20315,20014,'HMSt',1227),(20316,20018,'IPS',1227),(20317,20023,'KL',1227),(20318,20068,'KS',1227),(20319,20068,'KSt',1227),(20320,20021,'LA',1227),(20321,22700,'LA',1227),(20322,20022,'LC',1227),(20323,22762,'LLS',1227),(20324,20025,'LS',1227),(20325,20024,'LSp',1227),(20326,20028,'LW',1227),(20327,20029,'MSP',1227),(20328,20026,'NaL',1227),(20329,20069,'NaS',1227),(20330,20069,'NaSt',1227),(20331,20031,'Oil',1227),(20332,20032,'OLR',1227),(20333,20034,'PegPig',1227),(20334,20030,'PlntBN',1227),(20335,20020,'PlntLW',1227),(20336,20033,'PlntPegN',1227),(20337,20037,'PlntPN',1227),(20338,20042,'PlntPW',1227),(20339,20056,'PlntSN',1227),(20340,20070,'PlntStW',1227),(20341,22724,'PlntSW',1227),(20343,20034,'PP',1227),(20344,20045,'Prot',1227),(20345,20059,'PSN',1227),(20346,20041,'PSz',1227),(20347,20043,'PY',1227),(20348,20039,'R',1227),(20349,20047,'RBM',1227),(20350,20048,'RD',1227),(20351,20049,'RDM',1227),(20352,20038,'RL',1227),(20353,20050,'RL',1227),(20354,20051,'RSR',1227),(20355,20052,'Rust',1227),(20356,20053,'SAU',1227),(20357,20054,'SC',1227),(20358,20060,'SH',1227),(20359,22552,'SLA',1227),(20360,20021,'SLA',1227),(20361,20044,'SLA',1227),(20362,20063,'SM',1227),(20363,20067,'SP',1227),(20364,20064,'SPAD',1227),(20366,22511,'SPAD7',1227),(20368,22553,'SPADH',1227),(20370,22554,'SPADS',1227),(20371,20057,'SSp',1227),(20372,20058,'SSz',1227),(20373,20040,'ST',1227),(20374,20067,'StPig',1227),(20375,22764,'StR',1227),(20376,20001,'SW',1227),(20377,22724,'SY',1227),(20378,20071,'TE',1227);

UNLOCK TABLES;

/*Data for the table `variable_overrides` */

LOCK TABLES `variable_overrides` WRITE;

insert  into `variable_overrides`(`id`,`program_uuid`,`cvterm_id`,`alias`,`expected_min`,`expected_max`) values (2,NULL,22386,NULL,'0','200'),(3,NULL,22389,NULL,'0','100'),(4,NULL,22396,NULL,'0','60'),(5,NULL,22397,NULL,'0','2000'),(6,NULL,22399,NULL,'0','80'),(7,NULL,22405,NULL,'0','100'),(8,NULL,22417,NULL,'0','200'),(9,NULL,22419,NULL,'0','200'),(10,NULL,22425,NULL,'0','60'),(11,NULL,22426,NULL,'0','60'),(12,NULL,22427,NULL,'0','60'),(13,NULL,22428,NULL,'0','60'),(14,NULL,22434,NULL,'0','60'),(15,NULL,22437,NULL,'0','5'),(16,NULL,22439,NULL,'100','25000'),(17,NULL,22467,NULL,'1','100'),(18,NULL,22476,NULL,'0','40'),(19,NULL,22477,NULL,'0','70'),(20,NULL,22489,NULL,'1','70'),(21,NULL,22490,NULL,'1','50'),(22,NULL,22505,NULL,'0','70'),(23,NULL,22566,NULL,'0','10'),(24,NULL,22567,NULL,'0','10'),(25,NULL,22577,NULL,'0','20'),(26,NULL,22578,NULL,'0','10'),(27,NULL,22673,NULL,'0','150'),(28,NULL,22675,NULL,'0','1'),(29,NULL,22683,NULL,'0','2'),(30,NULL,22699,NULL,'0','10'),(31,NULL,22701,NULL,'0','100'),(32,NULL,22705,NULL,'0','100'),(33,NULL,22706,NULL,'0','100'),(34,NULL,22708,NULL,'0','100'),(35,NULL,22709,NULL,'0','100'),(36,NULL,22710,NULL,'0','40'),(37,NULL,22757,NULL,'0','100'),(38,NULL,22761,NULL,'0','100'),(39,NULL,22767,NULL,'0','100'),(40,NULL,22781,NULL,'0','60');

UNLOCK TABLES;

/*!40101 SET SQL_MODE=@OLD_SQL_MODE */;
/*!40014 SET FOREIGN_KEY_CHECKS=@OLD_FOREIGN_KEY_CHECKS */;
/*!40014 SET UNIQUE_CHECKS=@OLD_UNIQUE_CHECKS */;
/*!40111 SET SQL_NOTES=@OLD_SQL_NOTES */;
