/*                                                                                                                                  
SQLyog Community v11.28 (64 bit)                                                                                                    
MySQL - 5.6.27 : Database - curated_new_om                                                                                          
*********************************************************************                                                               
*/                                                                                                                                 
                                                                                                                                    
/*!40101 SET NAMES utf8 */;                                                                                                         
                                                                                                                                    
/*!40101 SET SQL_MODE=''*/;                                                                                                         
                                                                                                                                    
/*!40014 SET @OLD_UNIQUE_CHECKS=@@UNIQUE_CHECKS, UNIQUE_CHECKS=0 */;                                                                
/*!40014 SET @OLD_FOREIGN_KEY_CHECKS=@@FOREIGN_KEY_CHECKS, FOREIGN_KEY_CHECKS=0 */;                                                 
/*!40101 SET @OLD_SQL_MODE=@@SQL_MODE, SQL_MODE='NO_AUTO_VALUE_ON_ZERO' */;                                                         
/*!40111 SET @OLD_SQL_NOTES=@@SQL_NOTES, SQL_NOTES=0 */;                                                                            
/*Data for the table `project` */                                                                                                   
                                                                                                                                    
insert  into `project`(`project_id`,`name`,`description`,`program_uuid`) values
(3000,'Templates','Templates',NULL),
(3001,'Nursery Template','Nursery Template for GroundNut',NULL),
(3002,'Nursery Template-ENVIRONMENT','Nursery Template-ENVIRONMENT',NULL),
(3003,'Nursery Template-PLOTDATA','Nursery Template-PLOTDATA',NULL),
(3004,'Trial Template','Trial Template for Groundnut',NULL),
(3005,'Trial Template-ENVIRONMENT','Trial Template-ENVIRONMENT',NULL),
(3006,'Trial Template-PLOTDATA','Trial Template-PLOTDATA',NULL);
                                                                                                                                    
/*Data for the table `project_relationship` */                                                                                      
                                                                                                                                    
insert  into `project_relationship`(`project_relationship_id`,`subject_project_id`,`object_project_id`,`type_id`) values
(3000,3000,1,1140),
(3001,3001,3000,1145),
(3002,3002,3001,1150),
(3003,3003,3001,1150),
(3004,3004,3000,1145),
(3005,3005,3004,1150),
(3006,3006,3004,1150);
                                                                                                                                    
/*Data for the table `projectprop` */                                                                                               
                                                                                                                                    
insert  into `projectprop`(`projectprop_id`,`project_id`,`type_id`,`value`,`rank`) values
(3004,3001,1805,'STUDY_NAME',3),
(3005,3001,1060,'Study - assigned (DBCV)',3),
(3006,3001,1070,'8005',3),
(3007,3001,1805,'STUDY_TITLE',4),
(3008,3001,1060,'Study title - assigned (text)',4),
(3009,3001,1070,'8007',4),
(3010,3001,1805,'START_DATE',5),
(3011,3001,1060,'Start date - assigned (date)',5),
(3012,3001,1070,'8050',5),
(3013,3001,1805,'STUDY_OBJECTIVE',6),
(3014,3001,1060,'Objective - described (text)',6),
(3015,3001,1070,'8030',6),
(3016,3001,1805,'END_DATE',7),
(3017,3001,1060,'End date - assigned (date)',7),
(3018,3001,1070,'8060',7),
(3019,3001,1805,'Study_UID',8),
(3020,3001,1060,'ID of the user entering the study data - assigned (DBID)',8),
(3021,3001,1070,'8020',8),
(3022,3001,1805,'STUDY_UPDATE',9),
(3023,3001,1060,'Date the study was last updated - assigned (YYYYMMDD)',9),
(3024,3001,1070,'8009',9),
(3025,3001,1805,'STUDY_BMETH',10),
(3026,3001,1060,'Breeding method applied to all plots (DBCV)',10),
(3027,3001,1070,'8256',10),
(3028,3001,1806,'TRIAL_INSTANCE',11),
(3029,3001,1060,'TRIAL_INSTANCE',11),
(3030,3001,1070,'8170',11),
(3031,3001,1805,'STUDY_TYPE',1),
(3032,3001,1060,'Study type',1),
(3033,3001,1070,'8070',1),
(3034,3001,8070,'10000',1),
(3035,3001,8251,NULL,2),
(3036,3001,8050,'20140815',5),
(3037,3001,8030,NULL,6),
(3038,3001,8060,NULL,7),
(3039,3001,8020,'-1',8),
(3040,3001,8009,'20140815',9),
(3041,3001,8256,NULL,10),
(3042,3002,1806,'TRIAL_INSTANCE',4),
(3043,3002,1060,'TRIAL_INSTANCE',4),
(3044,3002,1070,'8170',4),
(3045,3002,1805,'DATASET_NAME',1),
(3046,3002,1060,'Dataset name',1),
(3047,3002,1070,'8150',1),
(3048,3002,1805,'DATASET_TITLE',2),
(3049,3002,1060,'Dataset title',2),
(3050,3002,1070,'8155',2),
(3051,3002,1805,'DATASET_TYPE',3),
(3052,3002,1060,'Dataset type',3),
(3053,3002,1070,'8160',3),
(3054,3002,8160,'10080',3),
(3055,3003,1806,'TRIAL_INSTANCE',4),
(3056,3003,1060,'TRIAL_INSTANCE',4),
(3057,3003,1070,'8170',4),
(3058,3003,1805,'DATASET_NAME',1),
(3059,3003,1060,'Dataset name',1),
(3060,3003,1070,'8150',1),
(3061,3003,1805,'DATASET_TITLE',2),
(3062,3003,1060,'Dataset title',2),
(3063,3003,1070,'8155',2),
(3064,3003,1805,'DATASET_TYPE',3),
(3065,3003,1060,'Dataset type',3),
(3066,3003,1070,'8160',3),
(3067,3003,1804,'ENTRY_NO',5),
(3068,3003,1060,'Germplasm entry - enumerated (number)',5),
(3069,3003,1070,'8230',5),
(3070,3003,1804,'DESIGNATION',6),
(3071,3003,1060,'Germplasm identifier - assigned (DBCV)',6),
(3072,3003,1070,'8250',6),
(3073,3003,1804,'CROSS',7),
(3074,3003,1060,'The pedigree string of the germplasm',7),
(3075,3003,1070,'8377',7),
(3076,3003,1804,'GID',8),
(3077,3003,1060,'Germplasm identifier - assigned (DBID)',8),
(3078,3003,1070,'8240',8),
(3079,3003,1810,'PLOT_NO',9),
(3080,3003,1060,'Field plot - enumerated (number)',9),
(3081,3003,1070,'8200',9),
(3082,3003,1804,'SOURCE',10),
(3083,3003,1060,'The seed source of the germplasm - selected (Name)',10),
(3084,3003,1070,'8378',10),
(3085,3003,1808,'Harv_DT_day',11),
(3086,3003,1060,'Harvest time BY Days to harvest - Method IN day',11),
(3087,3003,1070,'22715',11),
(3088,3003,1808,'Flw_DT_day',12),
(3089,3003,1060,'Flowering time BY Days to 75% flowering - Method IN day',12),
(3090,3003,1070,'22455',12),
(3091,3003,1808,'FSD_Ct_day',13),
(3092,3003,1060,'Fresh seed dormancy BY Fresh seed dormancy - Method IN day',13),
(3093,3003,1070,'22462',13),
(3094,3003,1808,'HI_Calc_ratio',14),
(3095,3003,1060,'Harvest index BY Harvest index - Method IN ratio',14),
(3096,3003,1070,'22396',14),
(3097,3003,1808,'SW_100S_g',15),
(3098,3003,1060,'Seed weight BY 100 seed weight - Method IN g',15),
(3099,3003,1070,'22467',15),
(3103,3003,1808,'SM_Calc_pct',17),
(3104,3003,1060,'Seed sound mature proportion BY Seed sound mature proportion - Method IN %',17),
(3105,3003,1070,'22490',17),
(3106,3003,1808,'NOTES',18),
(3107,3003,1060,'Field notes - observed (text)',18),
(3108,3003,1070,'8390',18),
(3109,3003,1807,'NPSEL',19),
(3110,3003,1060,'Number of plants selected - counted (number)',19),
(3111,3003,1070,'8263',19),
(3112,3003,8160,'10090',3),
(3113,3004,1805,'STUDY_NAME',2),
(3114,3004,1060,'Study - assigned (DBCV)',2),
(3115,3004,1070,'8005',2),
(3116,3004,1805,'STUDY_TITLE',3),
(3117,3004,1060,'Study title - assigned (text)',3),
(3118,3004,1070,'8007',3),
(3119,3004,1805,'STUDY_OBJECTIVE',4),
(3120,3004,1060,'Objective - described (text)',4),
(3121,3004,1070,'8030',4),
(3122,3004,1805,'START_DATE',5),
(3123,3004,1060,'Start date - assigned (date)',5),
(3124,3004,1070,'8050',5),
(3125,3004,1805,'END_DATE',6),
(3126,3004,1060,'End date - assigned (date)',6),
(3127,3004,1070,'8060',6),
(3128,3004,1805,'STUDY_UID',7),
(3129,3004,1060,'ID of the user entering the study data - assigned (DBID)',7),
(3130,3004,1070,'8020',7),
(3131,3004,1805,'STUDY_TYPE',1),
(3132,3004,1060,'Study type',1),
(3133,3004,1070,'8070',1),
(3134,3004,8070,'10010',1),
(3135,3004,8030,NULL,4),
(3136,3004,8050,'20140815',5),
(3137,3004,8060,NULL,6),
(3138,3004,8020,'-1',7),
(3139,3005,1806,'TRIAL_INSTANCE',4),
(3140,3005,1060,'Trial instance - enumerated (number)',4),
(3141,3005,1070,'8170',4),
(3142,3005,1806,'LOCATION_ID',5),
(3143,3005,1060,'Location - selected (DBID)',5),
(3144,3005,1070,'8190',5),
(3145,3005,1806,'LOCATION_NAME',6),
(3146,3005,1060,'Location - selected (DBCV)',6),
(3147,3005,1070,'8180',6),
(3148,3005,1806,'COOPERATOR_ID_ID',7),
(3149,3005,1060,'COOPERATOR ID -Assigned (DBID)',7),
(3150,3005,1070,'8372',7),
(3151,3005,1806,'COOPERATOR_ID',8),
(3152,3005,1060,'COOPERATOR NAME',8),
(3153,3005,1070,'8373',8),
(3154,3005,1802,'SITE_SOIL_PH',9),
(3155,3005,1060,'Soil acidity - ph meter (pH)',9),
(3156,3005,1070,'8270',9),
(3157,3005,1805,'DATASET_NAME',1),
(3158,3005,1060,'Dataset name',1),
(3159,3005,1070,'8150',1),
(3160,3005,1805,'DATASET_TITLE',2),
(3161,3005,1060,'Dataset title',2),
(3162,3005,1070,'8155',2),
(3163,3005,1805,'DATASET_TYPE',3),
(3164,3005,1060,'Dataset type',3),
(3165,3005,1070,'8160',3),
(3166,3005,8160,'10080',3),
(3167,3006,1806,'TRIAL_INSTANCE',4),
(3168,3006,1060,'Trial instance - enumerated (number)',4),
(3169,3006,1070,'8170',4),
(3170,3006,1806,'LOCATION_ID',5),
(3171,3006,1060,'Location - selected (DBID)',5),
(3172,3006,1070,'8190',5),
(3173,3006,1806,'LOCATION_NAME',6),
(3174,3006,1060,'Location - selected (DBCV)',6),
(3175,3006,1070,'8180',6),
(3176,3006,1806,'COOPERATOR_ID_ID',7),
(3177,3006,1060,'COOPERATOR ID -Assigned (DBID)',7),
(3178,3006,1070,'8372',7),
(3179,3006,1806,'COOPERATOR_ID',8),
(3180,3006,1060,'COOPERATOR NAME',8),
(3181,3006,1070,'8373',8),
(3182,3006,1802,'SITE_SOIL_PH',9),
(3183,3006,1060,'Soil acidity - ph meter (pH)',9),
(3184,3006,1070,'8270',9),
(3185,3006,1805,'DATASET_NAME',1),
(3186,3006,1060,'Dataset name',1),
(3187,3006,1070,'8150',1),
(3188,3006,1805,'DATASET_TITLE',2),
(3189,3006,1060,'Dataset title',2),
(3190,3006,1070,'8155',2),
(3191,3006,1805,'DATASET_TYPE',3),
(3192,3006,1060,'Dataset type',3),
(3193,3006,1070,'8160',3),
(3194,3006,1804,'ENTRY_TYPE',10),
(3195,3006,1060,'Entry type (test/check)- assigned (type)',10),
(3196,3006,1070,'8255',10),
(3197,3006,1804,'GID',11),
(3198,3006,1060,'Germplasm identifier - assigned (DBID)',11),
(3199,3006,1070,'8240',11),
(3200,3006,1804,'DESIGNATION',12),
(3201,3006,1060,'Germplasm identifier - assigned (DBCV)',12),
(3202,3006,1070,'8250',12),
(3203,3006,1804,'ENTRY_NO',13),
(3204,3006,1060,'Germplasm entry - enumerated (number)',13),
(3205,3006,1070,'8230',13),
(3206,3006,1808,'B_E_1to5',14),
(3207,3006,1060,'Pod beak BY Pod beak - MethodIN 1-5 Pod beak score',14),
(3208,3006,1070,'22447',14),
(3209,3006,1808,'BH_E_1to4',15),
(3210,3006,1060,'Branching habit BY Branching habit  - Method IN 1-4 Branching score',15),
(3211,3006,1070,'22448',15),
(3212,3006,1808,'BM_DW_g',16),
(3213,3006,1060,'Biomass BY Biomass DW - Method IN g',16),
(3214,3006,1070,'22386',16),
(3215,3006,1808,'PlntBN_Ct_br',17),
(3216,3006,1060,'Plant branch number BY Plant branch number - Method IN branch',17),
(3217,3006,1070,'22450',17),
(3218,3006,1808,'CG_E_1to8',18),
(3219,3006,1060,'Cultivar group BY Cultivar group - Method IN 1-8 Cultivar group score',18),
(3220,3006,1070,'22506',18),
(3221,3006,1808,'Con_E_1to5',19),
(3222,3006,1060,'Pod constrictionBY Pod constriction - Method IN 1-5 Pod constriction score',19),
(3223,3006,1070,'22452',19),
(3224,3006,1808,'D13C_M_ratio',20),
(3225,3006,1060,'Leaf Carbon isotope discrimination BY Leaf Delta 13C - Method IN ratio',20),
(3226,3006,1070,'22388',20),
(3227,3006,1808,'Em_DT_day',21),
(3228,3006,1060,'Emergence time BY Days to 75% emergence - Method IN day',21),
(3229,3006,1070,'22454',21),
(3230,3006,1808,'Flw_DT_day',22),
(3231,3006,1060,'Flowering time BY Days to 75% flowering - Method IN day',22),
(3232,3006,1070,'22455',22),
(3233,3006,1808,'Harv_DT_day',23),
(3234,3006,1060,'Harvest time BY Days to harvest - Method IN day',23),
(3235,3006,1070,'22715',23),
(3236,3006,1808,'DRO_E_pct',24),
(3237,3006,1060,'Rosette disease incidence BY Rosette disease incidence - Method IN %',24),
(3238,3006,1070,'22389',24),
(3239,3006,1808,'DS_E_1to5',25),
(3240,3006,1060,'General disease severity BY General disease severity  - Method IN 1-5 Disease score',25),
(3241,3006,1070,'22458',25),
(3242,3006,1808,'FC_E_1to4',26),
(3243,3006,1060,'Flower standard petal color BY Flower standard petal color - Method IN 1-4 Flower Std Petal color score',26),
(3244,3006,1070,'22459',26),
(3245,3006,1808,'FCC_E_1to4',27),
(3246,3006,1060,'Flower crescent color  BY Flower crescent color - Method IN 1-4 Flower Crescent color score',27),
(3247,3006,1070,'22460',27),
(3248,3006,1808,'FPS_Ct_Plnt',28),
(3249,3006,1060,'Final plant stand BY Final plant stand  - Method IN plant/plot',28),
(3250,3006,1070,'22719',28),
(3251,3006,1808,'FSD_Ct_day',29),
(3252,3006,1060,'Fresh seed dormancy BY Fresh seed dormancy - MethodIN day',29),
(3253,3006,1070,'22462',29),
(3254,3006,1808,'GH_E_1to6',30),
(3255,3006,1060,'Growth habit BY Growth habit - Method IN 1-6Growth habit score',30),
(3256,3006,1070,'22463',30),
(3257,3006,1808,'HI_Calc_ratio',31),
(3258,3006,1060,'Harvest index BY Harvestindex - Method IN ratio',31),
(3259,3006,1070,'22396',31),
(3260,3006,1808,'HMSt_E_0to1',32),
(3261,3006,1060,'Hairiness on mainstem BY Hairiness on mainstem - Method IN 0-1 Stem haireness score',32),
(3262,3006,1070,'22465',32),
(3263,3006,1808,'HML_E_1to6',33),
(3264,3006,1060,'Hairiness on mature leaflet BY Hairiness on matureleaflet - Method IN 1-6 Leaflet haireness score',33),
(3265,3006,1070,'22466',33),
(3266,3006,1808,'SW_100S_g',34),
(3267,3006,1060,'Seed weight BY 100 seed weight - Method IN g',34),
(3268,3006,1070,'22467',34),
(3269,3006,1808,'HYLD',35),
(3270,3006,1060,'Haulm yield',35),
(3271,3006,1070,'22468',35),
(3272,3006,1808,'IPS_E_0to1',36),
(3273,3006,1060,'Insect pest damage BY Insect pest score  - Method IN 0-1 pest damage score',36),
(3274,3006,1070,'22469',36),
(3281,3006,1808,'LC_E_1to4',39),
(3282,3006,1060,'Leaf color BY Leaf color - Method IN 1-4 Leaf color score',39),
(3283,3006,1070,'22472',39),
(3284,3006,1808,'LS_E_1to3',40),
(3285,3006,1060,'Leaf size BY Leaf size - Method IN 1-3 Leaf size score',40),
(3286,3006,1070,'22473',40),
(3287,3006,1808,'LSp_E_1to5',41),
(3288,3006,1060,'Leaf shape BY Leaf shape - Method IN 1-5 Leaf shape score',41),
(3289,3006,1070,'22474',41),
(3290,3006,1808,'MSP_E_1to4',42),
(3291,3006,1060,'Marking on standard petal BY Marking on standard petal  -Method IN 1-4 Marking on standard petal score',42),
(3292,3006,1070,'22475',42),
(3293,3006,1808,'Oil_M_pct',43),
(3294,3006,1060,'Seed oil content BY Seed Oil content  - Method IN%',43),
(3295,3006,1070,'22476',43),
(3296,3006,1808,'PlntPegN_Ct_peg',44),
(3297,3006,1060,'Plant peg number BY Plant peg number - Method IN peg',44),
(3298,3006,1070,'22478',44),
(3299,3006,1808,'PlntPN_Ct_pod',45),
(3300,3006,1060,'Plant pod number BY Plant pod number - Method IN pod',45),
(3301,3006,1070,'22403',45),
(3302,3006,1808,'PegPig_E_0to1',46),
(3303,3006,1060,'Peg pigmentation BY Peg pigmentation - Method IN 0-1 Peg pigmentation score',46),
(3304,3006,1070,'22480',46),
(3305,3006,1808,'PSz_E_1to5',47),
(3306,3006,1060,'Pod size BY Pod size - Method IN 1-5 Pod size score',47),
(3307,3006,1070,'22481',47),
(3308,3006,1808,'PlntPW_PPDW_g',48),
(3309,3006,1060,'Plant pod weight BY Pod weight per plant - Method IN g',48),
(3310,3006,1070,'22405',48),
(3311,3006,1808,'PY_M_gPlot',49),
(3312,3006,1060,'Pod yield BY Pod yield weighing - Method IN g/plot',49),
(3313,3006,1070,'22483',49),
(3317,3006,1808,'RL_1_4',51),
(3318,3006,1060,'Pod reticulation BY Pod reticulation - Method IN 1-4Pod reticulation score',51),
(3319,3006,1070,'22486',51),
(3320,3006,1808,'R_E_1to3',52),
(3321,3006,1060,'Pod ridge BY Pod ridge - Method IN 1-3 Pod ridge score',52),
(3322,3006,1070,'22485',52),
(3323,3006,1808,'SAU_E_1to3',53),
(3324,3006,1060,'Seed appearance and uniformity BY Seed appearance and uniformity -Method IN 1-3 Seed appearance score',53),
(3325,3006,1070,'22487',53),
(3326,3006,1808,'SC_E_1to6',54),
(3327,3006,1060,'Seed color BYSeed color - Method IN 1-6 Seed color score',54),
(3328,3006,1070,'22488',54),
(3329,3006,1808,'SH_Calc_pct',55),
(3330,3006,1060,'Shelling ratio BY Pod shelling ratio - Method IN %',55),
(3331,3006,1070,'22489',55),
(3332,3006,1808,'SM_Calc_pct',56),
(3333,3006,1060,'Seed sound mature proportion BY Seed sound mature proportion - Method IN %',56),
(3334,3006,1070,'22490',56),
(3335,3006,1808,'StPig_E_1to4',57),
(3336,3006,1060,'Stem pigmentation BY Stem pigmentation - Method IN 1-4 Stem pigmentation score',57),
(3337,3006,1070,'22491',57),
(3338,3006,1808,'Chl_M_CCI_T7d',58),
(3339,3006,1060,'Leaf chlorophyll content BY Leaf chlorophyll content - Method - At 7 days after treatment IN CCI',58),
(3340,3006,1070,'22425',58),
(3341,3006,1808,'Chl_M_CCI_Tharv',59),
(3342,3006,1060,'Leaf chlorophyll content BY Leaf chlorophyll content - Method - At harvest IN CCI',59),
(3343,3006,1070,'22426',59),
(3344,3006,1808,'Chl_M_CCI_Tstart',60),
(3345,3006,1060,'Leaf chlorophyll content BY Leaf chlorophyll content - Method - At start IN CCI',60),
(3346,3006,1070,'22428',60),
(3347,3006,1808,'PSN_Ct_1to3',61),
(3348,3006,1060,'Pod seed number BY Pod seed number - Method IN 1-3 Seed per pod score',61),
(3349,3006,1070,'22495',61),
(3350,3006,1808,'SSz_E_1to3',62),
(3351,3006,1060,'Seed size BY Seed size - Method IN 1-3 Seed size score',62),
(3352,3006,1070,'22496',62),
(3353,3006,1808,'ST_E_1to4',63),
(3354,3006,1060,'Pod shell thickness BY Pod shell thickness - Method IN 1-4 Pod shell thickness score',63),
(3355,3006,1070,'22497',63),
(3356,3006,1808,'TE_Calc_gkgH2O',64),
(3357,3006,1060,'Transpirationefficiency BY Transpiration efficiency - Method IN g/kgwater',64),
(3358,3006,1070,'22437',64),
(3359,3006,1808,'TP_M_g',65),
(3360,3006,1060,'Transpiration BY Transpiration - Method IN g',65),
(3361,3006,1070,'22439',65),
(3362,3006,1808,'NOTES',66),
(3363,3006,1060,'Field notes - observed (text)',66),
(3364,3006,1070,'8390',66),
(3365,3006,1808,'Prot_pct',67),
(3366,3006,1060,'Seed protein content BY Seed Protein content - Method IN %',67),
(3367,3006,1070,'22477',67),
(3368,3006,8160,'10090',3),
(3369,3004,1060,'Name of the Principal Investigator',8),
(3370,3004,1805,'PI_NAME',8),
(3371,3004,8100,NULL,8),
(3372,3004,1070,'8100',8),
(3373,3004,8110,NULL,9),
(3374,3004,1805,'PI_ID',9),
(3375,3004,1070,'8110',9),
(3376,3004,1060,'ID of the Principal Investigator',9),
(3377,3001,1070,'8100',12),
(3378,3001,1805,'PI_NAME',12),
(3379,3001,8100,NULL,12),
(3380,3001,1060,'Name of the Principal Investigator',12),
(3381,3001,1070,'8110',13),
(3382,3001,1060,'ID of the Principal Investigator',13),
(3383,3001,1805,'PI_ID',13),
(3384,3001,8110,NULL,13),
(3385,3002,1070,'8180',5),
(3386,3002,8180,NULL,5),
(3387,3002,1060,'NURSERY SITE NAME',5),
(3388,3002,1806,'SITE',5),
(3389,3002,1060,'NURSERY SITE ID',6),
(3390,3002,1070,'8190',6),
(3391,3002,1806,'SITE_ID',6),
(3392,3002,8190,NULL,6),
(3393,3006,1060,'Field plot id - assigned (text)',68),
(3394,3006,1070,'8201',68),
(3395,3006,1804,'PLOT_ID',68),
(3396,3003,1060,'Field plot id - assigned (text)',20),
(3397,3003,1070,'8201',20),
(3398,3003,1804,'PLOT_ID',20);
                                                                                                                                    
/*!40101 SET SQL_MODE=@OLD_SQL_MODE */;                                                                                             
/*!40014 SET FOREIGN_KEY_CHECKS=@OLD_FOREIGN_KEY_CHECKS */;                                                                         
/*!40014 SET UNIQUE_CHECKS=@OLD_UNIQUE_CHECKS */;                                                                                   
/*!40111 SET SQL_NOTES=@OLD_SQL_NOTES */;                                                                                           
