-- MySQL dump 10.13  Distrib 5.6.35, for Win64 (x86_64)                                                                             
--                                                                                                                                  
-- Host: localhost    Database: ibdbv2_sweetpotato_merged_nom_v7                                                                    
-- ------------------------------------------------------                                                                           
-- Server version	5.6.35                                                                                                            
                                                                                                                                    
/*!40101 SET @OLD_CHARACTER_SET_CLIENT=@@CHARACTER_SET_CLIENT */;                                                                   
/*!40101 SET @OLD_CHARACTER_SET_RESULTS=@@CHARACTER_SET_RESULTS */;                                                                 
/*!40101 SET @OLD_COLLATION_CONNECTION=@@COLLATION_CONNECTION */;                                                                   
/*!40101 SET NAMES utf8 */;                                                                                                         
/*!40103 SET @OLD_TIME_ZONE=@@TIME_ZONE */;                                                                                         
/*!40103 SET TIME_ZONE='+00:00' */;                                                                                                 
/*!40014 SET @OLD_UNIQUE_CHECKS=@@UNIQUE_CHECKS, UNIQUE_CHECKS=0 */;                                                                
/*!40014 SET @OLD_FOREIGN_KEY_CHECKS=@@FOREIGN_KEY_CHECKS, FOREIGN_KEY_CHECKS=0 */;                                                 
/*!40101 SET @OLD_SQL_MODE=@@SQL_MODE, SQL_MODE='NO_AUTO_VALUE_ON_ZERO' */;                                                         
/*!40111 SET @OLD_SQL_NOTES=@@SQL_NOTES, SQL_NOTES=0 */;                                                                            
                                                                                                                                    
--                                                                                                                                  
-- Dumping data for table `cv`                                                                                                      
--                                                                                                                                  
                                                                                                                                    
LOCK TABLES `cv` WRITE;                                                                                                             
/*!40000 ALTER TABLE `cv` DISABLE KEYS */;                                                                                          
INSERT INTO `cv` (`cv_id`, `name`, `definition`) VALUES
(20001,'25000','PltTyp_Et_3to9'),
(20002,'25001','GroCov_Et_3to9'),
(20003,'25002','PltTwg_Et_0to9'),
(20004,'25003','PrdVinC_Et_1to9'),
(20005,'25004','SecVinC_Et_0to9'),
(20006,'25005','VinTpP_Et_0to9'),
(20007,'25006','VinInLg_Et_1to9'),
(20008,'25007','VinInD_Et_1to9'),
(20009,'25008','LefOut_Et_1to7'),
(20010,'25009','LefLbT_Et_0to9'),
(20011,'25010','LefLbN_Et_1to9'),
(20012,'25011','LefLCS_Et_0to9'),
(20013,'25012','LefLMS_Et_3to9'),
(20014,'25013','LefAVP_Et_1to9'),
(20015,'25014','LefCMt_Et_1to9'),
(20016,'25015','LefCIm_Et_1to9'),
(20017,'25016','FlrPtP_Et_1to9'),
(20018,'25017','FlrPtL_Et_1to9'),
(20019,'25018','FlrCol_Et_1to6'),
(20020,'25019','PSknCol_Et_1to9'),
(20021,'25020','IntCol_Et_1to3'),
(20022,'25021','ScSknCol_Et_1to10'),
(20023,'25022','PFlsCol_Et_1to9'),
(20024,'25023','SecFlsCol_Et_0to9'),
(20025,'25024','DSecFlsCol_Et_1to9'),
(20026,'25025','RtsSh_Et_1to9'),
(20027,'25026','RtsLxP_Et_3to7'),
(20028,'25027','RtOxi_Et_3to7'),
(20029,'25028','RtsSiz_Et_1to9'),
(20030,'25029','RtsCth_Et_1to9'),
(20031,'25031','VirSm_Et_1to9'),
(20032,'25032','VinVg_Et_1to9'),
(20033,'25033','AltSm_Et_1to9'),
(20034,'25034','RtsFrm_Et_1to9'),
(20035,'25036','WvlSm_Et_1to9'),
(20036,'25046','RtsCr_Et_0to7'),
(20037,'25051','FlsFb_Et_1to9'),
(20038,'25053','FlsSw_Et_1to9'),
(20039,'25054','FlsTx_Et_1to9CH'),
(20040,'25055','FlsTx_Et_1to9CG'),
(20041,'25056','FlsTs_Et_1to9'),
(20042,'25057','FlsAp_Et_1to9'),
(20043,'25058','RtsSpA_Et_1to9');
/*!40000 ALTER TABLE `cv` ENABLE KEYS */;                                                                                           
UNLOCK TABLES;                                                                                                                      
                                                                                                                                    
--                                                                                                                                  
-- Dumping data for table `cvterm`                                                                                                  
--                                                                                                                                  
                                                                                                                                    
LOCK TABLES `cvterm` WRITE;                                                                                                         
/*!40000 ALTER TABLE `cvterm` DISABLE KEYS */;                                                                                      
INSERT INTO `cvterm` (`cvterm_id`, `cv_id`, `name`, `definition`, `dbxref_id`, `is_obsolete`, `is_relationshiptype`) VALUES
(15120,1010,'Harvest index','Harvest index',NULL,0,0),
(20000,1010,'Plant Type','Length of the main vines',NULL,0,0),
(20001,1010,'Ground Cover','Soil area covered by plant canopy',NULL,0,0),
(20002,1010,'Twining','Ability of vines to climb adjacent stakes placed in those accessions showing twining characteristics',NULL,0,0),
(20003,1010,'Predominant Vine Color','Anthocyanin (purple) pigmentation presentin the predominant vine besides the green color',NULL,0,0),
(20004,1010,'Secondary Vine Color','Anthocyanin (purple) pigmentation present in the secondary vine besides the green color',NULL,0,0),
(20005,1010,'Vine Tips Pubescence','Degree of hairiness of immature leaves recorded at the apex of the vines',NULL,0,0),
(20006,1010,'Vine internode length','Measurement of the vine internode length',NULL,0,0),
(20007,1010,'Vine internode diameter','Measurement of the vine internode diameter',NULL,0,0),
(20008,1010,'General Outline ofthe Leaf','Outline i.e., shape of a leaf located in the middle section of the vine',NULL,0,0),
(20009,1010,'Leaf Lobe Type','Type ofthe lobe of a leaf located in the middle section of the vine',NULL,0,0),
(20010,1010,'Leaf Lobe Number','Number of lateral and central leaf lobes of leaves located in the middle section of the vine',NULL,0,0),
(20011,1010,'Shape of Central Leaf Lobe','Shape of the central leaf lobe of a leaf located in the middle section of the vine',NULL,0,0),
(20012,1010,'Mature Leaf Size','Length of the leaf defined as the distance between the basal lobes and the tip of the leave.',NULL,0,0),
(20013,1010,'Abaxial Leaf Vein Pigmentation','Distribution of anthocyanin (purple) pigmentation shown in the veins of the lower surface of a leaf',NULL,0,0),
(20014,1010,'Mature Leaf Color','Describe the overall foliage color considering the color of fully expanded mature leaves of several plants.',NULL,0,0),
(20015,1010,'Immature Leaf Color','Describe the overall foliage color considering the color of fully expanded immature leaves of several plants.',NULL,0,0),
(20016,1010,'Petiole Pigmentation','Distribution of anthocyanin (purple) pigmentation in the petioles of leaves. Indicate the most predominant color first.',NULL,0,0),
(20017,1010,'Petiole length','Petiole length from the base to the insertionwith the blade',NULL,0,0),
(20018,1010,'Flower color','The most representative color in the flowers',NULL,0,0),
(20019,1010,'Predominant Skin color','The most representative skin color  of the root',NULL,0,0),
(20020,1010,'Intensity of Predominant Skin color','Intensity of Predominant Skin color of the root',NULL,0,0),
(20021,1010,'Secondary Skin color','The less representative skin color of the root',NULL,0,0),
(20022,1010,'Predominant Flesh color','The most representative flesh color of the root',NULL,0,0),
(20023,1010,'Secondary Flesh color','The less representative flesh color of the root',NULL,0,0),
(20024,1010,'Distribution of Secondary Flesh color','Distribution of Secondary Flesh color of the root',NULL,0,0),
(20025,1010,'Storage Root Shape','Overall assessment of storage root shape',NULL,0,0),
(20026,1010,'Latex Production in Storage Roots','Amount of latex observed after cross sectioning medium-sized storage roots',NULL,0,0),
(20027,1010,'Oxidation in Storage Roots','Amount of browning due to oxidation',NULL,0,0),
(20028,1010,'Storage root size','Overall assessment of storage root size based on inspection of the harvested roots',NULL,0,0),
(20029,1010,'Storage root cortex thickness','Thicknes of  the outermost layer of a stem or root in a plant (cortex)',NULL,0,0),
(20030,1010,'Number of plants established','Number of plants established',NULL,0,0),
(20031,1010,'Virus symptoms','Virus symptoms evaluation',NULL,0,0),
(20032,1010,'Vinevigor','Vine vigor evaluation',NULL,0,0),
(20033,1010,'Reaction to Early Blight: (Alternaria spp)','Alternaria symptoms evaluation',NULL,0,0),
(20034,1010,'Storage root form','Overall assessment of storage root form',NULL,0,0),
(20035,1010,'Number of storage root damages','Root with structural damages',NULL,0,0),
(20036,1010,'Reaction to sweet potato weevil','Overall assessment of weevil damage based on inspection of the harvested roots; early.',NULL,0,0),
(20037,1010,'Number of plants with storage roots','Number of plants with storage roots',NULL,0,0),
(20038,1010,'Number of commercial storage roots','Number of roots that are 12-20 cmálongáand 10 cm in diameter',NULL,0,0),
(20039,1010,'Number of non-commercial storage roots','Number of  small and large roots (10 > x < 20 cmálong)',NULL,0,0),
(20040,1010,'Weight of commercial storage roots','Weight of roots 12-20 cmálongáand 10 cm in diameter',NULL,0,0),
(20041,1010,'Weight of non-commercial storage roots','Weight of  small and large roots (10 > x < 20 cmálong)',NULL,0,0),
(20042,1010,'Weight of vines','Weight of vines',NULL,0,0),
(20043,1010,'Total number of root','Total number of root after harvest',NULL,0,0),
(20045,1010,'Total root weight','Total weight of root  after harvest',NULL,0,0),
(20046,1010,'Storage root cracking','Storage root cracking',NULL,0,0),
(20047,1010,'Fresh weight of storage root','Fresh weight of storage root samples',NULL,0,0),
(20048,1010,'Dry weight of storageroot','Dry weight of storage root samples',NULL,0,0),
(20049,1010,'Fresh weight of vines','Fresh weight of vines',NULL,0,0),
(20050,1010,'Dry weight of vines','Dry weight of vines',NULL,0,0),
(20051,1010,'Fiber cooked','Fiber content in cooked samples',NULL,0,0),
(20052,1010,'Fiber content','Fiber content in fresh samples',NULL,0,0),
(20053,1010,'Sweetness of boiled storage root flesh','Sweetness of boiled root',NULL,0,0),
(20054,1010,'Texture of boiled storage root flesh','Storage root texture after boiling',NULL,0,0),
(20056,1010,'Overall taste of cooked sample','Overall taste of cooked sample',NULL,0,0),
(20057,1010,'Overall appearance of cooked sample','Appearance of cooked sample',NULL,0,0),
(20058,1010,'Sprouting ability','ability to produce new sprout',NULL,0,0),
(20059,1010,'Proteincontent','Protein content of the root',NULL,0,0),
(20060,1010,'Iron content','Content of iron on dry weight basis of the root',NULL,0,0),
(20061,1010,'Zinc content','Content of zinc on dry weight basis of the root',NULL,0,0),
(20062,1010,'Calcium content','Content of calcium on dry weight basis of the root',NULL,0,0),
(20063,1010,'Magnesium content','Content of magnesium on dry weight basis of the root',NULL,0,0),
(20064,1010,'Beta-carotene content','Beta carotene content of the root',NULL,0,0),
(20065,1010,'Total carotenoids','Total carotenoids content of the root',NULL,0,0),
(20066,1010,'Storage root starch content','Storage root starch content evaluated in percentage dry weight',NULL,0,0),
(20067,1010,'Fructose content','Fructose content of the root',NULL,0,0),
(20068,1010,'Glucose content','Glucose content of the root',NULL,0,0),
(20069,1010,'Sucrose content','Sucrose content  of the root',NULL,0,0),
(20070,1010,'Maltose content','Maltose content  of the root',NULL,0,0),
(20071,1010,'Yield of total roots','Yield evaluated in the harvest',NULL,0,0),
(20072,1010,'Storage root dry matter content','Storage root dry matter content',NULL,0,0),
(20073,1010,'Survival index','Survival index',NULL,0,0),
(21000,1020,'Observation of Plant Type','Visual estimation',NULL,0,0),
(21001,1020,'Observation of Ground Cover','Visual estimation',NULL,0,0),
(21002,1020,'Observation of Twining','Visual estimation',NULL,0,0),
(21003,1020,'Observation of Predominant Vine Color','Visual estimation',NULL,0,0),
(21004,1020,'Observation of Secondary Vine Color','Visual estimation',NULL,0,0),
(21005,1020,'Observation of Vine Tips Pubescence','Visual estimation',NULL,0,0),
(21006,1020,'Average length of at least three internodes located in the middle section of the vine','Visual estimation',NULL,0,0),
(21007,1020,'Average diameter of at least three internodes located in the middle section of the vine','Visual estimation',NULL,0,0),
(21008,1020,'Observation of General Outline of the Leaf','Visualestimation',NULL,0,0),
(21009,1020,'Observation of Leaf Lobes Type','Visual estimation',NULL,0,0),
(21010,1020,'Observation of Leaf Lobe Number','Visual estimation',NULL,0,0),
(21011,1020,'Observation of Shape of Central Leaf Lobe','Visual estimation',NULL,0,0),
(21012,1020,'Observation of Mature Leaf Size','Visual estimation',NULL,0,0),
(21013,1020,'Observation of Abaxial Leaf Vein Pigmentation','Visual estimation',NULL,0,0),
(21014,1020,'Observation of Mature Leaf Color','Visual estimation',NULL,0,0),
(21015,1020,'Observation of Immature Leaf Color','Visual estimation',NULL,0,0),
(21016,1020,'Observation of Petiole Pigmentation','Visual estimation',NULL,0,0),
(21017,1020,'Average petiole length, from the base to the insertion with the blade, of at least three leaves in the middle portionof a main vine','Visual estimation',NULL,0,0),
(21018,1020,'Observation of newly opened flowers','Visual estimation',NULL,0,0),
(21019,1020,'Observation of predominant Skin color, many freshly harvested storage roots should be washed and dried prior to evaluation.','Visual estimation',NULL,0,0),
(21020,1020,'Observation of Intensity of Predominant Skin color','Visual estimation',NULL,0,0),
(21021,1020,'Observation of Secondary Skin color','Visual estimation',NULL,0,0),
(21022,1020,'Observation of predominant Flesh color described from cross and longitudinal sections made about the middle of freshly harvested storage roots','Visual estimation',NULL,0,0),
(21023,1020,'Observation of Secondary Flesh color','Visual estimation',NULL,0,0),
(21024,1020,'Observation of Distribution of Secondary Flesh color described from cross and longitudinal sections made about the middle of freshly harvested storage roots','Visual estimation',NULL,0,0),
(21025,1020,'Observation of  Storage Root Shape described from longitudinal sections made about the middle of freshlyharvested storage roots','Visual estimation',NULL,0,0),
(21026,1020,'Observation of Latex Production in Storage Roots','Visual estimation',NULL,0,0),
(21027,1020,'Observation of Oxidation in Storage Roots 5-10 seconds after storage roots are cut in cross section.','Visual estimation',NULL,0,0),
(21028,1020,'Storage root size - Method','Overall assessment of storage root size based on inspection of the harvested roots.',NULL,0,0),
(21029,1020,'Observation of Storage root cortex thickness','Visual estimation',NULL,0,0),
(21030,1020,'Evaluation of plants after emergence','Counting of established plants.',NULL,0,0),
(21031,1020,'Virus symptoms evaluation','Visual estimation',NULL,0,0),
(21032,1020,'Observation of plant vigour','Visual estimation',NULL,0,0),
(21033,1020,'Early Blight Evaluation: (Alternaria)','Visual estimation',NULL,0,0),
(21034,1020,'Storage root form - Method','Overall assessment of storage root form based on inspection of the harvested roots.',NULL,0,0),
(21035,1020,'Storage root damage','Overall assessment of damage based on inspection of the harvested roots.',NULL,0,0),
(21036,1020,'Weevil damage evaluation','Overall assessment of weevil damage based on inspection of the harvested roots.',NULL,0,0),
(21037,1020,'Evaluation of plants','Visual estimation',NULL,0,0),
(21038,1020,'Evaluation of root number','Visual estimation',NULL,0,0),
(21040,1020,'Measurement of root mass','Measured using scales',NULL,0,0),
(21042,1020,'Measurements of vine mass','Measured using scales',NULL,0,0),
(21043,1020,'Estimated number per plant - Method','Total number of root per plot / Number of plants harvested',NULL,0,0),
(21044,1020,'Estimated number per plot - Method','Number of commercial plus Number of non-commercial roots',NULL,0,0),
(21045,1020,'Estimated weight per plot - Method','Weight of commercial storage roots plus weight of non-commercial storage roots',NULL,0,0),
(21046,1020,'Estimation of craking roots','Visual estimation',NULL,0,0),
(21047,1020,'Measurements of fresh root mass','Fresh weight of storage root samples (roughly 200g recommended sample size)',NULL,0,0),
(21048,1020,'Measurements of dry root mass','Dry weight of storage root samples',NULL,0,0),
(21049,1020,'Measurements of fresh vine mass','Fresh weight of vines',NULL,0,0),
(21050,1020,'Measurements of dry vine mass','Dry weight of vines',NULL,0,0),
(21051,1020,'Evaluation of cooked samples for fibers','Fibers in cooked storage root samples assessed by inspection and tasting.',NULL,0,0),
(21052,1020,'Storage root Fibers content  evaluated in percentage fresh weight','Fibers in flesh root',NULL,0,0),
(21053,1020,'Evaluation of cooked samples for sweetness','Storage root sweetness in cooked samples, determined by taste test.',NULL,0,0),
(21054,1020,'Evaluation of cooked samples for texture','Storage root texture in cooked samples, determined by taste test.',NULL,0,0),
(21056,1020,'Evaluation of cooked samplesfor taste','Overall taste of cooked samples assessed by tasting',NULL,0,0),
(21057,1020,'Evaluation of cooked samples for appearance','Appearance of cooked samples visually assessed.',NULL,0,0),
(21058,1020,'Evaluation of roots for sprouting ability','Visual assessment',NULL,0,0),
(21059,1020,'Protein content - Method','Protein content',NULL,0,0),
(21060,1020,'Content of iron in dry weight basis - Method','The mineral concentrations (Fe, Zn, Ca, K, Na, Mg and P) are determined by inductively coupled plasma-optical emission spectrophotometry (ICP-OES) using a Radial View.',NULL,0,0),
(21061,1020,'Content of zinc in dry weight basis - Method','The mineral concentrations (Fe, Zn, Ca, K, Na, Mg and P) are determined by inductively coupled plasma--optical emission spectrophotometry (ICP-OES) using a Radial View.',NULL,0,0),
(21062,1020,'Content of calcium in dry weight basis - Method','The mineral concentrations (Fe, Zn,Ca, K, Na, Mg and P) are determined by inductively coupled plasma--optical emission spectrophotometry (ICP-OES) using a Radial View.',NULL,0,0),
(21063,1020,'Content of magnesium in dry weight basis - Method','The mineral concentrations (Fe, Zn, Ca, K, Na, Mg and P) are determined by inductively coupled plasma--optical emission spectrophotometry (ICP-OES) using a Radial View.',NULL,0,0),
(21064,1020,'Beta carotene content - Method','For b-carotene analysis, 15 milliliters of the extract are transferred to a tube and dried with nitrogen gas. Immediately before injection, the residue is redissolved in 1 ml of HPLC grade acetone filtered through a 0.22-mm PTFE syringe filter directly into sample vials, and 10 ml is injected into the HPLC. Separation is carried out on a YMC C30 polymeric column (3 mm, 4.6 mm _ 250 mm) using as mobile phase an isocratic elution methanol: methyl-tert-butyl-eter (80:20) with a flow rate set as 0.8 ml/ min.',NULL,0,0),
(21065,1020,'Total carotenoids - Method','The total carotenoid content is calculated using the absorbance value measured in a spectrophotometer at 450 nm and the extinction coefficient of b-carotene in petroleum ether .',NULL,0,0),
(21066,1020,'Storage root starch content - Method','Pharr, D.M. Y Sox, H.N. 198',NULL,0,0),
(21067,1020,'Fructose content - Method','Miller, Gail Lorenz (1959)',NULL,0,0),
(21068,1020,'Glucose content - Method','Miller, Gail Lorenz (1959)',NULL,0,0),
(21069,1020,'Sucrose content - Method','Miller, Gail Lorenz (1959)',NULL,0,0),
(21070,1020,'Maltose content - Method','Miller, Gail Lorenz (1959)',NULL,0,0),
(21071,1020,'Estimated yield per hectare - Method','(Weight total of root/ plot size)*10',NULL,0,0),
(21072,1020,'Storage root dry matter content - Method','Fresh weight / dry weight * 100',NULL,0,0),
(21073,1020,'Survival index - Method','Number of plants harvested / number of plants sown',NULL,0,0),
(21074,1020,'Harvest index evaluation  - Method','100*total root weight/total root weight + foliage weight',NULL,0,0),
(22000,1030,'PltTyp 4 pt. Scale','PltTyp 4 pt. Scale',NULL,0,0),
(22001,1030,'PltCov 4 pt. Scale','PltCov 4 pt. Scale',NULL,0,0),
(22002,1030,'PltTwg 5 pt. Scale','PltTwg 5 pt. Scale',NULL,0,0),
(22003,1030,'VinClP 9 pt. Scale','VinClP 9pt. Scale',NULL,0,0),
(22004,1030,'VinClS 8 pt. Scale','VinClS 8 pt. Scale',NULL,0,0),
(22005,1030,'VinTpP 8 pt. Scale','VinTpP 8 pt.Scale',NULL,0,0),
(22006,1030,'VinInLg 5 pt. Scale','VinInLg 5 pt. Scale',NULL,0,0),
(22007,1030,'VinInD 5 pt. Scale','VinInD 5 pt. Scale',NULL,0,0),
(22008,1030,'LefOut 7 pt. Scale','LefOut 7 pt. Scale',NULL,0,0),
(22009,1030,'LefLbT  6 pt. Scale','LefLbT  6 pt. Scale',NULL,0,0),
(22010,1030,'LefLbN 5 pt. Scale','LefLbN 5 pt. Scale',NULL,0,0),
(22011,1030,'LefLCS 10 pt. Scale','LefLCS 10 pt. Scale',NULL,0,0),
(22012,1030,'LefLMS 9 pt. Scale','LefLMS 9 pt. Scale',NULL,0,0),
(22013,1030,'LefAVP 9 pt. Scale','LefAVP 9 pt. Scale',NULL,0,0),
(22014,1030,'LefCMt 9 pt. Scale','LefCMt 9 pt. Scale',NULL,0,0),
(22015,1030,'LefCIm 9 pt. Scale','LefCIm 9 pt. Scale',NULL,0,0),
(22016,1030,'FlrPtP 9 pt. Scale','FlrPtP 9 pt. Scale',NULL,0,0),
(22017,1030,'FlrPtL 5 pt. Scale','FlrPtL 5 pt. Scale',NULL,0,0),
(22018,1030,'FlrCol  6 pt. Scale','FlrCol  6 pt. Scale',NULL,0,0),
(22019,1030,'PrdSknCol 9 pt. scale','PrdSknCol 9 pt. scale',NULL,0,0),
(22020,1030,'SknCPI  3 pt. Scale','SknCPI  3 pt. Scale',NULL,0,0),
(22021,1030,'SknCSc  10 pt. Scale','SknCSc  10 pt. Scale',NULL,0,0),
(22022,1030,'PrdFlshCol 9 pt. scale','PrdFlshCol 9 pt. scale',NULL,0,0),
(22023,1030,'FlsCSc 10 pt. Scale','FlsCSc 10 pt. Scale',NULL,0,0),
(22024,1030,'FlsCSD 10 pt. Scale','FlsCSD 10 pt. Scale',NULL,0,0),
(22025,1030,'RtShp 9 pt. Scale','RtShp 9 pt. Scale',NULL,0,0),
(22026,1030,'RtLat 3 pt. Scale','RtLat 3 pt. Scale',NULL,0,0),
(22027,1030,'RtOxi 3 pt. Scale','RtOxi 3 pt. Scale',NULL,0,0),
(22028,1030,'RtSize 5 pt. scale','RtSize 5 pt. scale',NULL,0,0),
(22029,1030,'RtCth 5 pt. scale','RtCth 5 pt. scale',NULL,0,0),
(22030,1030,'plants/plot','plants/plot',NULL,0,0),
(22031,1030,'VirSym 9 pt. scale','VirSym 9 pt. scale',NULL,0,0),
(22032,1030,'VinVgr 9 pt. scale','VinVgr 9 pt. scale',NULL,0,0),
(22033,1030,'No scale name found','No scale name found',NULL,0,0),
(22034,1030,'RtForm 9 pt. scale','RtForm 9 pt. scale',NULL,0,0),
(22036,1030,'RtDam 9 pt. scale','RtDam 9 pt. scale',NULL,0,0),
(22038,1030,'roots/plot','roots/plot',NULL,0,0),
(22040,1030,'kg/plot','kg/plot',NULL,0,0),
(22043,1030,'roots/ plant','roots/ plant',NULL,0,0),
(22046,1030,'RtsCr 4 pt. scale','RtsCr 4 pt. scale',NULL,0,0),
(22051,1030,'RtFbr 9 pt. scale','RtFbr 9 pt. scale',NULL,0,0),
(22052,1030,'%','%',NULL,0,0),
(22053,1030,'RtSwt 9 pt. scale','RtSwt 9 pt. scale',NULL,0,0),
(22054,1030,'FlsTxCH 5 pt. scale','FlsTxCH 5 pt. scale',NULL,0,0),
(22055,1030,'FlsTxCG 9 pt. scale','FlsTxCG 9 pt. scale',NULL,0,0),
(22056,1030,'RtTst 9 pt. scale','RtTst 9 pt. scale',NULL,0,0),
(22057,1030,'RtApr 9 pt. scale','RtApr 9 pt. scale',NULL,0,0),
(22058,1030,'RtSprt 9 pt. scale','RtSprt 9 pt. scale',NULL,0,0),
(22060,1030,'mg/100g','mg/100g',NULL,0,0),
(25000,1040,'PltTyp_Et_3to9','Plant Type BY Observation of Plant Type IN PltTyp 4 pt. Scale',NULL,0,0),
(25001,1040,'GroCov_Et_3to9','Ground Cover BY Observation of Ground Cover IN PltCov 4 pt. Scale',NULL,0,0),
(25002,1040,'PltTwg_Et_0to9','Twining BY Observation of Twining IN PltTwg 5 pt. Scale',NULL,0,0),
(25003,1040,'PrdVinC_Et_1to9','Predominant Vine Color BY Observation of Predominant Vine Color IN VinClP 9 pt. Scale',NULL,0,0),
(25004,1040,'SecVinC_Et_0to9','Secondary Vine Color BY Observation of Secondary Vine Color IN VinClS 8 pt. Scale',NULL,0,0),
(25005,1040,'VinTpP_Et_0to9','Vine Tips Pubescence BY Observation of VineTips Pubescence IN VinTpP 8 pt. Scale',NULL,0,0),
(25006,1040,'VinInLg_Et_1to9','Vine internode length BY Average length of at leastthree internodes located in the middle section of the vine IN VinInLg 5 pt. Scale',NULL,0,0),
(25007,1040,'VinInD_Et_1to9','Vine internode diameter BY Average diameter of at least three internodes located in the middle section of the vine IN VinInD 5 pt. Scale',NULL,0,0),
(25008,1040,'LefOut_Et_1to7','General Outline of the Leaf BY Observation of General Outline of the Leaf IN LefOut 7 pt. Scale',NULL,0,0),
(25009,1040,'LefLbT_Et_0to9','Leaf Lobe Type BY Observation of Leaf Lobes Type IN LefLbT  6 pt. Scale',NULL,0,0),
(25010,1040,'LefLbN_Et_1to9','Leaf Lobe Number BY Observation of Leaf Lobe Number IN LefLbN 5 pt. Scale',NULL,0,0),
(25011,1040,'LefLCS_Et_0to9','Shape of Central Leaf Lobe BY Observation of Shape of Central Leaf Lobe IN LefLCS 10 pt. Scale',NULL,0,0),
(25012,1040,'LefLMS_Et_3to9','Mature Leaf Size BY Observation of Mature Leaf Size IN LefLMS 9 pt. Scale',NULL,0,0),
(25013,1040,'LefAVP_Et_1to9','Abaxial Leaf Vein Pigmentation BY Observation of Abaxial Leaf Vein Pigmentation IN LefAVP 9 pt. Scale',NULL,0,0),
(25014,1040,'LefCMt_Et_1to9','Mature Leaf Color BY Observation of Mature Leaf Color IN LefCMt 9 pt. Scale',NULL,0,0),
(25015,1040,'LefCIm_Et_1to9','Immature Leaf Color BY Observation of Immature Leaf Color IN LefCIm 9 pt. Scale',NULL,0,0),
(25016,1040,'FlrPtP_Et_1to9','Petiole Pigmentation BY Observation of Petiole Pigmentation IN FlrPtP 9 pt. Scale',NULL,0,0),
(25017,1040,'FlrPtL_Et_1to9','Petiole length BY Average petiole length, from the base to the insertion with the blade, of at least three leaves in the middle portion of a main vine IN FlrPtL 5pt. Scale',NULL,0,0),
(25018,1040,'FlrCol_Et_1to6','Flower color BY Observation of newly opened flowers IN FlrCol  6 pt. Scale',NULL,0,0),
(25019,1040,'PSknCol_Et_1to9','Predominant Skin color BY Observation of predominant Skin color, many freshly harvested storageroots should be washed and dried prior to evaluation. IN PrdSknCol 9 pt. scale',NULL,0,0),
(25020,1040,'IntCol_Et_1to3','Intensity of Predominant Skin color BY Observation of Intensity of Predominant Skin color IN SknCPI  3 pt. Scale',NULL,0,0),
(25021,1040,'ScSknCol_Et_1to10','Secondary Skin color BY Observation of Secondary Skin color IN SknCSc  10 pt. Scale',NULL,0,0),
(25022,1040,'PFlsCol_Et_1to9','Predominant Flesh color BY Observation of predominant Flesh color described from cross and longitudinal sections made about the middle of freshly harvested storage roots IN PrdFlshCol 9 pt. scale',NULL,0,0),
(25023,1040,'SecFlsCol_Et_0to9','Secondary Flesh color BY Observation of Secondary Flesh color IN FlsCSc 10 pt. Scale',NULL,0,0),
(25024,1040,'DSecFlsCol_Et_1to9','Distribution of Secondary Flesh color BY Observation of Distribution of Secondary Flesh color described from cross and longitudinal sections made about the middle of freshly harvested storage roots IN FlsCSD 10 pt. Scale',NULL,0,0),
(25025,1040,'RtsSh_Et_1to9','Storage Root Shape BYObservation of  Storage Root Shape described from longitudinal sections made about the middle of freshly harvested storage roots INRtShp 9 pt. Scale',NULL,0,0),
(25026,1040,'RtsLxP_Et_3to7','Latex Production in Storage Roots BY Observation of Latex Production in Storage Roots IN RtLat 3 pt. Scale',NULL,0,0),
(25027,1040,'RtOxi_Et_3to7','Oxidation in Storage Roots BY Observation of Oxidation inStorage Roots 5-10 seconds after storage roots are cut in cross section. IN RtOxi 3 pt. Scale',NULL,0,0),
(25028,1040,'RtsSiz_Et_1to9','Storage root size BY Storage root size - Method IN RtSize 5 pt. scale',NULL,0,0),
(25029,1040,'RtsCth_Et_1to9','Storage root cortex thickness BY Observation of Storage root cortex thickness IN RtCth 5 pt. scale',NULL,0,0),
(25030,1040,'PltEst_Ct_plplot','Number of plants established BY Evaluation of plants after emergence IN plants/plot',NULL,0,0),
(25031,1040,'VirSm_Et_1to9','Virus symptoms BY Virus symptoms evaluation IN VirSym 9 pt. scale',NULL,0,0),
(25032,1040,'VinVg_Et_1to9','Vine vigor BY Observation of plant vigourIN VinVgr 9 pt. scale',NULL,0,0),
(25033,1040,'AltSm_Et_1to9','Reaction to Early Blight: (Alternaria spp) BY Early Blight Evaluation: (Alternaria) IN No scale name found',NULL,0,0),
(25034,1040,'RtsFrm_Et_1to9','Storage root form BY Storage root form - Method IN RtForm 9 pt. scale',NULL,0,0),
(25035,1040,'RtsDam_Et_1to9','Number of storage root damages BY Storage root damage IN No scale name found',NULL,0,0),
(25036,1040,'WvlSm_Et_1to9','Reaction to sweet potato weevil BY Weevil damage evaluation IN RtDam 9 pt. scale',NULL,0,0),
(25037,1040,'PltRts_Ct_plplot','Number of plants with storage roots BY Evaluation of plants IN plants/plot',NULL,0,0),
(25038,1040,'PltCRt_Ct_plplot','Number of commercial storage roots BY Evaluation of root number IN roots/plot',NULL,0,0),
(25039,1040,'PltNCR_Ct_plplot','Number of non-commercial storage roots BY Evaluation of root number IN roots/plot',NULL,0,0),
(25040,1040,'RtsCWt_Ms_kgplot','Weight of commercial storage roots BY Measurement of root mass IN kg/plot',NULL,0,0),
(25041,1040,'RtsNCW_Ms_kgplot','Weight of non-commercial storage roots BY Measurement of root mass IN kg/plot',NULL,0,0),
(25042,1040,'VnsWgt_Ms_kgplot','Weight of vines BY Measurements of vine mass IN kg/plot',NULL,0,0),
(25043,1040,'RtsN_Ct_rtplant','Total number of root BY Estimated number per plant - Method IN roots/ plant',NULL,0,0),
(25044,1040,'RtsN_Ct_rtplot','Total number of root BY Estimated number per plot - Method IN roots/ plot',NULL,0,0),
(25045,1040,'RtsTWg_Cp_plot','Total root weight BY Estimated weight per plot - Method IN kg/plot',NULL,0,0),
(25046,1040,'RtsCr_Et_0to7','Storage root cracking BY Estimation of craking roots IN RtsCr 4 pt. scale',NULL,0,0),
(25047,1040,'RtsFWt_Ms_g','Fresh weight of storage root BY Measurements of fresh root mass IN g',NULL,0,0),
(25048,1040,'RtsDWt_Ms_g','Dry weight of storage root BY Measurements of dry root mass IN g',NULL,0,0),
(25049,1040,'VinFWt_Ms_g','Fresh weight of vines BY Measurements of fresh vine massIN g',NULL,0,0),
(25050,1040,'VinDWt_Ms_g','Dry weight of vines BY Measurements of dry vine mass IN g',NULL,0,0),
(25051,1040,'FlsFb_Et_1to9','Fiber cooked BY Evaluation of cooked samples for fibers IN RtFbr 9 pt. scale',NULL,0,0),
(25052,1040,'FlsFf_Ms_pct','Fiber content BY Storage root Fibers content  evaluated in percentage fresh weight IN %',NULL,0,0),
(25053,1040,'FlsSw_Et_1to9','Sweetness of boiled storage root flesh BY Evaluation of cooked samples for sweetness IN RtSwt 9 pt. scale',NULL,0,0),
(25054,1040,'FlsTx_Et_1to9CH','Texture of boiled storage root flesh BY Evaluation of cooked samples for texture IN FlsTxCH 5 pt. scale',NULL,0,0),
(25055,1040,'FlsTx_Et_1to9CG','Texture of boiled storage root flesh BY Evaluation of cooked samples for texture IN FlsTxCG 9 pt. scale',NULL,0,0),
(25056,1040,'FlsTs_Et_1to9','Overall taste of cooked sample BY Evaluation of cooked samples for taste IN RtTst 9 pt. scale',NULL,0,0),
(25057,1040,'FlsAp_Et_1to9','Overall appearance of cooked sample BY Evaluation of cooked samples for appearance IN RtApr 9 pt. scale',NULL,0,0),
(25058,1040,'RtsSpA_Et_1to9','Sprouting ability BY Evaluation of roots for sprouting ability IN RtSprt 9 pt. scale',NULL,0,0),
(25059,1040,'FlsPrt_Ms_pct','Protein content BY Protein content - Method IN %',NULL,0,0),
(25060,1040,'FlsFeDw_Ms_mg100g','Iron content BY Content of iron in dry weight basis - Method IN mg/100g',NULL,0,0),
(25061,1040,'FlsZnDw_Ms_mg100g','Zinc content BYContent of zinc in dry weight basis - Method IN mg/100g',NULL,0,0),
(25062,1040,'FlsCaDw_Ms_mg100g','Calcium content BY Content of calcium in dry weight basis - Method IN mg/100g',NULL,0,0),
(25063,1040,'FlsMgDw_Ms_mg100g','Magnesium content BY Content of magnesiumin dry weight basis - Method IN mg/100g',NULL,0,0),
(25064,1040,'FlsBtC_Ms_mg100g','Beta-carotene content BY Beta carotene content -Method IN mg/100g',NULL,0,0),
(25065,1040,'FlsTtC_Ms_mg100g','Total carotenoids BY Total carotenoids - Method IN mg/100g',NULL,0,0),
(25066,1040,'FlsSta_Ms_pct','Storage root starch content BY Storage root starch content - Method IN %',NULL,0,0),
(25067,1040,'FlsFru_Ms_pct','Fructose content BY Fructose content - Method IN %',NULL,0,0),
(25068,1040,'FlsGlu_Ms_pct','Glucose content BY Glucose content - Method IN %',NULL,0,0),
(25069,1040,'FlsSuc_Ms_pct','Sucrose content BY Sucrose content - Method IN %',NULL,0,0),
(25070,1040,'FlsMal_Ms_pct','Maltose content BY Maltose content - Method IN %',NULL,0,0),
(25071,1040,'RtsYld_Cp_tha','Yield of total roots BY Estimated yield per hectare - Method IN t/ha',NULL,0,0),
(25072,1040,'RtsDMC_Cp_pct','Storage root dry matter content BY Storage root drymatter content - Method IN %',NULL,0,0),
(25073,1040,'IdxSrv_Cp_pct','Survival index BY Survival index - Method IN %',NULL,0,0),
(25074,1040,'IdxHrv_Cp_pct','Harvest index BY Harvest index evaluation  - Method IN %',NULL,0,0),
(70000,20001,'3','3= Erect (<75 cm)',NULL,0,0),
(70001,20001,'9','9= Extremely spreading (> 250 cm)',NULL,0,0),
(70002,20001,'5','5= Semi-erect (75-150 cm)',NULL,0,0),
(70003,20001,'7','7= Spreading (151-250 cm)',NULL,0,0),
(70004,20002,'3','3= Low (<50%)',NULL,0,0),
(70005,20002,'9','9= Total (> 90%)',NULL,0,0),
(70006,20002,'5','5= Medium (<50-74%)',NULL,0,0),
(70007,20002,'7','7= High (75-90%)',NULL,0,0),
(70008,20003,'0','0= Non-Twining',NULL,0,0),
(70009,20003,'7','7= Twining',NULL,0,0),
(70010,20003,'9','9 = Very twining',NULL,0,0),
(70011,20003,'3','3= Slightly twining',NULL,0,0),
(70012,20003,'5','5 = Moderately twining',NULL,0,0),
(70013,20004,'1','1= Green',NULL,0,0),
(70014,20004,'5','5= Greenwith many dark purple spots',NULL,0,0),
(70015,20004,'6','6 = Mostly purple',NULL,0,0),
(70016,20004,'3','3= Green with few purple spots',NULL,0,0),
(70017,20004,'4','4= Green with many purple spots',NULL,0,0),
(70018,20004,'9','9= Totally dark purple',NULL,0,0),
(70019,20004,'7','7= Mostly dark purple',NULL,0,0),
(70020,20004,'8','8= Totally purple',NULL,0,0),
(70021,20005,'0','0 = Absent',NULL,0,0),
(70022,20005,'3','3 = Green nodes',NULL,0,0),
(70023,20005,'4','4 = Purple base',NULL,0,0),
(70024,20005,'1','1 = Green base',NULL,0,0),
(70025,20005,'2','2 = Green tip',NULL,0,0),
(70026,20005,'7','7 = Other',NULL,0,0),
(70027,20005,'5','5 = Purple tip',NULL,0,0),
(70028,20005,'6','6 = Purple nodes',NULL,0,0),
(70029,20006,'0','0= Absent',NULL,0,0),
(70030,20006,'7','7 = Heavy',NULL,0,0),
(70031,20006,'3','3 = Sparse',NULL,0,0),
(70032,20006,'5','5 = Moderate',NULL,0,0),
(70033,20007,'1','1= Very short (<3 cm)',NULL,0,0),
(70034,20007,'7','7=Long (10-12 cm)',NULL,0,0),
(70035,20007,'9','9 =Very long (>12 cm)',NULL,0,0),
(70036,20007,'3','3= Short (3-5 cm)',NULL,0,0),
(70037,20007,'5','5=Intermediate (6-9 cm)',NULL,0,0),
(70038,20008,'1','1= Very thin (<4 mm)',NULL,0,0),
(70039,20008,'7','7=Thick(10-12 mm)',NULL,0,0),
(70040,20008,'9','9=Very thick (>12 mm)',NULL,0,0),
(70041,20008,'3','3= Thin (4-6 mm)',NULL,0,0),
(70042,20008,'5','5=Intermediate (7-9 mm)',NULL,0,0),
(70043,20009,'1','1= Rounded',NULL,0,0),
(70044,20009,'4','4 = Triangular',NULL,0,0),
(70045,20009,'5','5= Hastate',NULL,0,0),
(70046,20009,'2','2= Reniform (kidney-shaped)',NULL,0,0),
(70047,20009,'3','3 = Chordate (heart-shaped)',NULL,0,0),
(70048,20009,'6','6 = Lobed',NULL,0,0),
(70049,20009,'7','7 = Almost divided',NULL,0,0),
(70050,20010,'0','0 = No lateral lobes (entire)',NULL,0,0),
(70051,20010,'5','5 = Moderate',NULL,0,0),
(70052,20010,'7','7 = Deep',NULL,0,0),
(70053,20010,'1','1 = Very slight (teeth)',NULL,0,0),
(70054,20010,'3','3 = Slight',NULL,0,0),
(70055,20010,'9','9= Very deep',NULL,0,0),
(70056,20011,'1','1=1 Lobe',NULL,0,0),
(70057,20011,'7','7 = 7 Lobe',NULL,0,0),
(70058,20011,'9','9 = 9 Lobe',NULL,0,0),
(70059,20011,'3','3 = 3 Lobe',NULL,0,0),
(70060,20011,'5','5 = 5 Lobe',NULL,0,0),
(70061,20012,'0','0 = Absent',NULL,0,0),
(70062,20012,'3','3 = Semi-circular',NULL,0,0),
(70063,20012,'4','4 = Semi-elliptic',NULL,0,0),
(70064,20012,'1','1 = Toothed',NULL,0,0),
(70065,20012,'2','2 = Triangular',NULL,0,0),
(70066,20012,'7','7 = Oblanceolate',NULL,0,0),
(70067,20012,'8','8 = Linear (broad)',NULL,0,0),
(70068,20012,'5','5 = Elliptic',NULL,0,0),
(70069,20012,'6','6 = Lanceolate',NULL,0,0),
(70070,20012,'9','9 = Linear (narrow)',NULL,0,0),
(70071,20013,'3','3 = Small (<8 cm)',NULL,0,0),
(70072,20013,'9','9 = Very large (> 25 cm)',NULL,0,0),
(70073,20013,'5','5 = Medium (8-15 cm)',NULL,0,0),
(70074,20013,'7','7 = Large (16-25 cm)',NULL,0,0),
(70075,20014,'1','1 = Yellow',NULL,0,0),
(70076,20014,'4','4 = Purple spot in several veins',NULL,0,0),
(70077,20014,'5','5 = Main rib partially purple',NULL,0,0),
(70078,20014,'2','2 = Green',NULL,0,0),
(70079,20014,'3','3 = Purplespot in the base of main rib',NULL,0,0),
(70080,20014,'8','8 = All veins mostly or totally purple',NULL,0,0),
(70081,20014,'9','9 = Lower surface and veins totally purple',NULL,0,0),
(70082,20014,'6','6 = Main rib mostly or totally purple',NULL,0,0),
(70083,20014,'7','7 = All veins partial purple',NULL,0,0),
(70084,20015,'1','1 = Yellow-green',NULL,0,0),
(70085,20015,'4','4  = Greyish-green  (due to heavy pubescent)',NULL,0,0),
(70086,20015,'5','5 = Green with purple veins on upper surface',NULL,0,0),
(70087,20015,'2','2 = Green',NULL,0,0),
(70088,20015,'3','3 = Green with purple edge',NULL,0,0),
(70089,20015,'8','8 = Green upper  purple lower',NULL,0,0),
(70090,20015,'9','9 = Purple both surfaces',NULL,0,0),
(70091,20015,'6','6 = Slightly purple',NULL,0,0),
(70092,20015,'7','7 = Mostly purple',NULL,0,0),
(70093,20016,'1','1 = Yellow-green',NULL,0,0),
(70094,20016,'4','4  = Greyish-green  (due to heavy pubescent)',NULL,0,0),
(70095,20016,'5','5 = Green with purple veins on upper surface',NULL,0,0),
(70096,20016,'2','2 = Green',NULL,0,0),
(70097,20016,'3','3= Green with purple edge',NULL,0,0),
(70098,20016,'8','8 = Green upper  purple lower',NULL,0,0),
(70099,20016,'9','9 = Purple both surfaces',NULL,0,0),
(70100,20016,'6','6 = Slightly purple',NULL,0,0),
(70101,20016,'7','7 = Mostly purple',NULL,0,0),
(70102,20017,'1','1 = Green',NULL,0,0),
(70103,20017,'4','4 = Green with purple both ends',NULL,0,0),
(70104,20017,'5','5 = Green with purple spots throughout petiole',NULL,0,0),
(70105,20017,'2','2 = Green with purple near steam',NULL,0,0),
(70106,20017,'3','3 = Green width purple near leaf',NULL,0,0),
(70107,20017,'8','8 = Some petioles purple  others green',NULL,0,0),
(70108,20017,'9','9 = Totally or mostly purple',NULL,0,0),
(70109,20017,'6','6 = Green with multiple stripes',NULL,0,0),
(70110,20017,'7','7 = Purple with green near leaf',NULL,0,0),
(70111,20018,'1','1=Very short (<10 cm)',NULL,0,0),
(70112,20018,'7','7=Long (31-40 cm)',NULL,0,0),
(70113,20018,'9','9=Very long (>40 cm)',NULL,0,0),
(70114,20018,'3','3=Short (10-20 cm)',NULL,0,0),
(70115,20018,'5','5=Intermediate (21-30 cm)',NULL,0,0),
(70116,20019,'1','1= White',NULL,0,0),
(70117,20019,'4','4 = Pale purple limb with purple throat',NULL,0,0),
(70118,20019,'5','5 = Purple',NULL,0,0),
(70119,20019,'2','2 = White limb with purple throat',NULL,0,0),
(70120,20019,'3','3 = White limb with pale purple ring and purplethroat',NULL,0,0),
(70121,20019,'6','6 = Other',NULL,0,0),
(70122,20020,'1','1 = White',NULL,0,0),
(70123,20020,'4','4 = Orange',NULL,0,0),
(70124,20020,'5','5 = Brownish orange',NULL,0,0),
(70125,20020,'2','2 = Cream',NULL,0,0),
(70126,20020,'3','3 = Yellow',NULL,0,0),
(70127,20020,'8','8 = Purple-red',NULL,0,0),
(70128,20020,'9','9 = Dark purple',NULL,0,0),
(70129,20020,'6','6 = Pink',NULL,0,0),
(70130,20020,'7','7 = Red',NULL,0,0),
(70131,20021,'1','1= Pale',NULL,0,0),
(70132,20021,'2','2 = Intermediate',NULL,0,0),
(70133,20021,'3','3 = Dark',NULL,0,0),
(70134,20022,'0','0 = Absent',NULL,0,0),
(70135,20022,'3','3 = Yellow',NULL,0,0),
(70136,20022,'4','4 = Orange',NULL,0,0),
(70137,20022,'1','1 = White',NULL,0,0),
(70138,20022,'2','2 = Cream',NULL,0,0),
(70139,20022,'7','7 = Red',NULL,0,0),
(70140,20022,'8','8 = Purple-red',NULL,0,0),
(70141,20022,'5','5 = Brownish orange',NULL,0,0),
(70142,20022,'6','6 = Pink',NULL,0,0),
(70143,20022,'9','9 = Dark purple',NULL,0,0),
(70144,20023,'1','1 = White',NULL,0,0),
(70145,20023,'4','4 = Pale yellow',NULL,0,0),
(70146,20023,'5','5 = Dark yellow',NULL,0,0),
(70147,20023,'2','2 = Cream',NULL,0,0),
(70148,20023,'3','3 = Dark cream',NULL,0,0),
(70149,20023,'8','8 = Dark orange',NULL,0,0),
(70150,20023,'9','9 = Strongly pigmented with anthocyanins',NULL,0,0),
(70151,20023,'6','6 = Pale orange',NULL,0,0),
(70152,20023,'7','7 = Intermediate orange',NULL,0,0),
(70153,20024,'0','0 = Absent',NULL,0,0),
(70154,20024,'3','3 = Yellow',NULL,0,0),
(70155,20024,'4','4 = Orange',NULL,0,0),
(70156,20024,'1','1 = White',NULL,0,0),
(70157,20024,'2','2 = Cream',NULL,0,0),
(70158,20024,'7','7 = Purple-red',NULL,0,0),
(70159,20024,'8','8 = Purple',NULL,0,0),
(70160,20024,'5','5 = Pink',NULL,0,0),
(70161,20024,'6','6 = Red',NULL,0,0),
(70162,20024,'9','9 = Dark purple',NULL,0,0),
(70163,20025,'0','0 = Absent',NULL,0,0),
(70164,20025,'3','3 = Scattered spots in flesh',NULL,0,0),
(70165,20025,'4','4 = Narrow ring in flesh',NULL,0,0),
(70166,20025,'1','1 = Narrow ring in cortex',NULL,0,0),
(70167,20025,'2','2 = Broad ring in cortex',NULL,0,0),
(70168,20025,'7','7 = In longitudinal sections',NULL,0,0),
(70169,20025,'8','8 = Covering most of the flesh',NULL,0,0),
(70170,20025,'5','5 = Broad ring in flesh',NULL,0,0),
(70171,20025,'6','6 = Ring and other areas in flesh',NULL,0,0),
(70172,20025,'9','9 = Covering all flesh',NULL,0,0),
(70173,20026,'1','1 = Round',NULL,0,0),
(70174,20026,'4','4 = Ovate',NULL,0,0),
(70175,20026,'5','5 = Obovate',NULL,0,0),
(70176,20026,'2','2  = Round elliptic',NULL,0,0),
(70177,20026,'3','3 = Elliptic',NULL,0,0),
(70178,20026,'8','8 = Long elliptic',NULL,0,0),
(70179,20026,'9','9 = Long irregular or curved',NULL,0,0),
(70180,20026,'6','6 = Oblong',NULL,0,0),
(70181,20026,'7','7 = Long oblong',NULL,0,0),
(70182,20027,'3','3 = Little',NULL,0,0),
(70183,20027,'5','5 = Some',NULL,0,0),
(70184,20027,'7','7 = Abundant',NULL,0,0),
(70185,20028,'3','3 = Little',NULL,0,0),
(70186,20028,'5','5 = Some',NULL,0,0),
(70187,20028,'7','7 = Abundant',NULL,0,0),
(70188,20029,'1','1 = Excellent',NULL,0,0),
(70189,20029,'7','7 = Poor',NULL,0,0),
(70190,20029,'9','9 = terrible',NULL,0,0),
(70191,20029,'3','3 = Good',NULL,0,0),
(70192,20029,'5','5 = Fair',NULL,0,0),
(70193,20030,'1','1= Very thin (<1 mm)',NULL,0,0),
(70194,20030,'7','7=Thick (3-4 mm)',NULL,0,0),
(70195,20030,'9','9=Very thick(>4 mm)',NULL,0,0),
(70196,20030,'3','3= Thin (1-2 mm)',NULL,0,0),
(70197,20030,'5','5=Intermediate (2-3 mm)',NULL,0,0),
(70198,20031,'1','1= No virus symptoms',NULL,0,0),
(70199,20031,'4','4= Clear virus symptoms at 6 to 15% of plants per plot',NULL,0,0),
(70200,20031,'5','5= Clear virus symptoms at 16 to 33% of plants per plot',NULL,0,0),
(70201,20031,'2','2= Unclear virus symptoms',NULL,0,0),
(70202,20031,'3','3= Clear virus symptoms < 5% of plants per plot',NULL,0,0),
(70203,20031,'8','8= Clear virus symptoms at all plants per plot (not stunted)',NULL,0,0),
(70204,20031,'9','9= Severe virus symptoms in all plants per plot (stunted).',NULL,0,0),
(70205,20031,'6','6= Clear virus symptoms at 34 to 66% of plants per plot (more than 1/3 less than 2/3)',NULL,0,0),
(70206,20031,'7','7= Clear virus symptoms at 67 to 99 % of plants per plot (2/3 to almost all)',NULL,0,0),
(70207,20032,'1','1= Nearly no vines',NULL,0,0),
(70208,20032,'4','4= Medium strong vines, medium thick stems, and medium internode distances',NULL,0,0),
(70209,20032,'5','5= Medium strong vines, thick  vines, and long internode distances',NULL,0,0),
(70210,20032,'2','2= Weak vines',NULL,0,0),
(70211,20032,'3','3= Weak tomedium strong vines, medium thick stems, and long internode distances',NULL,0,0),
(70212,20032,'8','8= Strong vines, thick stems, short internode distances, and long vines,',NULL,0,0),
(70213,20032,'9','9= Very strong vine strength, thick stems, short internode distances, and very long vines',NULL,0,0),
(70214,20032,'6','6= Medium strong vines, thick stems, and medium internode distances',NULL,0,0),
(70215,20032,'7','7= Strong vines, thick stems, short internode distances, and medium-long vines',NULL,0,0),
(70216,20033,'1','1 = No symptoms',NULL,0,0),
(70217,20033,'4','4 = Clear symptoms at 6 to 15% of plants per plot',NULL,0,0),
(70218,20033,'5','5 = Clear symptoms at 16 to 33% of plants per plot (less than 1/3)',NULL,0,0),
(70219,20033,'2','2 = Unclear symptoms',NULL,0,0),
(70220,20033,'3','3 = Clear symptoms at <5% per plot',NULL,0,0),
(70221,20033,'8','8 = Clear symptoms at all plants (not fully defoliated)',NULL,0,0),
(70222,20033,'9','9 = Severe symptoms at all plants per plot (fully defoliated)',NULL,0,0),
(70223,20033,'6','6 = Clear symptoms at 34 to 66% of plants per plot (more than 1/3',NULL,0,0),
(70224,20033,'7','7 = Clear symptoms at 67 to 99 % of plants per plot (2/3 to almost all)',NULL,0,0),
(70225,20034,'1','1= Excellent',NULL,0,0),
(70226,20034,'4','4= Good to fair',NULL,0,0),
(70227,20034,'5','5= Fair',NULL,0,0),
(70228,20034,'2','2= Excellent to good',NULL,0,0),
(70229,20034,'3','3= Good',NULL,0,0),
(70230,20034,'8','8= Poor to terrible',NULL,0,0),
(70231,20034,'9','9= Terrible',NULL,0,0),
(70232,20034,'6','6= Fair to poor',NULL,0,0),
(70233,20034,'7','7= Poor',NULL,0,0),
(70234,20035,'1','1= No damage',NULL,0,0),
(70235,20035,'4','4= Minor to moderate',NULL,0,0),
(70236,20035,'5','5= Moderate',NULL,0,0),
(70237,20035,'2','2= Very minor',NULL,0,0),
(70238,20035,'3','3= Minor',NULL,0,0),
(70239,20035,'8','8= Heavy to severe damage',NULL,0,0),
(70240,20035,'9','9= Severe damage',NULL,0,0),
(70241,20035,'6','6= Moderate to heavy',NULL,0,0),
(70242,20035,'7','7= Heavy',NULL,0,0),
(70243,20036,'0','0 = Absent',NULL,0,0),
(70244,20036,'7','7 = Many cracks',NULL,0,0),
(70245,20036,'3','3 = Few cracks',NULL,0,0),
(70246,20036,'5','5 = Medium number of cracks',NULL,0,0),
(70247,20037,'1','1= Non-fibrous',NULL,0,0),
(70248,20037,'4','4= Slightly to moderately fibrous',NULL,0,0),
(70249,20037,'5','5= Moderately fibrous',NULL,0,0),
(70250,20037,'2','2= Non-fibrousto slightly fibrous',NULL,0,0),
(70251,20037,'3','3= Slightly fibrous',NULL,0,0),
(70252,20037,'8','8=  Fibrous to very fibrous',NULL,0,0),
(70253,20037,'9','9= Very fibrous',NULL,0,0),
(70254,20037,'6','6= Moderately fibrous to fibrous',NULL,0,0),
(70255,20037,'7','7= Fibrous',NULL,0,0),
(70256,20038,'1','1 = Not at all sweet',NULL,0,0),
(70257,20038,'4','4= Slightly to moderately sweet',NULL,0,0),
(70258,20038,'5','5 = Moderately sweet',NULL,0,0),
(70259,20038,'2','2= Non-sweet to slightly sweet',NULL,0,0),
(70260,20038,'3','3 = Slightly sweet',NULL,0,0),
(70261,20038,'8','8= Sweet to very sweet',NULL,0,0),
(70262,20038,'9','9= Very sweet',NULL,0,0),
(70263,20038,'6','6= Moderately sweet to sweet',NULL,0,0),
(70264,20038,'7','7 = Sweet',NULL,0,0),
(70265,20039,'1','1 = Dry',NULL,0,0),
(70266,20039,'7','7 = Moist',NULL,0,0),
(70267,20039,'9','9 = Very moist',NULL,0,0),
(70268,20039,'3','3 = Somewhat dry',NULL,0,0),
(70269,20039,'5','5 = Intermediate',NULL,0,0),
(70270,20040,'1','1= very moist',NULL,0,0),
(70271,20040,'4','4= Moist to moderately dry',NULL,0,0),
(70272,20040,'5','5= Moderately dry',NULL,0,0),
(70273,20040,'2','2= Very moist to moist',NULL,0,0),
(70274,20040,'3','3= Moist',NULL,0,0),
(70275,20040,'8','8= Dry to very dry',NULL,0,0),
(70276,20040,'9','9= Very dry',NULL,0,0),
(70277,20040,'6','6= Moderately dry to dry',NULL,0,0),
(70278,20040,'7','7= Dry',NULL,0,0),
(70279,20041,'1','1= Excellent',NULL,0,0),
(70280,20041,'4','4= Good to fair',NULL,0,0),
(70281,20041,'5','5= Fair',NULL,0,0),
(70282,20041,'2','2= Excellent to good',NULL,0,0),
(70283,20041,'3','3= Good',NULL,0,0),
(70284,20041,'8','8= Poor to terrible',NULL,0,0),
(70285,20041,'9','9= Terrible',NULL,0,0),
(70286,20041,'6','6= Fair to poor',NULL,0,0),
(70287,20041,'7','7= Poor',NULL,0,0),
(70288,20042,'1','1= Very appealing',NULL,0,0),
(70289,20042,'4','4= Appealing to somewhat appealing',NULL,0,0),
(70290,20042,'5','5= Somewhat appealing',NULL,0,0),
(70291,20042,'2','2= Very appealing to appealing',NULL,0,0),
(70292,20042,'3','3= Appealing',NULL,0,0),
(70293,20042,'8','8= Unappealing to very unappealing',NULL,0,0),
(70294,20042,'9','9= Very unappealing',NULL,0,0),
(70295,20042,'6','6= Somewhat appealing to unappealing',NULL,0,0),
(70296,20042,'7','7= Unappealing',NULL,0,0),
(70297,20043,'1','1= Excellent',NULL,0,0),
(70298,20043,'4','4= Good to fair',NULL,0,0),
(70299,20043,'5','5= Fair',NULL,0,0),
(70300,20043,'2','2= Excellent to good',NULL,0,0),
(70301,20043,'3','3= Good',NULL,0,0),
(70302,20043,'8','8= Poor to terrible',NULL,0,0),
(70303,20043,'9','9= Terrible',NULL,0,0),
(70304,20043,'6','6= Fair to poor',NULL,0,0),
(70305,20043,'7','7= Poor',NULL,0,0);
/*!40000 ALTER TABLE `cvterm` ENABLE KEYS */;                                                                                       
UNLOCK TABLES;                                                                                                                      
                                                                                                                                    
--                                                                                                                                  
-- Dumping data for table `cvterm_relationship`                                                                                     
--                                                                                                                                  
                                                                                                                                    
LOCK TABLES `cvterm_relationship` WRITE;                                                                                            
/*!40000 ALTER TABLE `cvterm_relationship` DISABLE KEYS */;                                                                         
INSERT INTO `cvterm_relationship` (`cvterm_relationship_id`, `type_id`, `subject_id`, `object_id`) VALUES
(19000,1225,15120,1340),
(21000,1225,20000,1340),
(21001,1225,20001,1345),
(21002,1225,20002,1345),
(21003,1225,20003,1345),
(21004,1225,20004,1345),
(21005,1225,20005,1345),
(21006,1225,20006,1345),
(21007,1225,20007,1345),
(21008,1225,20008,1345),
(21009,1225,20009,1345),
(21010,1225,20010,1345),
(21011,1225,20011,1345),
(21012,1225,20012,1345),
(21013,1225,20013,1345),
(21014,1225,20014,1345),
(21015,1225,20015,1345),
(21016,1225,20016,1345),
(21017,1225,20017,1345),
(21018,1225,20018,1345),
(21019,1225,20019,1345),
(21020,1225,20020,1345),
(21021,1225,20021,1345),
(21022,1225,20022,1345),
(21023,1225,20023,1345),
(21024,1225,20024,1345),
(21025,1225,20025,1345),
(21026,1225,20026,1345),
(21027,1225,20027,1345),
(21028,1225,20028,1345),
(21029,1225,20029,1345),
(21030,1225,20030,1340),
(21031,1225,20031,1360),
(21032,1225,20032,1340),
(21033,1225,20033,1360),
(21034,1225,20034,1345),
(21035,1225,20035,1345),
(21036,1225,20036,1360),
(21037,1225,20037,1340),
(21038,1225,20038,1340),
(21039,1225,20039,1340),
(21040,1225,20040,1340),
(21041,1225,20041,1340),
(21042,1225,20042,1340),
(21043,1225,20043,1340),
(21045,1225,20045,1340),
(21046,1225,20046,1340),
(21047,1225,20047,1370),
(21048,1225,20048,1370),
(21049,1225,20049,1370),
(21050,1225,20050,1370),
(21051,1225,20051,1370),
(21052,1225,20052,1370),
(21053,1225,20053,1370),
(21054,1225,20054,1370),
(21056,1225,20056,1370),
(21057,1225,20057,1370),
(21058,1225,20058,1340),
(21059,1225,20059,1370),
(21060,1225,20060,1370),
(21061,1225,20061,1370),
(21062,1225,20062,1370),
(21063,1225,20063,1370),
(21064,1225,20064,1370),
(21065,1225,20065,1370),
(21066,1225,20066,1370),
(21067,1225,20067,1370),
(21068,1225,20068,1370),
(21069,1225,20069,1370),
(21070,1225,20070,1370),
(21071,1225,20071,1340),
(21072,1225,20072,1340),
(21073,1225,20073,1340),
(20300,1105,22000,1130),
(70000,1190,22000,70000),
(70001,1190,22000,70001),
(70002,1190,22000,70002),
(70003,1190,22000,70003),
(20301,1105,22001,1130),
(70004,1190,22001,70004),
(70005,1190,22001,70005),
(70006,1190,22001,70006),
(70007,1190,22001,70007),
(20302,1105,22002,1130),
(70008,1190,22002,70008),
(70009,1190,22002,70009),
(70010,1190,22002,70010),
(70011,1190,22002,70011),
(70012,1190,22002,70012),
(20303,1105,22003,1130),
(70013,1190,22003,70013),
(70014,1190,22003,70014),
(70015,1190,22003,70015),
(70016,1190,22003,70016),
(70017,1190,22003,70017),
(70018,1190,22003,70018),
(70019,1190,22003,70019),
(70020,1190,22003,70020),
(20304,1105,22004,1130),
(70021,1190,22004,70021),
(70022,1190,22004,70022),
(70023,1190,22004,70023),
(70024,1190,22004,70024),
(70025,1190,22004,70025),
(70026,1190,22004,70026),
(70027,1190,22004,70027),
(70028,1190,22004,70028),
(20305,1105,22005,1130),
(70029,1190,22005,70029),
(70030,1190,22005,70030),
(70031,1190,22005,70031),
(70032,1190,22005,70032),
(20306,1105,22006,1130),
(70033,1190,22006,70033),
(70034,1190,22006,70034),
(70035,1190,22006,70035),
(70036,1190,22006,70036),
(70037,1190,22006,70037),
(20307,1105,22007,1130),
(70038,1190,22007,70038),
(70039,1190,22007,70039),
(70040,1190,22007,70040),
(70041,1190,22007,70041),
(70042,1190,22007,70042),
(20308,1105,22008,1130),
(70043,1190,22008,70043),
(70044,1190,22008,70044),
(70045,1190,22008,70045),
(70046,1190,22008,70046),
(70047,1190,22008,70047),
(70048,1190,22008,70048),
(70049,1190,22008,70049),
(20309,1105,22009,1130),
(70050,1190,22009,70050),
(70051,1190,22009,70051),
(70052,1190,22009,70052),
(70053,1190,22009,70053),
(70054,1190,22009,70054),
(70055,1190,22009,70055),
(20310,1105,22010,1130),
(70056,1190,22010,70056),
(70057,1190,22010,70057),
(70058,1190,22010,70058),
(70059,1190,22010,70059),
(70060,1190,22010,70060),
(20311,1105,22011,1130),
(70061,1190,22011,70061),
(70062,1190,22011,70062),
(70063,1190,22011,70063),
(70064,1190,22011,70064),
(70065,1190,22011,70065),
(70066,1190,22011,70066),
(70067,1190,22011,70067),
(70068,1190,22011,70068),
(70069,1190,22011,70069),
(70070,1190,22011,70070),
(20312,1105,22012,1130),
(70071,1190,22012,70071),
(70072,1190,22012,70072),
(70073,1190,22012,70073),
(70074,1190,22012,70074),
(20313,1105,22013,1130),
(70075,1190,22013,70075),
(70076,1190,22013,70076),
(70077,1190,22013,70077),
(70078,1190,22013,70078),
(70079,1190,22013,70079),
(70080,1190,22013,70080),
(70081,1190,22013,70081),
(70082,1190,22013,70082),
(70083,1190,22013,70083),
(20314,1105,22014,1130),
(70084,1190,22014,70084),
(70085,1190,22014,70085),
(70086,1190,22014,70086),
(70087,1190,22014,70087),
(70088,1190,22014,70088),
(70089,1190,22014,70089),
(70090,1190,22014,70090),
(70091,1190,22014,70091),
(70092,1190,22014,70092),
(20315,1105,22015,1130),
(70093,1190,22015,70093),
(70094,1190,22015,70094),
(70095,1190,22015,70095),
(70096,1190,22015,70096),
(70097,1190,22015,70097),
(70098,1190,22015,70098),
(70099,1190,22015,70099),
(70100,1190,22015,70100),
(70101,1190,22015,70101),
(20316,1105,22016,1130),
(70102,1190,22016,70102),
(70103,1190,22016,70103),
(70104,1190,22016,70104),
(70105,1190,22016,70105),
(70106,1190,22016,70106),
(70107,1190,22016,70107),
(70108,1190,22016,70108),
(70109,1190,22016,70109),
(70110,1190,22016,70110),
(20317,1105,22017,1130),
(70111,1190,22017,70111),
(70112,1190,22017,70112),
(70113,1190,22017,70113),
(70114,1190,22017,70114),
(70115,1190,22017,70115),
(20318,1105,22018,1130),
(70116,1190,22018,70116),
(70117,1190,22018,70117),
(70118,1190,22018,70118),
(70119,1190,22018,70119),
(70120,1190,22018,70120),
(70121,1190,22018,70121),
(20319,1105,22019,1130),
(70122,1190,22019,70122),
(70123,1190,22019,70123),
(70124,1190,22019,70124),
(70125,1190,22019,70125),
(70126,1190,22019,70126),
(70127,1190,22019,70127),
(70128,1190,22019,70128),
(70129,1190,22019,70129),
(70130,1190,22019,70130),
(20320,1105,22020,1130),
(70131,1190,22020,70131),
(70132,1190,22020,70132),
(70133,1190,22020,70133),
(20321,1105,22021,1130),
(70134,1190,22021,70134),
(70135,1190,22021,70135),
(70136,1190,22021,70136),
(70137,1190,22021,70137),
(70138,1190,22021,70138),
(70139,1190,22021,70139),
(70140,1190,22021,70140),
(70141,1190,22021,70141),
(70142,1190,22021,70142),
(70143,1190,22021,70143),
(20322,1105,22022,1130),
(70144,1190,22022,70144),
(70145,1190,22022,70145),
(70146,1190,22022,70146),
(70147,1190,22022,70147),
(70148,1190,22022,70148),
(70149,1190,22022,70149),
(70150,1190,22022,70150),
(70151,1190,22022,70151),
(70152,1190,22022,70152),
(20323,1105,22023,1130),
(70153,1190,22023,70153),
(70154,1190,22023,70154),
(70155,1190,22023,70155),
(70156,1190,22023,70156),
(70157,1190,22023,70157),
(70158,1190,22023,70158),
(70159,1190,22023,70159),
(70160,1190,22023,70160),
(70161,1190,22023,70161),
(70162,1190,22023,70162),
(20324,1105,22024,1130),
(70163,1190,22024,70163),
(70164,1190,22024,70164),
(70165,1190,22024,70165),
(70166,1190,22024,70166),
(70167,1190,22024,70167),
(70168,1190,22024,70168),
(70169,1190,22024,70169),
(70170,1190,22024,70170),
(70171,1190,22024,70171),
(70172,1190,22024,70172),
(20325,1105,22025,1130),
(70173,1190,22025,70173),
(70174,1190,22025,70174),
(70175,1190,22025,70175),
(70176,1190,22025,70176),
(70177,1190,22025,70177),
(70178,1190,22025,70178),
(70179,1190,22025,70179),
(70180,1190,22025,70180),
(70181,1190,22025,70181),
(20326,1105,22026,1130),
(70182,1190,22026,70182),
(70183,1190,22026,70183),
(70184,1190,22026,70184),
(20327,1105,22027,1130),
(70185,1190,22027,70185),
(70186,1190,22027,70186),
(70187,1190,22027,70187),
(20328,1105,22028,1130),
(70188,1190,22028,70188),
(70189,1190,22028,70189),
(70190,1190,22028,70190),
(70191,1190,22028,70191),
(70192,1190,22028,70192),
(20329,1105,22029,1130),
(70193,1190,22029,70193),
(70194,1190,22029,70194),
(70195,1190,22029,70195),
(70196,1190,22029,70196),
(70197,1190,22029,70197),
(20330,1105,22030,1110),
(20331,1105,22031,1130),
(70198,1190,22031,70198),
(70199,1190,22031,70199),
(70200,1190,22031,70200),
(70201,1190,22031,70201),
(70202,1190,22031,70202),
(70203,1190,22031,70203),
(70204,1190,22031,70204),
(70205,1190,22031,70205),
(70206,1190,22031,70206),
(20332,1105,22032,1130),
(70207,1190,22032,70207),
(70208,1190,22032,70208),
(70209,1190,22032,70209),
(70210,1190,22032,70210),
(70211,1190,22032,70211),
(70212,1190,22032,70212),
(70213,1190,22032,70213),
(70214,1190,22032,70214),
(70215,1190,22032,70215),
(20333,1105,22033,1130),
(70216,1190,22033,70216),
(70217,1190,22033,70217),
(70218,1190,22033,70218),
(70219,1190,22033,70219),
(70220,1190,22033,70220),
(70221,1190,22033,70221),
(70222,1190,22033,70222),
(70223,1190,22033,70223),
(70224,1190,22033,70224),
(20334,1105,22034,1130),
(70225,1190,22034,70225),
(70226,1190,22034,70226),
(70227,1190,22034,70227),
(70228,1190,22034,70228),
(70229,1190,22034,70229),
(70230,1190,22034,70230),
(70231,1190,22034,70231),
(70232,1190,22034,70232),
(70233,1190,22034,70233),
(20336,1105,22036,1130),
(70234,1190,22036,70234),
(70235,1190,22036,70235),
(70236,1190,22036,70236),
(70237,1190,22036,70237),
(70238,1190,22036,70238),
(70239,1190,22036,70239),
(70240,1190,22036,70240),
(70241,1190,22036,70241),
(70242,1190,22036,70242),
(20338,1105,22038,1110),
(20340,1105,22040,1110),
(20343,1105,22043,1110),
(20346,1105,22046,1130),
(70243,1190,22046,70243),
(70244,1190,22046,70244),
(70245,1190,22046,70245),
(70246,1190,22046,70246),
(20351,1105,22051,1130),
(70247,1190,22051,70247),
(70248,1190,22051,70248),
(70249,1190,22051,70249),
(70250,1190,22051,70250),
(70251,1190,22051,70251),
(70252,1190,22051,70252),
(70253,1190,22051,70253),
(70254,1190,22051,70254),
(70255,1190,22051,70255),
(20352,1105,22052,1110),
(20353,1105,22053,1130),
(70256,1190,22053,70256),
(70257,1190,22053,70257),
(70258,1190,22053,70258),
(70259,1190,22053,70259),
(70260,1190,22053,70260),
(70261,1190,22053,70261),
(70262,1190,22053,70262),
(70263,1190,22053,70263),
(70264,1190,22053,70264),
(20354,1105,22054,1130),
(70265,1190,22054,70265),
(70266,1190,22054,70266),
(70267,1190,22054,70267),
(70268,1190,22054,70268),
(70269,1190,22054,70269),
(20355,1105,22055,1130),
(70270,1190,22055,70270),
(70271,1190,22055,70271),
(70272,1190,22055,70272),
(70273,1190,22055,70273),
(70274,1190,22055,70274),
(70275,1190,22055,70275),
(70276,1190,22055,70276),
(70277,1190,22055,70277),
(70278,1190,22055,70278),
(20356,1105,22056,1130),
(70279,1190,22056,70279),
(70280,1190,22056,70280),
(70281,1190,22056,70281),
(70282,1190,22056,70282),
(70283,1190,22056,70283),
(70284,1190,22056,70284),
(70285,1190,22056,70285),
(70286,1190,22056,70286),
(70287,1190,22056,70287),
(20357,1105,22057,1130),
(70288,1190,22057,70288),
(70289,1190,22057,70289),
(70290,1190,22057,70290),
(70291,1190,22057,70291),
(70292,1190,22057,70292),
(70293,1190,22057,70293),
(70294,1190,22057,70294),
(70295,1190,22057,70295),
(70296,1190,22057,70296),
(20358,1105,22058,1130),
(70297,1190,22058,70297),
(70298,1190,22058,70298),
(70299,1190,22058,70299),
(70300,1190,22058,70300),
(70301,1190,22058,70301),
(70302,1190,22058,70302),
(70303,1190,22058,70303),
(70304,1190,22058,70304),
(70305,1190,22058,70305),
(20360,1105,22060,1110),
(20000,1200,25000,20000),
(20001,1210,25000,21000),
(20002,1220,25000,22000),
(20003,1200,25001,20001),
(20004,1210,25001,21001),
(20005,1220,25001,22001),
(20006,1200,25002,20002),
(20007,1210,25002,21002),
(20008,1220,25002,22002),
(20009,1200,25003,20003),
(20010,1210,25003,21003),
(20011,1220,25003,22003),
(20012,1200,25004,20004),
(20013,1210,25004,21004),
(20014,1220,25004,22004),
(20015,1200,25005,20005),
(20016,1210,25005,21005),
(20017,1220,25005,22005),
(20018,1200,25006,20006),
(20019,1210,25006,21006),
(20020,1220,25006,22006),
(20021,1200,25007,20007),
(20022,1210,25007,21007),
(20023,1220,25007,22007),
(20024,1200,25008,20008),
(20025,1210,25008,21008),
(20026,1220,25008,22008),
(20027,1200,25009,20009),
(20028,1210,25009,21009),
(20029,1220,25009,22009),
(20030,1200,25010,20010),
(20031,1210,25010,21010),
(20032,1220,25010,22010),
(20033,1200,25011,20011),
(20034,1210,25011,21011),
(20035,1220,25011,22011),
(20036,1200,25012,20012),
(20037,1210,25012,21012),
(20038,1220,25012,22012),
(20039,1200,25013,20013),
(20040,1210,25013,21013),
(20041,1220,25013,22013),
(20042,1200,25014,20014),
(20043,1210,25014,21014),
(20044,1220,25014,22014),
(20045,1200,25015,20015),
(20046,1210,25015,21015),
(20047,1220,25015,22015),
(20048,1200,25016,20016),
(20049,1210,25016,21016),
(20050,1220,25016,22016),
(20051,1200,25017,20017),
(20052,1210,25017,21017),
(20053,1220,25017,22017),
(20054,1200,25018,20018),
(20055,1210,25018,21018),
(20056,1220,25018,22018),
(20057,1200,25019,20019),
(20058,1210,25019,21019),
(20059,1220,25019,22019),
(20060,1200,25020,20020),
(20061,1210,25020,21020),
(20062,1220,25020,22020),
(20063,1200,25021,20021),
(20064,1210,25021,21021),
(20065,1220,25021,22021),
(20066,1200,25022,20022),
(20067,1210,25022,21022),
(20068,1220,25022,22022),
(20069,1200,25023,20023),
(20070,1210,25023,21023),
(20071,1220,25023,22023),
(20072,1200,25024,20024),
(20073,1210,25024,21024),
(20074,1220,25024,22024),
(20075,1200,25025,20025),
(20076,1210,25025,21025),
(20077,1220,25025,22025),
(20078,1200,25026,20026),
(20079,1210,25026,21026),
(20080,1220,25026,22026),
(20081,1200,25027,20027),
(20082,1210,25027,21027),
(20083,1220,25027,22027),
(20084,1200,25028,20028),
(20085,1210,25028,21028),
(20086,1220,25028,22028),
(20087,1200,25029,20029),
(20088,1210,25029,21029),
(20089,1220,25029,22029),
(20090,1200,25030,20030),
(20091,1210,25030,21030),
(20092,1220,25030,22030),
(20093,1200,25031,20031),
(20094,1210,25031,21031),
(20095,1220,25031,22031),
(20096,1200,25032,20032),
(20097,1210,25032,21032),
(20098,1220,25032,22032),
(20099,1200,25033,20033),
(20100,1210,25033,21033),
(20101,1220,25033,22033),
(20102,1200,25034,20034),
(20103,1210,25034,21034),
(20104,1220,25034,22034),
(20105,1200,25035,20035),
(20106,1210,25035,21035),
(20107,1220,25035,22033),
(20108,1200,25036,20036),
(20109,1210,25036,21036),
(20110,1220,25036,22036),
(20111,1200,25037,20037),
(20112,1210,25037,21037),
(20113,1220,25037,22030),
(20114,1200,25038,20038),
(20115,1210,25038,21038),
(20116,1220,25038,22038),
(20117,1200,25039,20039),
(20118,1210,25039,21038),
(20119,1220,25039,22038),
(20120,1200,25040,20040),
(20121,1210,25040,21040),
(20122,1220,25040,22040),
(20123,1200,25041,20041),
(20124,1210,25041,21040),
(20125,1220,25041,22040),
(20126,1200,25042,20042),
(20127,1210,25042,21042),
(20128,1220,25042,22040),
(20129,1200,25043,20043),
(20130,1210,25043,21043),
(20131,1220,25043,22043),
(20132,1200,25044,20043),
(20133,1210,25044,21044),
(20134,1220,25044,22038),
(20135,1200,25045,20045),
(20136,1210,25045,21045),
(20137,1220,25045,22040),
(20138,1200,25046,20046),
(20139,1210,25046,21046),
(20140,1220,25046,22046),
(20143,1220,25047,6087),
(20141,1200,25047,20047),
(20142,1210,25047,21047),
(20146,1220,25048,6087),
(20144,1200,25048,20048),
(20145,1210,25048,21048),
(20149,1220,25049,6087),
(20147,1200,25049,20049),
(20148,1210,25049,21049),
(20152,1220,25050,6087),
(20150,1200,25050,20050),
(20151,1210,25050,21050),
(20153,1200,25051,20051),
(20154,1210,25051,21051),
(20155,1220,25051,22051),
(20156,1200,25052,20052),
(20157,1210,25052,21052),
(20158,1220,25052,22052),
(20159,1200,25053,20053),
(20160,1210,25053,21053),
(20161,1220,25053,22053),
(20162,1200,25054,20054),
(20163,1210,25054,21054),
(20164,1220,25054,22054),
(20165,1200,25055,20054),
(20166,1210,25055,21054),
(20167,1220,25055,22055),
(20168,1200,25056,20056),
(20169,1210,25056,21056),
(20170,1220,25056,22056),
(20171,1200,25057,20057),
(20172,1210,25057,21057),
(20173,1220,25057,22057),
(20174,1200,25058,20058),
(20175,1210,25058,21058),
(20176,1220,25058,22058),
(20177,1200,25059,20059),
(20178,1210,25059,21059),
(20179,1220,25059,22052),
(20180,1200,25060,20060),
(20181,1210,25060,21060),
(20182,1220,25060,22060),
(20183,1200,25061,20061),
(20184,1210,25061,21061),
(20185,1220,25061,22060),
(20186,1200,25062,20062),
(20187,1210,25062,21062),
(20188,1220,25062,22060),
(20189,1200,25063,20063),
(20190,1210,25063,21063),
(20191,1220,25063,22060),
(20192,1200,25064,20064),
(20193,1210,25064,21064),
(20194,1220,25064,22060),
(20195,1200,25065,20065),
(20196,1210,25065,21065),
(20197,1220,25065,22060),
(20198,1200,25066,20066),
(20199,1210,25066,21066),
(20200,1220,25066,22052),
(20201,1200,25067,20067),
(20202,1210,25067,21067),
(20203,1220,25067,22052),
(20204,1200,25068,20068),
(20205,1210,25068,21068),
(20206,1220,25068,22052),
(20207,1200,25069,20069),
(20208,1210,25069,21069),
(20209,1220,25069,22052),
(20210,1200,25070,20070),
(20211,1210,25070,21070),
(20212,1220,25070,22052),
(20215,1220,25071,17010),
(20213,1200,25071,20071),
(20214,1210,25071,21071),
(20216,1200,25072,20072),
(20217,1210,25072,21072),
(20218,1220,25072,22052),
(20219,1200,25073,20073),
(20220,1210,25073,21073),
(20221,1220,25073,22052),
(20222,1200,25074,15120),
(20223,1210,25074,21074),
(20224,1220,25074,22052);
/*!40000 ALTER TABLE `cvterm_relationship` ENABLE KEYS */;                                                                          
UNLOCK TABLES;                                                                                                                      
                                                                                                                                    
--                                                                                                                                  
-- Dumping data for table `cvtermprop`                                                                                              
--                                                                                                                                  
                                                                                                                                    
LOCK TABLES `cvtermprop` WRITE;                                                                                                     
/*!40000 ALTER TABLE `cvtermprop` DISABLE KEYS */;                                                                                  
INSERT INTO `cvtermprop` (`cvtermprop_id`, `cvterm_id`, `type_id`, `value`, `rank`) VALUES
(20000,20000,1226,'CO_331:0000001',0),
(20001,20001,1226,'CO_331:0000004',0),
(20002,20002,1226,'CO_331:0000007',0),
(20003,20003,1226,'CO_331:0000010',0),
(20004,20004,1226,'CO_331:0000013',0),
(20005,20005,1226,'CO_331:0000016',0),
(20006,20006,1226,'CO_331:0000153',0),
(20007,20007,1226,'CO_331:0000157',0),
(20008,20008,1226,'CO_331:0000019',0),
(20009,20009,1226,'CO_331:0000022',0),
(20010,20010,1226,'CO_331:0000025',0),
(20011,20011,1226,'CO_331:0000028',0),
(20012,20012,1226,'CO_331:0000031',0),
(20013,20013,1226,'CO_331:0000034',0),
(20014,20014,1226,'CO_331:0000037',0),
(20015,20015,1226,'CO_331:0000040',0),
(20016,20016,1226,'CO_331:0000043',0),
(20017,20017,1226,'CO_331:0000170',0),
(20018,20018,1226,'CO_331:0000046',0),
(20019,20019,1226,'CO_331:0000049',0),
(20020,20020,1226,'CO_331:0000052',0),
(20021,20021,1226,'CO_331:0000055',0),
(20022,20022,1226,'CO_331:0000058',0),
(20023,20023,1226,'CO_331:0000061',0),
(20024,20024,1226,'CO_331:0000064',0),
(20025,20025,1226,'CO_331:0000067',0),
(20026,20026,1226,'CO_331:0000070',0),
(20027,20027,1226,'CO_331:0000073',0),
(20028,20028,1226,'CO_331:0000076',0),
(20029,20029,1226,'CO_331:0000185',0),
(20030,20030,1226,'CO_331:0000189',0),
(20031,20031,1226,'CO_331:0000094',0),
(20032,20032,1226,'CO_331:0000194',0),
(20033,20033,1226,'CO_331:0000091',0),
(20034,20034,1226,'CO_331:0000199',0),
(20035,20035,1226,'CO_331:0000203',0),
(20036,20036,1226,'CO_331:0000088',0),
(20037,20037,1226,'CO_331:0000208',0),
(20038,20038,1226,'CO_331:0000212',0),
(20039,20039,1226,'CO_331:0000215',0),
(20040,20040,1226,'CO_331:0000218',0),
(20041,20041,1226,'CO_331:0000221',0),
(20042,20042,1226,'CO_331:0000224',0),
(20043,20043,1226,'CO_331:0000079',0),
(20045,20045,1226,'CO_331:0000234',0),
(20046,20046,1226,'CO_331:0000097',0),
(20047,20047,1226,'CO_331:0000240',0),
(20048,20048,1226,'CO_331:0000244',0),
(20049,20049,1226,'CO_331:0000248',0),
(20050,20050,1226,'CO_331:0000252',0),
(20051,20051,1226,'CO_331:0000256',0),
(20052,20052,1226,'CO_331:0000130',0),
(20053,20053,1226,'CO_331:0000139',0),
(20054,20054,1226,'CO_331:0000136',0),
(20056,20056,1226,'CO_331:0000266',0),
(20057,20057,1226,'CO_331:0000270',0),
(20058,20058,1226,'CO_331:0000274',0),
(20059,20059,1226,'CO_331:0000100',0),
(20060,20060,1226,'CO_331:0000103',0),
(20061,20061,1226,'CO_331:0000106',0),
(20062,20062,1226,'CO_331:0000281',0),
(20063,20063,1226,'CO_331:0000285',0),
(20064,20064,1226,'CO_331:0000109',0),
(20065,20065,1226,'CO_331:0000112',0),
(20066,20066,1226,'CO_331:0000115',0),
(20067,20067,1226,'CO_331:0000118',0),
(20068,20068,1226,'CO_331:0000121',0),
(20069,20069,1226,'CO_331:0000124',0),
(20070,20070,1226,'CO_331:0000127',0),
(20071,20071,1226,'CO_331:0000082',0),
(20072,20072,1226,'CO_331:0000142',0),
(20073,20073,1226,'CO_331:0000298',0),
(20074,20074,1226,'CO_331:0000085',0),
(20080,25000,1800,'Trait',0),
(20081,25001,1800,'Trait',0),
(20082,25002,1800,'Trait',0),
(20083,25003,1800,'Trait',0),
(20084,25004,1800,'Trait',0),
(20085,25005,1800,'Trait',0),
(20086,25006,1800,'Trait',0),
(20087,25007,1800,'Trait',0),
(20088,25008,1800,'Trait',0),
(20089,25009,1800,'Trait',0),
(20090,25010,1800,'Trait',0),
(20091,25011,1800,'Trait',0),
(20092,25012,1800,'Trait',0),
(20093,25013,1800,'Trait',0),
(20094,25014,1800,'Trait',0),
(20095,25015,1800,'Trait',0),
(20096,25016,1800,'Trait',0),
(20097,25017,1800,'Trait',0),
(20098,25018,1800,'Trait',0),
(20099,25019,1800,'Trait',0),
(20100,25020,1800,'Trait',0),
(20101,25021,1800,'Trait',0),
(20102,25022,1800,'Trait',0),
(20103,25023,1800,'Trait',0),
(20104,25024,1800,'Trait',0),
(20105,25025,1800,'Trait',0),
(20106,25026,1800,'Trait',0),
(20107,25027,1800,'Trait',0),
(20108,25028,1800,'Trait',0),
(20109,25029,1800,'Trait',0),
(20110,25030,1800,'Trait',0),
(20111,25031,1800,'Trait',0),
(20112,25032,1800,'Trait',0),
(20113,25033,1800,'Trait',0),
(20114,25034,1800,'Trait',0),
(20115,25035,1800,'Trait',0),
(20116,25036,1800,'Trait',0),
(20117,25037,1800,'Trait',0),
(20118,25038,1800,'Trait',0),
(20119,25039,1800,'Trait',0),
(20120,25040,1800,'Trait',0),
(20121,25041,1800,'Trait',0),
(20122,25042,1800,'Trait',0),
(20123,25043,1800,'Trait',0),
(20124,25044,1800,'Trait',0),
(20125,25045,1800,'Trait',0),
(20126,25046,1800,'Trait',0),
(20127,25047,1800,'Trait',0),
(20128,25048,1800,'Trait',0),
(20129,25049,1800,'Trait',0),
(20130,25050,1800,'Trait',0),
(20131,25051,1800,'Trait',0),
(20132,25052,1800,'Trait',0),
(20133,25053,1800,'Trait',0),
(20134,25054,1800,'Trait',0),
(20135,25055,1800,'Trait',0),
(20136,25056,1800,'Trait',0),
(20137,25057,1800,'Trait',0),
(20138,25058,1800,'Trait',0),
(20139,25059,1800,'Trait',0),
(20140,25060,1800,'Trait',0),
(20141,25061,1800,'Trait',0),
(20142,25062,1800,'Trait',0),
(20143,25063,1800,'Trait',0),
(20144,25064,1800,'Trait',0),
(20145,25065,1800,'Trait',0),
(20146,25066,1800,'Trait',0),
(20147,25067,1800,'Trait',0),
(20148,25068,1800,'Trait',0),
(20149,25069,1800,'Trait',0),
(20150,25070,1800,'Trait',0),
(20151,25071,1800,'Trait',0),
(20152,25072,1800,'Trait',0),
(20153,25073,1800,'Trait',0),
(20154,25074,1800,'Trait',0);
/*!40000 ALTER TABLE `cvtermprop` ENABLE KEYS */;                                                                                   
UNLOCK TABLES;                                                                                                                      
                                                                                                                                    
--                                                                                                                                  
-- Dumping data for table `cvtermsynonym`                                                                                           
--                                                                                                                                  
                                                                                                                                    
LOCK TABLES `cvtermsynonym` WRITE;                                                                                                  
/*!40000 ALTER TABLE `cvtermsynonym` DISABLE KEYS */;                                                                               
INSERT INTO `cvtermsynonym` (`cvtermsynonym_id`, `cvterm_id`, `synonym`, `type_id`) VALUES
(20000,25000,'PLANT',1230),
(20001,25001,'GRNDCOVR',1230),
(20002,25002,'TWING',1230),
(20003,25003,'VINCO1',1230),
(20004,25004,'VINCO2',1230),
(20005,25005,'VINPUBS',1230),
(20006,25006,'VINLG',1230),
(20007,25007,'VINDIA',1230),
(20008,25008,'LEAFSHAP1',1230),
(20009,25009,'LEAFSHAP2',1230),
(20010,25010,'LEAFSHAP3',1230),
(20011,25011,'LEAFSHAP4',1230),
(20012,25012,'LFSIZE',1230),
(20013,25013,'LFVEIN',1230),
(20014,25014,'LFMATCO',1230),
(20015,25015,'LFINMCO',1230),
(20016,25016,'PTIOPG',1230),
(20017,25017,'PETIOL',1230),
(20018,25018,'FLORCOL',1230),
(20019,25019,'RTSKN1,SCOL',1230),
(20020,25020,'RTSKN2',1230),
(20021,25021,'RTSKN3',1230),
(20022,25022,'RTFSH1, FCOL',1230),
(20023,25023,'RTFSH2',1230),
(20024,25024,'RTFSH3',1230),
(20025,25025,'RTSHP',1230),
(20026,25026,'RTLATX',1230),
(20027,25027,'RTOXID',1230),
(20028,25028,'RS',1230),
(20030,25030,'NOPE',1230),
(20031,25031,'VIR1',1230),
(20032,25032,'VV1',1230),
(20033,25033,'ALT1, AS',1230),
(20034,25034,'RF',1230),
(20035,25035,'DAMR',1230),
(20036,25036,'WED1, WED',1230),
(20037,25037,'NOPR',1230),
(20038,25038,'NOCR',1230),
(20039,25039,'NONC',1230),
(20040,25040,'CRW',1230),
(20041,25041,'NCRW',1230),
(20042,25042,'VW',1230),
(20043,25043,'TNROOT,NRPP',1230),
(20044,25044,'TNRPLOT',1230),
(20046,25046,'SGROOT',1230),
(20047,25047,'DMF',1230),
(20048,25048,'DMD',1230),
(20049,25049,'DMFV',1230),
(20050,25050,'DMDV',1230),
(20051,25051,'COOF',1230),
(20052,25052,'FIBER',1230),
(20053,25053,'TASTE, COOSU',1230),
(20055,25055,'TEXTBR',1230),
(20056,25056,'COOT',1230),
(20057,25057,'COOAP',1230),
(20058,25058,'RSPR',1230),
(20059,25059,'PRO, PROTEIN',1230),
(20060,25060,'Fe',1230),
(20061,25061,'Zn',1230),
(20062,25062,'Ca',1230),
(20063,25063,'Mg',1230),
(20064,25064,'BC',1230),
(20065,25065,'TC',1230),
(20066,25066,'STAR',1230),
(20067,25067,'FRUC',1230),
(20068,25068,'GLUC',1230),
(20069,25069,'SUCR',1230),
(20070,25070,'MALT',1230),
(20071,25071,'RYTHA',1230),
(20072,25072,'DM',1230),
(20073,25073,'SHI',1230),
(20074,25074,'HI',1230),
(20075,20000,'PltTyp',1227),
(20076,20001,'PltCov',1227),
(20077,20002,'PltTwg',1227),
(20078,20003,'VinClP',1227),
(20079,20004,'VinClS',1227),
(20080,20005,'VinTpP',1227),
(20081,20006,'VinInl',1227),
(20082,20007,'VinInd',1227),
(20083,20008,'LefOut',1227),
(20084,20009,'LefLbT',1227),
(20085,20010,'LefLbN',1227),
(20086,20011,'LefLCS',1227),
(20087,20012,'LefLMS',1227),
(20088,20013,'LefAVP',1227),
(20089,20014,'LefCMt',1227),
(20090,20015,'LefCIm',1227),
(20091,20016,'FlrPtP',1227),
(20092,20017,'FlrPtL',1227),
(20093,20018,'FlrCol',1227),
(20094,20019,'SknCol',1227),
(20095,20020,'SknCPI',1227),
(20096,20021,'SknCSc',1227),
(20097,20022,'FlsCol',1227),
(20098,20023,'FlsCSc',1227),
(20099,20024,'FlsCSD',1227),
(20100,20025,'RotShp',1227),
(20101,20026,'RotLat',1227),
(20102,20027,'RotOxi',1227),
(20103,20028,'RtsSiz',1227),
(20104,20029,'RtsCth',1227),
(20105,20030,'PltEst',1227),
(20106,20031,'VirSm1',1227),
(20107,20032,'VinVg1',1227),
(20108,20033,'AltSm1',1227),
(20109,20034,'RtsFrm',1227),
(20110,20035,'RtsDam',1227),
(20111,20036,'WvlSm',1227),
(20112,20037,'PltRts',1227),
(20113,20038,'PltCRt',1227),
(20114,20039,'PltNCR',1227),
(20115,20040,'RtsCWt',1227),
(20116,20041,'RtsNCW',1227),
(20117,20042,'VnsWgt',1227),
(20118,20043,'RtsN',1227),
(20120,20045,'RtsWplot',1227),
(20121,20046,'RtsCr',1227),
(20122,20047,'RtsFWt',1227),
(20123,20048,'RtsDWt',1227),
(20124,20049,'VinFWt',1227),
(20125,20050,'VinDWt',1227),
(20126,20051,'FlsFb',1227),
(20127,20052,'FlsFf',1227),
(20128,20053,'FlsSw',1227),
(20129,20054,'FlsTx',1227),
(20131,20056,'FlsTs',1227),
(20132,20057,'FlsAp',1227),
(20133,20058,'RtsSpA',1227),
(20134,20059,'FlsPrt',1227),
(20135,20060,'FlsFe',1227),
(20136,20061,'FlsZn',1227),
(20137,20062,'FlsCa',1227),
(20138,20063,'FlsMg',1227),
(20139,20064,'FlsBtC',1227),
(20140,20065,'FlsTtC',1227),
(20141,20066,'FlsSta',1227),
(20142,20067,'FlsFru',1227),
(20143,20068,'FlsGlu',1227),
(20144,20069,'FlsSuc',1227),
(20145,20070,'FlsMal',1227),
(20146,20071,'RtsYld',1227),
(20147,20072,'RtsDMC',1227),
(20148,20073,'IdxSrv',1227),
(20149,20074,'IdxHrv',1227);
/*!40000 ALTER TABLE `cvtermsynonym` ENABLE KEYS */;                                                                                
UNLOCK TABLES;                                                                                                                      
                                                                                                                                    
--                                                                                                                                  
-- Dumping data for table `variable_overrides`                                                                                      
--                                                                                                                                  
                                                                                                                                    
LOCK TABLES `variable_overrides` WRITE;                                                                                             
/*!40000 ALTER TABLE `variable_overrides` DISABLE KEYS */;                                                                          
INSERT INTO `variable_overrides` (`id`, `program_uuid`, `cvterm_id`, `alias`, `expected_min`, `expected_max`) VALUES
(2,NULL,25037,NULL,'0',NULL),
(3,NULL,25038,NULL,'0',NULL),
(4,NULL,25039,NULL,'0',NULL),
(5,NULL,25040,NULL,'0',NULL),
(6,NULL,25041,NULL,'0',NULL),
(7,NULL,25042,NULL,'0',NULL),
(8,NULL,25043,NULL,'0','50'),
(9,NULL,25044,NULL,'0','200'),
(10,NULL,25045,NULL,'0',NULL),
(11,NULL,25047,NULL,'0',NULL),
(12,NULL,25048,NULL,'0',NULL),
(13,NULL,25049,NULL,'0',NULL),
(14,NULL,25050,NULL,'0',NULL),
(15,NULL,25052,NULL,'0',NULL),
(16,NULL,25059,NULL,'0','100'),
(17,NULL,25060,NULL,'0',NULL),
(18,NULL,25061,NULL,'0',NULL),
(19,NULL,25062,NULL,'0',NULL),
(20,NULL,25063,NULL,'0',NULL),
(21,NULL,25064,NULL,'0',NULL),
(22,NULL,25065,NULL,'0',NULL),
(23,NULL,25066,NULL,'0','100'),
(24,NULL,25067,NULL,'0','100'),
(25,NULL,25068,NULL,'0','100'),
(26,NULL,25069,NULL,'0','100'),
(27,NULL,25070,NULL,'0','100'),
(28,NULL,25071,NULL,'0',NULL),
(29,NULL,25072,NULL,'0','100'),
(30,NULL,25073,NULL,'0','100'),
(31,NULL,25074,NULL,'0','100'),
(32,NULL,25030,NULL,'0',NULL);
/*!40000 ALTER TABLE `variable_overrides` ENABLE KEYS */;                                                                           
UNLOCK TABLES;                                                                                                                      
/*!40103 SET TIME_ZONE=@OLD_TIME_ZONE */;                                                                                           
                                                                                                                                    
/*!40101 SET SQL_MODE=@OLD_SQL_MODE */;                                                                                             
/*!40014 SET FOREIGN_KEY_CHECKS=@OLD_FOREIGN_KEY_CHECKS */;                                                                         
/*!40014 SET UNIQUE_CHECKS=@OLD_UNIQUE_CHECKS */;                                                                                   
/*!40101 SET CHARACTER_SET_CLIENT=@OLD_CHARACTER_SET_CLIENT */;                                                                     
/*!40101 SET CHARACTER_SET_RESULTS=@OLD_CHARACTER_SET_RESULTS */;                                                                   
/*!40101 SET COLLATION_CONNECTION=@OLD_COLLATION_CONNECTION */;                                                                     
/*!40111 SET SQL_NOTES=@OLD_SQL_NOTES */;                                                                                           
                                                                                                                                    
-- Dump completed on 2017-09-20 16:22:54                                                                                            
