/*                                                                                                                                  
SQLyog Community v11.28 (64 bit)                                                                                                    
MySQL - 5.6.27 : Database - ibdbv2_pearlmillet_newom                                                                                
*********************************************************************                                                               
*/                                                                                                                                 
                                                                                                                                    
/*!40101 SET NAMES utf8 */;                                                                                                         
                                                                                                                                    
/*!40101 SET SQL_MODE=''*/;                                                                                                         
                                                                                                                                    
/*!40014 SET @OLD_UNIQUE_CHECKS=@@UNIQUE_CHECKS, UNIQUE_CHECKS=0 */;                                                                
/*!40014 SET @OLD_FOREIGN_KEY_CHECKS=@@FOREIGN_KEY_CHECKS, FOREIGN_KEY_CHECKS=0 */;                                                 
/*!40101 SET @OLD_SQL_MODE=@@SQL_MODE, SQL_MODE='NO_AUTO_VALUE_ON_ZERO' */;                                                         
/*!40111 SET @OLD_SQL_NOTES=@@SQL_NOTES, SQL_NOTES=0 */;                                                                            
/*Data for the table `cv` */                                                                                                        
                                                                                                                                    
LOCK TABLES `cv` WRITE;                                                                                                             
                                                                                                                                    
insert  into `cv`(`cv_id`,`name`,`definition`) values
(20310,'20310','Seedling_vigor'),
(20311,'20311','Vegetative_vigor'),
(20316,'20316','Blast_reaction_score'),
(20318,'20318','Rust_reaction_score'),
(20330,'20330','Agronomic_appreciation_score'),
(20331,'20331','Farmer_appreciation_score'),
(20332,'20332','Farmer_preference_score'),
(20458,'20458','Panicle_compactness_score'),
(20487,'20487','Bristle_density_score'),
(20499,'20499','Bristle_presence_score'),
(20500,'20478','Score of StBD');
                                                                                                                                    
UNLOCK TABLES;                                                                                                                      
                                                                                                                                    
/*Data for the table `cvterm` */                                                                                                    
                                                                                                                                    
LOCK TABLES `cvterm` WRITE;                                                                                                         
                                                                                                                                    
insert  into `cvterm`(`cvterm_id`,`cv_id`,`name`,`definition`,`dbxref_id`,`is_obsolete`,`is_relationshiptype`) values
(20001,1010,'Date of sowing','Date of sowing',NULL,0,0),
(20002,1010,'Date of emergence','Date of emergence',NULL,0,0),
(20003,1010,'Date of 50% heading','Date of 50% heading',NULL,0,0),
(20004,1010,'Date of 50% bloom','Date of 50% bloom',NULL,0,0),
(20005,1010,'Date of 50% anthesis','Date of 50% anthesis',NULL,0,0),
(20006,1010,'Date of physiological maturity','Date of physiological maturity',NULL,0,0),
(20007,1010,'Date of harvest','Date of harvest',NULL,0,0),
(20008,1010,'Number of seedling hills','Number of seedling hills',NULL,0,0),
(20009,1010,'Number of seedling plants','Number of seedling plants',NULL,0,0),
(20010,1010,'Seedling vigor','Seedling vigor',NULL,0,0),
(20011,1010,'Vegetative vigor','Vegetative vigor',NULL,0,0),
(20012,1010,'Plant number per plot','Plant number per plot',NULL,0,0),
(20013,1010,'Hill number per plot','Hill number per plot',NULL,0,0),
(20014,1010,'Downy mildew infected plant number','Downy mildew infected plant number',NULL,0,0),
(20015,1010,'Downy mildew infected hill number','Downy mildew infected hill number',NULL,0,0),
(20016,1010,'Blast reaction score','Blast reaction score',NULL,0,0),
(20017,1010,'Ergot infection percentage','Ergot infection percentage',NULL,0,0),
(20018,1010,'Rust reaction score','Rust reaction score',NULL,0,0),
(20019,1010,'Smut infection percentage','Smut infection percentage',NULL,0,0),
(20020,1010,'Plant height 1','Length (cm) of the main stalk from the base of the stalk to the tip of the panicle',NULL,0,0),
(20021,1010,'Panicle length','Panicle length',NULL,0,0),
(20022,1010,'Panicle diameter','Panicle diameter',NULL,0,0),
(20023,1010,'Panicle girth','Panicle girth',NULL,0,0),
(20024,1010,'Panicle exertion','Panicle exertion',NULL,0,0),
(20025,1010,'Number of harvested plants','Number of harvested plants',NULL,0,0),
(20026,1010,'Number of harvested hills','Number of harvested hills',NULL,0,0),
(20027,1010,'Number of empty or missing panicles','Number of empty or missing panicles',NULL,0,0),
(20028,1010,'Number of harvested panicles','Number of harvested panicles',NULL,0,0),
(20029,1010,'Number of off-type panicles','Number of off-type panicles',NULL,0,0),
(20030,1010,'Agronomic appreciation score','Agronomic appreciation score',NULL,0,0),
(20031,1010,'Farmer appreciation score','Farmerappreciation score',NULL,0,0),
(20032,1010,'Farmer preference score','Farmer preference score',NULL,0,0),
(20033,1010,'Iron content','Iron content',NULL,0,0),
(20034,1010,'Zinc content','Zinc content',NULL,0,0),
(20035,1010,'Phosphorus content','Phosphorus content',NULL,0,0),
(20036,1010,'Calcium content','Calcium content',NULL,0,0),
(20037,1010,'Potassium content','Potassium content',NULL,0,0),
(20038,1010,'Protein content','Protein content',NULL,0,0),
(20039,1010,'Phytate content','Phytate content',NULL,0,0),
(20101,1020,'SowingDate','Record the sowing date in Julian days',NULL,0,0),
(20102,1020,'Emergence Date','Record the emergence date in Julian days',NULL,0,0),
(20103,1020,'Heading Date','Record the date in Julian days when 50% of the plants of the plot begin to bring out their first inflorescence',NULL,0,0),
(20104,1020,'Bloom Date','Record the date in Julian days when 50% of the plants reach 50% stigma emergence oftheir first panicle',NULL,0,0),
(20105,1020,'Anthesis Date','Record the date in Julian days when 50% of the plants reach 50% anther emergence of their first panicle',NULL,0,0),
(20106,1020,'Maturity Date','Record the date in Julian days of onset of black spot formation at the base of the grain on a sample of 10 panicles',NULL,0,0),
(20107,1020,'Harvest Date','Record the harvest date in Julian days',NULL,0,0),
(20108,1020,'Number of Hills at Seedling','Count the number of planting holes with plants 5-10 days after emergence',NULL,0,0),
(20109,1020,'Number of Seedling Plants','Count the total number of plants in the plot after thinning',NULL,0,0),
(20110,1020,'Seedling Vigor Score','Comparative visual observation of the biomass of plants (length, width, number of leaves) 15 days after sowing. The maximum score is given to the plot that has plants with maximum biomass. The lowest score is assigned to the plot with the minimum biomass.',NULL,0,0),
(20111,1020,'Plant Growth Vigor','Comparative visual observation of the biomass of plants (length, width, number of leaves, number of tillers) 30 to 40 days after sowing. The maximum score is given to the plot that has plants with maximum biomass. The lowest score is assigned to the plot',NULL,0,0),
(20112,1020,'Number of Plants per Plot','Record the total number of plants in the plot at time of scoring downy mildew incidence',NULL,0,0),
(20113,1020,'Number of Hills per Plot','Record the total number of hills in the plot at time of scoring downy mildew incidence',NULL,0,0),
(20114,1020,'Downy Mildew Plants','Record the numberofinfected plants in the plot at time of scoring downy mildew incidence',NULL,0,0),
(20115,1020,'Downy Mildew Hills','Record the number of infected hills in the plot at time of scoring downy mildew incidence',NULL,0,0),
(20116,1020,'Blast Score','Record disease reaction type (HR, R, MR, S or HS) and disease severity (based on 1 to 9 scale) at the soft-dough stage on the top four leaves that contribute most to grain development or on all plant',NULL,0,0),
(20117,1020,'Ergot Score','Record percentage of grains replaced by ergot sclerotia, based on a sample of 10 panicles',NULL,0,0),
(20118,1020,'Rust Score','Record disease reaction type (HR, R, MR, S or HS) and disease severity (based on 1 to 9 scale) at the soft-dough stage on the top four leaves that contribute most to grain developmentor on all plant',NULL,0,0),
(20119,1020,'Smut Score','Record percentage of grains replaced by smut sori, based on a sample of 10 panicles',NULL,0,0),
(20120,1020,'Plant Height','15 to 20 days after the end of flowering, plant height measured from a few plants intheplot with a ruler',NULL,0,0),
(20121,1020,'Panicle Length','15 to 20 days after the end of flowering, panicle measured from a few plants in the plot with a ruler',NULL,0,0),
(20122,1020,'Panicle Diameter','15 to 20 days after the end of flowering, panicle diameter measured from a few plants in the plot with clipers or a ruler',NULL,0,0),
(20123,1020,'Panicle Girth','15 to 20 days after the end of flowering, plant height measured from a few plants in the plot with a ruler',NULL,0,0),
(20124,1020,'Panicle Exertion','15 to 20 days after the end of flowering, panicle exsertion measured from a few plants in the plot with a ruler',NULL,0,0),
(20125,1020,'Harvested Plants','Record the number of plants harvested',NULL,0,0),
(20126,1020,'Harvested Hills','Record the number of hills harvested',NULL,0,0),
(20127,1020,'Number of Missing Panicles','Record the number of panicles lost due to breakage, damage by birds or insects, ...',NULL,0,0),
(20128,1020,'Harvested Panicle','Record the number of grain-bearing panicles in the plot actually harvested',NULL,0,0),
(20129,1020,'Off types Plants','Record the number of panicles removed as off-types when counting the number of panicles harvested orplants removed during the season',NULL,0,0),
(20130,1020,'Plot Agronomic Score','Observation of the morphology of the entry to scoreagronomic desirability of the variety of five plants representative of the variety',NULL,0,0),
(20131,1020,'Plot Desirability Score','Full appreciation of the plot by assigning an overall score, before harvest, in asking this question to the producer \'Is thatthe producer would still cultivate the variety?\'',NULL,0,0),
(20132,1020,'Famer Preference Score','The producer observes the different plots and assigns a preference score using a pre-defined scale',NULL,0,0),
(20133,1020,'Di acid-Fe','Di or Tri-acid extract of grain samples used to determine iron content',NULL,0,0),
(20134,1020,'Di acid-Zn','Di or Tri-acid extract of grain samples used to determinezinc content',NULL,0,0),
(20135,1020,'Di acid-P','Di or Tri-acid extract of grain samples used to determine phosphorus content',NULL,0,0),
(20136,1020,'Di acid-Ca','Di or Tri-acid extract of grain samples used to determine Calcium content',NULL,0,0),
(20137,1020,'Diacid-K','Di or Tri-acid extract of grain samples used to determine Potassium content',NULL,0,0),
(20138,1020,'Di acid-Pro','Di or Tri-acid extract of grain samples used to determine Protein content',NULL,0,0),
(20139,1020,'HCI-PA','HCl extract of grain samplesused to determine Phytate content',NULL,0,0),
(20201,1030,'Julian days','Julian days',NULL,0,0),
(20202,1030,'ppm','Parts per million',NULL,0,0),
(20203,1030,'mg','miligrams',NULL,0,0),
(20301,1040,'DS','Date when seeds are sown on the soil',NULL,0,0),
(20302,1040,'DEm','Date when seedlings emerge from the soil',NULL,0,0),
(20303,1040,'D50Hd','Date when 50% of plants with first panicles emerging from theboot leaf sheath',NULL,0,0),
(20304,1040,'D50Bl','Date when 50% of plants with 50% stigma emergence on first panicle',NULL,0,0),
(20305,1040,'D50An','Date when 50% of plants with 50% anther emergence on first panicle',NULL,0,0),
(20306,1040,'DPhysMat','Date when grain dry weight increase ceases',NULL,0,0),
(20307,1040,'DHar','Date when plot harvested',NULL,0,0),
(20308,1040,'NSH','Number of hills with plants at seedling stage',NULL,0,0),
(20309,1040,'NSPlt','Number of total plants in the plot after thinning',NULL,0,0),
(20310,1040,'SVig','Assessment of the biomass of the plants in the plot at 15 days after sowing',NULL,0,0),
(20311,1040,'Vegetative_vigor','Assessment of the biomass of the plants in the plot at 30 to 40 days after sowing',NULL,0,0),
(20312,1040,'PlNo','Number of plants per plot at time of scoring downy mildew incidence',NULL,0,0),
(20313,1040,'HNo','Number of pockets per plot at the time of scoringdowny mildew incidence',NULL,0,0),
(20314,1040,'DMP','Number of downy mildew infected plants',NULL,0,0),
(20315,1040,'DMH','Number ofdowny mildew infected pockets',NULL,0,0),
(20316,1040,'BlaRS','Score for foliar damage by blast',NULL,0,0),
(20317,1040,'ErgPct','Percentage of grains replaced by ergot sclerotia',NULL,0,0),
(20318,1040,'RusRS','Score for foliar damage by rust',NULL,0,0),
(20319,1040,'SmuPct','Percentage of grains replaced by smut sori',NULL,0,0),
(20320,1040,'PlHt','Length (cm) of the main stalk from the base of the stalk to the tip of the panicle',NULL,0,0),
(20321,1040,'PanLen','Length (cm) of the main stalk panicle recorded on representative plantsfrom the base of the panicle to the tip of the panicle',NULL,0,0),
(20322,1040,'PanDia','Diameter (mm) of the main stalk panicle',NULL,0,0),
(20323,1040,'PanGir','Girth (mm) of the main stalk panicle',NULL,0,0),
(20324,1040,'PanEx','Distance (cm) between themain stalk flag leaf ligule and the base of the panicle',NULL,0,0),
(20325,1040,'NHarPl','Number of plants harvested from the plot',NULL,0,0),
(20326,1040,'NHarH','Number of hills harvested from the plot',NULL,0,0),
(20327,1040,'NEmPan','Number of empty or missing panicles due to bird or insect damage',NULL,0,0),
(20328,1040,'NHarPan','Number of panicles harvested from the plot',NULL,0,0),
(20329,1040,'NOTPan','Number of panicles harvested from the plot that are different from sown variety',NULL,0,0),
(20330,1040,'AS','Plant type desirability',NULL,0,0),
(20331,1040,'FAS','Desirability of the entry assessed by the farmer',NULL,0,0),
(20332,1040,'FPS','Farmer choice ofthe entry',NULL,0,0),
(20333,1040,'Iron_content_grain','Grain iron content',NULL,0,0),
(20334,1040,'Zinc_content_grain','Grain zinc content',NULL,0,0),
(20335,1040,'Phosphorus_content_grain','Grain phosphorus content',NULL,0,0),
(20336,1040,'Calcium_content_grain','Grain Calcium content',NULL,0,0),
(20337,1040,'Potassium_content_grain','Grain Potassium content',NULL,0,0),
(20338,1040,'Protein_content_grain','Grain Protein content',NULL,0,0),
(20339,1040,'Phytate_content_grain_pct','Grain Phytate content in percent',NULL,0,0),
(20340,1040,'Phytate_content_grain_mg','Grain Phytate content in miligrams',NULL,0,0),
(20401,20310,'1','Very Bad Vigor',NULL,0,0),
(20402,20310,'2','Bad Vigor',NULL,0,0),
(20403,20310,'3','Acceptable vigor',NULL,0,0),
(20404,20310,'4','Good Vigor',NULL,0,0),
(20405,20310,'5','Excellent Vigor',NULL,0,0),
(20406,20316,'1','0 to <1% leaf area with mild yellow flecks, HR',NULL,0,0),
(20407,20316,'2','1-5% leaf area covered with small hypersensitive lesions, R',NULL,0,0),
(20408,20316,'3','6-10% leaf area covered with small hypersensitive lesions, R',NULL,0,0),
(20409,20316,'4','11-20% leaf area covered with small necrotic lesions, MR',NULL,0,0),
(20410,20316,'5','21-30% area covered with small necrotic coalescing lesions, MR',NULL,0,0),
(20411,20316,'6','31-40% area covered with large coalescing necrotic lesions, S',NULL,0,0),
(20412,20316,'7','41-50% leaf area covered with large coalescing necrotic lesions, S',NULL,0,0),
(20413,20316,'8','51-75 % leaf area covered with large coalescing necrotic lesions, HS',NULL,0,0),
(20414,20316,'9','76-100% leaf area covered with large coalescing necrotic lesions, HS',NULL,0,0),
(20415,20318,'1','0 to <1% leaf area with mild yellow flecks, HR',NULL,0,0),
(20416,20318,'2','1-5% leaf area covered with small hypersensitive lesions, R',NULL,0,0),
(20417,20318,'3','3=6-10% leaf area covered with small hypersensitive lesions, R',NULL,0,0),
(20418,20318,'4','11-20% leaf area covered with small necrotic lesions, MR',NULL,0,0),
(20419,20318,'5','21-30% area covered with small necrotic coalescing lesions, MR',NULL,0,0),
(20420,20318,'6','31-40% area covered with large coalescing necrotic lesions, S',NULL,0,0),
(20421,20318,'7','41-50% leaf area covered with large coalescing necrotic lesions, S',NULL,0,0),
(20422,20318,'8','51-75 % leaf area covered with large coalescing necrotic lesions, HS',NULL,0,0),
(20423,20318,'9','76-100% leaf area covered with large coalescing necrotic lesions, HS',NULL,0,0),
(20424,20330,'1','Very poor',NULL,0,0),
(20425,20330,'2','Poor',NULL,0,0),
(20426,20330,'3','Acceptable',NULL,0,0),
(20427,20330,'4','Good',NULL,0,0),
(20428,20330,'5','Very good',NULL,0,0),
(20429,20311,'1','Very Bad Vigor',NULL,0,0),
(20430,20311,'2','Bad Vigor',NULL,0,0),
(20431,20311,'3','Acceptable vigor',NULL,0,0),
(20432,20311,'4','Good Vigor',NULL,0,0),
(20433,20311,'5','Excellent Vigor',NULL,0,0),
(20434,20331,'1','Bad',NULL,0,0),
(20435,20331,'2','With some problem',NULL,0,0),
(20436,20331,'3','Acceptable',NULL,0,0),
(20437,20331,'4','Good',NULL,0,0),
(20438,20331,'5','Very good',NULL,0,0),
(20439,20332,'1','Variety to reject',NULL,0,0),
(20440,20332,'2','Need to test again',NULL,0,0),
(20441,20332,'3','Very interesting Variety, Want to test',NULL,0,0),
(20442,1010,'100 grain weight','weight of 100 grains',NULL,0,0),
(20443,1040,'HGW','weight of 100 grains',NULL,0,0),
(20444,1020,'100 grain weight - Method','Count 100 grains sampled randomly per plot and weight with a precision balance',NULL,0,0),
(20445,1010,'Basal tiller number','Number of basal tillers counted on plants in the field',NULL,0,0),
(20446,1040,'BTN','Number of basal tillers counted on plants in the field',NULL,0,0),
(20447,1020,'Basal tiller number - Method','Basaltiller number - Method',NULL,0,0),
(20448,1010,'Flag leaf dimeter','Flag leaf diameter (cm) mesured on the main tiller',NULL,0,0),
(20449,1040,'FLDia','Flag leaf diameter (cm) mesured on the main tiller',NULL,0,0),
(20450,1020,'Flag leaf dimeter - Method','At panicle emerging stage, mesure from a few plants (main tiller) the diameter at the withest of the last leaf',NULL,0,0),
(20451,1010,'Flag leaf length','Flag leaf length (cm) mesured on the main tiller',NULL,0,0),
(20452,1040,'FLLen','Flag leaf length (cm) mesuredon the main tiller',NULL,0,0),
(20453,1020,'Flag leaf length - Method','At panicle emerging stage, measure from a few plants (main tiller) thelength of the last leaf just below the panicle: distance in cm from the ligule to the tip of the leaf',NULL,0,0),
(20454,1010,'Grainweight','Total grain weight after threshing of all panicles harvested on the plot',NULL,0,0),
(20455,1040,'GW','Total grain weight after threshing of all panicles harvested on the plot',NULL,0,0),
(20456,1020,'Grain weight - Method','Weigh all the grains of threshed panicles harvested in the plot using a precision balance',NULL,0,0),
(20457,1010,'Panicle compactness','Trait evaluates the compactness of the main panicle',NULL,0,0),
(20458,1040,'PanComp','Trait evaluates the compactness of the main panicle',NULL,0,0),
(20459,1020,'Panicle compactness - Method','The producer observes the different plots and assigns a preference score using a pre-defined scale',NULL,0,0),
(20460,1030,'Score (3-5-7)','Score (3-5-7)',NULL,0,0),
(20461,20458,'3','3= loose',NULL,0,0),
(20462,20458,'5','5= intermediate',NULL,0,0),
(20463,20458,'7','7= compact',NULL,0,0),
(20464,1010,'Seed set','Percentage of the seed set on the main panicle',NULL,0,0),
(20465,1040,'SDSet','Percentage of the seed set on the main panicle',NULL,0,0),
(20469,1011,'Fertility','Fertility trait',NULL,0,0),
(20470,1020,'Seed set - Method','Number of seeds/cm2 were counted randomly in each ear heads in five locations in selfed and open pollinated earheads and expressed as percentage',NULL,0,0),
(20471,1010,'Nodal tiller number','Number of tillers arising from theupper nodes on the main stems.',NULL,0,0),
(20472,1040,'NTN','Number of tillers arising from the upper nodes on the main stems.',NULL,0,0),
(20473,1020,'Nodal tiller number - Method','Nodal tiller number - Method',NULL,0,0),
(20474,1010,'Head miner damage','Visual observation of grain and panicle destruction by the head miner',NULL,0,0),
(20475,1040,'HMD','Visual observation of grain and panicle destruction by the head miner',NULL,0,0),
(20476,1020,'Head miner damage - Method','percentage of the panicle destroyed',NULL,0,0),
(20477,1010,'Stem borer damage','causative agent: Coniesta ignefusalis Hampson Lepidoptera. Infections causes the appearanceof small elongated holes in young whorl leaves, tunelling of earheads results in breakage or chaffy earheads affecting grain development.Infections causes the appe',NULL,0,0),
(20478,1040,'StBD','causative agent: Coniesta ignefusalis Hampson Lepidoptera. Infections causes the appearance of small elongated holes in young whorl leaves, tunelling of earheads results in breakage or chaffy earheadsaffecting grain development.Infections causes the appe',NULL,0,0),
(20479,1020,'Stem borer damage - Method','Stem borer damage - Method',NULL,0,0),
(20480,1010,'Striga tolerance','Visual observation of the number of striga plant in the field\r\n',NULL,0,0),
(20481,1040,'StrTol','Visual observation of the number of striga plant in the field',NULL,0,0),
(20482,1020,'Striga tolerance - Method','Number of striger counted per plot',NULL,0,0),
(20483,1010,'Pollen fertility','Percentage of fertile pollen\r\n',NULL,0,0),
(20484,1040,'PolFer','Percentage of fertile pollen',NULL,0,0),
(20485,1020,'Pollen fertility - Method','Percentage of fertile pollen over the totalnumber of pollen grain counted. By analizing the pollene structure under microscope, completely round and well stained pollen grains were counted as fertile while, the shrivelled, unstained or partially stained',NULL,0,0),
(20486,1010,'Bristle density','Trait mesure the density in percentage of the bristles on the main panicule',NULL,0,0),
(20487,1040,'BriDen','Trait mesure the density in percentage of the bristles on the main panicule',NULL,0,0),
(20488,1020,'Bristle density - Method','Give predefined score  cording to the coverage of the main panicle by the bristles\r\n',NULL,0,0),
(20489,1030,'Score (1-5)','Score (1-5)',NULL,0,0),
(20490,20487,'1','1 = Very poor',NULL,0,0),
(20491,20487,'2','2 = Poor',NULL,0,0),
(20492,20487,'3','3 = Acceptable',NULL,0,0),
(20493,20487,'4','4 = Good\r\n',NULL,0,0),
(20494,20487,'5','5 = Very good\r\n',NULL,0,0),
(20495,1010,'Bristle length','Length (cm) of the bristel\r\n',NULL,0,0),
(20496,1040,'BriLen','Length (cm) of the bristel',NULL,0,0),
(20497,1020,'Bristle length - Method','At physiological maturity, measure the length of at least 5  bristle per plant on the panicle of the main tiller and repeat for few plants in the plot with a ruler\r\n',NULL,0,0),
(20498,1010,'Bristle presence','Presence or absence of britle on the panicle\r\n',NULL,0,0),
(20499,1040,'BriPre','Presence or absence of britle on the panicle\r\n',NULL,0,0),
(20500,1020,'Bristle presence - Method','observation of the presence or absence of bristel on the main panicle on few number of plant per plot\r\n',NULL,0,0),
(20501,1030,'Score (0-1)','Score (0-1)',NULL,0,0),
(20502,20499,'0','0=absent',NULL,0,0),
(20503,20499,'1','1= present',NULL,0,0),
(20504,1010,'Seed color','The color of the seed\r\n',NULL,0,0),
(20505,1040,'SDCol','The color of the seed\r\n',NULL,0,0),
(20506,1020,'Seed color - Method','Seed color - Method',NULL,0,0),
(20507,1030,'Color','Color',NULL,0,0),
(20508,1010,'Stem diameter','Stem diameter (mm) mesured on the main tiller\r\n',NULL,0,0),
(20509,1040,'StDia','Stem diameter (mm) mesured on the main tiller\r\n',NULL,0,0),
(20510,1020,'Stem diameter - Method','measure of the wide (cm) of main stem between the 3rd and the 4th node from the panicle at maturity\r\n',NULL,0,0),
(20557,1030,'Score of SVig','Score of SVig_generated',NULL,0,0),
(20558,1030,'Score of Vegetative_vigor','Score of Vegetative_vigor_generated',NULL,0,0),
(20559,1030,'Score of BlaRS','Score of BlaRS_generated',NULL,0,0),
(20560,1030,'Score of RusRS','Score of RusRS_generated',NULL,0,0),
(20561,1030,'Score of AS','Score of AS_generated',NULL,0,0),
(20562,1030,'Score of FAS','Score of FAS_generated',NULL,0,0),
(20563,1030,'Score of FPS','Score of FPS_generated',NULL,0,0),
(20564,1030,'Score of StBD','Score of StBD_generated',NULL,0,0),
(20565,20500,'1','1= ',NULL,0,0);
                                                                                                                                    
UNLOCK TABLES;                                                                                                                      
                                                                                                                                    
/*Data for the table `cvterm_relationship` */                                                                                       
                                                                                                                                    
LOCK TABLES `cvterm_relationship` WRITE;                                                                                            
                                                                                                                                    
insert  into `cvterm_relationship`(`cvterm_relationship_id`,`type_id`,`subject_id`,`object_id`) values
(20001,1225,20001,1340),
(20002,1225,20002,1440),
(20003,1225,20003,1440),
(20004,1225,20004,1440),
(20005,1225,20005,1440),
(20006,1225,20006,1440),
(20007,1225,20007,1340),
(20008,1225,20008,1340),
(20009,1225,20009,1340),
(20010,1225,20010,1340),
(20011,1225,20011,1340),
(20012,1225,20012,1340),
(20013,1225,20013,1340),
(20014,1225,20014,1360),
(20015,1225,20015,1360),
(20016,1225,20016,1360),
(20017,1225,20017,1360),
(20018,1225,20018,1360),
(20019,1225,20019,1360),
(20020,1225,20020,1350),
(20021,1225,20021,1350),
(20022,1225,20022,1350),
(20023,1225,20023,1350),
(20024,1225,20024,1350),
(20025,1225,20025,1340),
(20026,1225,20026,1340),
(20027,1225,20027,1340),
(20028,1225,20028,1340),
(20029,1225,20029,1340),
(20030,1225,20030,1340),
(20031,1225,20031,1340),
(20032,1225,20032,1340),
(20033,1225,20033,1370),
(20034,1225,20034,1370),
(20035,1225,20035,1370),
(20036,1225,20036,1370),
(20037,1225,20037,1370),
(20038,1225,20038,1370),
(20039,1225,20039,1370),
(20661,1105,20201,1110),
(20670,1105,20202,1110),
(20671,1105,20203,1110),
(20121,1200,20301,20001),
(20161,1210,20301,20101),
(20201,1220,20301,20201),
(20122,1200,20302,20002),
(20162,1210,20302,20102),
(20202,1220,20302,20201),
(20123,1200,20303,20003),
(20163,1210,20303,20103),
(20203,1220,20303,20201),
(20124,1200,20304,20004),
(20164,1210,20304,20104),
(20204,1220,20304,20201),
(20125,1200,20305,20005),
(20165,1210,20305,20105),
(20205,1220,20305,20201),
(20126,1200,20306,20006),
(20166,1210,20306,20106),
(20206,1220,20306,20201),
(20127,1200,20307,20007),
(20167,1210,20307,20107),
(20207,1220,20307,20201),
(20208,1220,20308,6040),
(20128,1200,20308,20008),
(20168,1210,20308,20108),
(20209,1220,20309,6040),
(20129,1200,20309,20009),
(20169,1210,20309,20109),
(20130,1200,20310,20010),
(20170,1210,20310,20110),
(20210,1220,20310,20557),
(20131,1200,20311,20011),
(20171,1210,20311,20111),
(20211,1220,20311,20558),
(20212,1220,20312,6040),
(20132,1200,20312,20012),
(20172,1210,20312,20112),
(20213,1220,20313,6040),
(20133,1200,20313,20013),
(20173,1210,20313,20113),
(20214,1220,20314,6040),
(20134,1200,20314,20014),
(20174,1210,20314,20114),
(20215,1220,20315,6040),
(20135,1200,20315,20015),
(20175,1210,20315,20115),
(20136,1200,20316,20016),
(20176,1210,20316,20116),
(20216,1220,20316,20559),
(20217,1220,20317,17050),
(20137,1200,20317,20017),
(20177,1210,20317,20117),
(20138,1200,20318,20018),
(20178,1210,20318,20118),
(20218,1220,20318,20560),
(20219,1220,20319,17050),
(20139,1200,20319,20019),
(20179,1210,20319,20119),
(20220,1220,20320,6085),
(20140,1200,20320,20020),
(20180,1210,20320,20120),
(20221,1220,20321,6085),
(20141,1200,20321,20021),
(20181,1210,20321,20121),
(20222,1220,20322,17021),
(20142,1200,20322,20022),
(20182,1210,20322,20122),
(20223,1220,20323,17021),
(20143,1200,20323,20023),
(20183,1210,20323,20123),
(20224,1220,20324,6085),
(20144,1200,20324,20024),
(20184,1210,20324,20124),
(20225,1220,20325,6040),
(20145,1200,20325,20025),
(20185,1210,20325,20125),
(20226,1220,20326,6040),
(20146,1200,20326,20026),
(20186,1210,20326,20126),
(20227,1220,20327,6040),
(20147,1200,20327,20027),
(20187,1210,20327,20127),
(20228,1220,20328,6040),
(20148,1200,20328,20028),
(20188,1210,20328,20128),
(20229,1220,20329,6040),
(20149,1200,20329,20029),
(20189,1210,20329,20129),
(20150,1200,20330,20030),
(20190,1210,20330,20130),
(20230,1220,20330,20561),
(20151,1200,20331,20031),
(20191,1210,20331,20131),
(20231,1220,20331,20562),
(20152,1200,20332,20032),
(20192,1210,20332,20132),
(20232,1220,20332,20563),
(20153,1200,20333,20033),
(20193,1210,20333,20133),
(20233,1220,20333,20202),
(20154,1200,20334,20034),
(20194,1210,20334,20134),
(20234,1220,20334,20202),
(20155,1200,20335,20035),
(20195,1210,20335,20135),
(20235,1220,20335,20203),
(20156,1200,20336,20036),
(20196,1210,20336,20136),
(20236,1220,20336,20203),
(20157,1200,20337,20037),
(20197,1210,20337,20137),
(20237,1220,20337,20203),
(20238,1220,20338,17050),
(20158,1200,20338,20038),
(20198,1210,20338,20138),
(20239,1220,20339,17050),
(20159,1200,20339,20039),
(20199,1210,20339,20139),
(20160,1200,20340,20039),
(20200,1210,20340,20139),
(20240,1220,20340,20203),
(20442,1225,20442,1340),
(20448,1220,20443,6040),
(20446,1200,20443,20442),
(20447,1210,20443,20444),
(20449,1225,20445,1340),
(20455,1220,20446,6040),
(20453,1200,20446,20445),
(20454,1210,20446,20447),
(20456,1225,20448,1350),
(20462,1220,20449,6085),
(20460,1200,20449,20448),
(20461,1210,20449,20450),
(20463,1225,20451,1350),
(20469,1220,20452,6085),
(20467,1200,20452,20451),
(20468,1210,20452,20453),
(20470,1225,20454,1340),
(20476,1220,20455,6040),
(20474,1200,20455,20454),
(20475,1210,20455,20456),
(20477,1225,20457,1350),
(20481,1200,20458,20457),
(20482,1210,20458,20459),
(20483,1220,20458,20460),
(20672,1105,20460,1130),
(20484,1190,20460,20461),
(20485,1190,20460,20462),
(20486,1190,20460,20463),
(20487,1225,20464,20469),
(20493,1220,20465,17050),
(20491,1200,20465,20464),
(20492,1210,20465,20470),
(20495,1105,20469,1090),
(20494,1225,20469,1330),
(20496,1225,20471,1340),
(20503,1220,20472,6040),
(20501,1200,20472,20471),
(20502,1210,20472,20473),
(20504,1225,20474,1360),
(20510,1220,20475,17050),
(20508,1200,20475,20474),
(20509,1210,20475,20476),
(20511,1225,20477,1360),
(20515,1200,20478,20477),
(20517,1210,20478,20479),
(20518,1220,20478,20564),
(20519,1225,20480,1360),
(20525,1220,20481,6040),
(20523,1200,20481,20480),
(20524,1210,20481,20482),
(20526,1225,20483,20469),
(20534,1220,20484,17050),
(20532,1200,20484,20483),
(20533,1210,20484,20485),
(20535,1225,20486,1350),
(20539,1200,20487,20486),
(20540,1210,20487,20488),
(20541,1220,20487,20489),
(20674,1105,20489,1130),
(20542,1190,20489,20490),
(20543,1190,20489,20491),
(20544,1190,20489,20492),
(20545,1190,20489,20493),
(20546,1190,20489,20494),
(20547,1225,20495,1350),
(20553,1220,20496,6085),
(20551,1200,20496,20495),
(20552,1210,20496,20497),
(20554,1225,20498,1350),
(20558,1200,20499,20498),
(20559,1210,20499,20500),
(20560,1220,20499,20501),
(20675,1105,20501,1130),
(20561,1190,20501,20502),
(20562,1190,20501,20503),
(20563,1225,20504,1350),
(20567,1200,20505,20504),
(20568,1210,20505,20506),
(20569,1220,20505,20507),
(20676,1105,20507,1120),
(20570,1225,20508,1350),
(20576,1220,20509,17021),
(20574,1200,20509,20508),
(20575,1210,20509,20510),
(20662,1105,20557,1130),
(20401,1190,20557,20401),
(20402,1190,20557,20402),
(20403,1190,20557,20403),
(20404,1190,20557,20404),
(20405,1190,20557,20405),
(20663,1105,20558,1130),
(20429,1190,20558,20429),
(20430,1190,20558,20430),
(20431,1190,20558,20431),
(20432,1190,20558,20432),
(20433,1190,20558,20433),
(20664,1105,20559,1130),
(20406,1190,20559,20406),
(20407,1190,20559,20407),
(20408,1190,20559,20408),
(20409,1190,20559,20409),
(20410,1190,20559,20410),
(20411,1190,20559,20411),
(20412,1190,20559,20412),
(20413,1190,20559,20413),
(20414,1190,20559,20414),
(20665,1105,20560,1130),
(20415,1190,20560,20415),
(20416,1190,20560,20416),
(20417,1190,20560,20417),
(20418,1190,20560,20418),
(20419,1190,20560,20419),
(20420,1190,20560,20420),
(20421,1190,20560,20421),
(20422,1190,20560,20422),
(20423,1190,20560,20423),
(20667,1105,20561,1130),
(20424,1190,20561,20424),
(20425,1190,20561,20425),
(20426,1190,20561,20426),
(20427,1190,20561,20427),
(20428,1190,20561,20428),
(20668,1105,20562,1130),
(20434,1190,20562,20434),
(20435,1190,20562,20435),
(20436,1190,20562,20436),
(20437,1190,20562,20437),
(20438,1190,20562,20438),
(20669,1105,20563,1130),
(20439,1190,20563,20439),
(20440,1190,20563,20440),
(20441,1190,20563,20441),
(20673,1105,20564,1130),
(20677,1190,20564,20565);
                                                                                                                                    
UNLOCK TABLES;                                                                                                                      
                                                                                                                                    
/*Data for the table `cvtermprop` */                                                                                                
                                                                                                                                    
LOCK TABLES `cvtermprop` WRITE;                                                                                                     
                                                                                                                                    
insert  into `cvtermprop`(`cvtermprop_id`,`cvterm_id`,`type_id`,`value`,`rank`) values
(20001,20001,1226,'CO_327:0000000',0),
(20002,20002,1226,'CO_327:0000003',0),
(20003,20003,1226,'CO_327:0000006',0),
(20004,20004,1226,'CO_327:0000009',0),
(20005,20005,1226,'CO_327:0000012',0),
(20006,20006,1226,'CO_327:0000015',0),
(20007,20007,1226,'CO_327:0000018',0),
(20008,20008,1226,'CO_327:0000021',0),
(20009,20009,1226,'CO_327:0000024',0),
(20010,20010,1226,'CO_327:0000027',0),
(20011,20011,1226,'CO_327:0000030',0),
(20012,20012,1226,'CO_327:0000033',0),
(20013,20013,1226,'CO_327:0000036',0),
(20014,20014,1226,'CO_327:0000039',0),
(20015,20015,1226,'CO_327:0000042',0),
(20016,20016,1226,'CO_327:0000045',0),
(20017,20017,1226,'CO_327:0000048',0),
(20018,20018,1226,'CO_327:0000051',0),
(20019,20019,1226,'CO_327:0000054',0),
(20020,20020,1226,'CO_327:0000057',0),
(20021,20021,1226,'CO_327:0000060',0),
(20022,20022,1226,'CO_327:0000063',0),
(20023,20023,1226,'CO_327:0000066',0),
(20024,20024,1226,'CO_327:0000069',0),
(20025,20025,1226,'CO_327:0000072',0),
(20026,20026,1226,'CO_327:0000075',0),
(20027,20027,1226,'CO_327:0000078',0),
(20028,20028,1226,'CO_327:0000081',0),
(20029,20029,1226,'CO_327:0000084',0),
(20030,20030,1226,'CO_327:0000087',0),
(20031,20031,1226,'CO_327:0000090',0),
(20032,20032,1226,'CO_327:0000093',0),
(20605,20033,8048,'2015-12-16T06:42:20.000Z',0),
(20606,20034,8048,'2015-12-16T06:42:20.000Z',0),
(20607,20035,8048,'2015-12-16T06:42:20.000Z',0),
(20608,20036,8048,'2015-12-16T06:42:20.000Z',0),
(20609,20037,8048,'2015-12-16T06:42:20.000Z',0),
(20610,20038,8048,'2015-12-16T06:42:20.000Z',0),
(20611,20039,8048,'2015-12-16T06:42:20.000Z',0),
(20065,20101,1226,'CO_327:0000001',0),
(20066,20102,1226,'CO_327:0000004',0),
(20067,20103,1226,'CO_327:0000007',0),
(20068,20104,1226,'CO_327:0000010',0),
(20069,20105,1226,'CO_327:0000013',0),
(20070,20106,1226,'CO_327:0000016',0),
(20071,20107,1226,'CO_327:0000019',0),
(20072,20108,1226,'CO_327:0000022',0),
(20073,20109,1226,'CO_327:0000025',0),
(20074,20110,1226,'CO_327:0000028',0),
(20075,20111,1226,'CO_327:0000031',0),
(20076,20112,1226,'CO_327:0000034',0),
(20077,20113,1226,'CO_327:0000037',0),
(20078,20114,1226,'CO_327:0000040',0),
(20079,20115,1226,'CO_327:0000043',0),
(20080,20116,1226,'CO_327:0000046',0),
(20081,20117,1226,'CO_327:0000049',0),
(20082,20118,1226,'CO_327:0000052',0),
(20083,20119,1226,'CO_327:0000055',0),
(20084,20120,1226,'CO_327:0000058',0),
(20085,20121,1226,'CO_327:0000061',0),
(20086,20122,1226,'CO_327:0000064',0),
(20087,20123,1226,'CO_327:0000067',0),
(20088,20124,1226,'CO_327:0000070',0),
(20089,20125,1226,'CO_327:0000073',0),
(20090,20126,1226,'CO_327:0000076',0),
(20091,20127,1226,'CO_327:0000079',0),
(20092,20128,1226,'CO_327:0000082',0),
(20093,20129,1226,'CO_327:0000085',0),
(20094,20130,1226,'CO_327:0000088',0),
(20095,20131,1226,'CO_327:0000091',0),
(20096,20132,1226,'CO_327:0000094',0),
(20688,20133,8048,'2015-12-16T06:42:20.000Z',0),
(20689,20134,8048,'2015-12-16T06:42:20.000Z',0),
(20690,20135,8048,'2015-12-16T06:42:20.000Z',0),
(20691,20136,8048,'2015-12-16T06:42:20.000Z',0),
(20692,20137,8048,'2015-12-16T06:42:20.000Z',0),
(20693,20138,8048,'2015-12-16T06:42:20.000Z',0),
(20694,20139,8048,'2015-12-16T06:42:20.000Z',0),
(20774,20201,8048,'2015-12-16T06:42:20.000Z',0),
(20775,20202,8048,'2015-12-16T06:42:20.000Z',0),
(20776,20203,8048,'2015-12-16T06:42:20.000Z',0),
(20033,20301,1226,'CO_327:0000002',0),
(20382,20301,1800,'Trait',0),
(20034,20302,1226,'CO_327:0000005',0),
(20383,20302,1800,'Trait',0),
(20035,20303,1226,'CO_327:0000008',0),
(20384,20303,1800,'Trait',0),
(20036,20304,1226,'CO_327:0000011',0),
(20385,20304,1800,'Trait',0),
(20037,20305,1226,'CO_327:0000014',0),
(20386,20305,1800,'Trait',0),
(20038,20306,1226,'CO_327:0000017',0),
(20387,20306,1800,'Trait',0),
(20039,20307,1226,'CO_327:0000020',0),
(20388,20307,1800,'Trait',0),
(20040,20308,1226,'CO_327:0000023',0),
(20389,20308,1800,'Trait',0),
(20041,20309,1226,'CO_327:0000026',0),
(20390,20309,1800,'Trait',0),
(20042,20310,1226,'CO_327:0000029',0),
(20391,20310,1800,'Trait',0),
(20043,20311,1226,'CO_327:0000032',0),
(20392,20311,1800,'Trait',0),
(20044,20312,1226,'CO_327:0000035',0),
(20393,20312,1800,'Trait',0),
(20045,20313,1226,'CO_327:0000038',0),
(20394,20313,1800,'Trait',0),
(20046,20314,1226,'CO_327:0000041',0),
(20395,20314,1800,'Trait',0),
(20047,20315,1226,'CO_327:0000044',0),
(20396,20315,1800,'Trait',0),
(20048,20316,1226,'CO_327:0000047',0),
(20397,20316,1800,'Trait',0),
(20049,20317,1226,'CO_327:0000050',0),
(20398,20317,1800,'Trait',0),
(20050,20318,1226,'CO_327:0000053',0),
(20399,20318,1800,'Trait',0),
(20051,20319,1226,'CO_327:0000056',0),
(20400,20319,1800,'Trait',0),
(20052,20320,1226,'CO_327:0000059',0),
(20401,20320,1800,'Trait',0),
(20053,20321,1226,'CO_327:0000062',0),
(20402,20321,1800,'Trait',0),
(20054,20322,1226,'CO_327:0000065',0),
(20403,20322,1800,'Trait',0),
(20055,20323,1226,'CO_327:0000068',0),
(20404,20323,1800,'Trait',0),
(20056,20324,1226,'CO_327:0000071',0),
(20405,20324,1800,'Trait',0),
(20057,20325,1226,'CO_327:0000074',0),
(20406,20325,1800,'Trait',0),
(20058,20326,1226,'CO_327:0000077',0),
(20407,20326,1800,'Trait',0),
(20059,20327,1226,'CO_327:0000080',0),
(20408,20327,1800,'Trait',0),
(20060,20328,1226,'CO_327:0000083',0),
(20409,20328,1800,'Trait',0),
(20061,20329,1226,'CO_327:0000086',0),
(20410,20329,1800,'Trait',0),
(20062,20330,1226,'CO_327:0000089',0),
(20411,20330,1800,'Trait',0),
(20063,20331,1226,'CO_327:0000092',0),
(20412,20331,1800,'Trait',0),
(20064,20332,1226,'CO_327:0000095',0),
(20413,20332,1800,'Trait',0),
(20414,20333,1800,'Trait',0),
(20415,20334,1800,'Trait',0),
(20416,20335,1800,'Trait',0),
(20417,20336,1800,'Trait',0),
(20418,20337,1800,'Trait',0),
(20419,20338,1800,'Trait',0),
(20420,20339,1800,'Trait',0),
(20421,20340,1800,'Trait',0),
(20111,20442,1226,'CO_327:0000144',0),
(20422,20443,1800,'Trait',0),
(20695,20444,8048,'2015-12-16T06:42:20.000Z',0),
(20112,20445,1226,'CO_327:0000135',0),
(20423,20446,1800,'Trait',0),
(20696,20447,8048,'2015-12-16T06:42:20.000Z',0),
(20113,20448,1226,'CO_327:0000126',0),
(20424,20449,1800,'Trait',0),
(20697,20450,8048,'2015-12-16T06:42:20.000Z',0),
(20114,20451,1226,'CO_327:0000123',0),
(20425,20452,1800,'Trait',0),
(20698,20453,8048,'2015-12-16T06:42:20.000Z',0),
(20115,20454,1226,'CO_327:0000141',0),
(20426,20455,1800,'Trait',0),
(20699,20456,8048,'2015-12-16T06:42:20.000Z',0),
(20116,20457,1226,'CO_327:0000096',0),
(20427,20458,1800,'Trait',0),
(20700,20459,8048,'2015-12-16T06:42:20.000Z',0),
(20777,20460,8048,'2015-12-16T06:42:20.000Z',0),
(20612,20464,8048,'2015-12-16T06:42:20.000Z',0),
(20119,20465,1226,'CO_327:0000111',0),
(20428,20465,1800,'Trait',0),
(20701,20470,8048,'2015-12-16T06:42:20.000Z',0),
(20120,20471,1226,'CO_327:0000138',0),
(20429,20472,1800,'Trait',0),
(20702,20473,8048,'2015-12-16T06:42:20.000Z',0),
(20121,20474,1226,'CO_327:0000117',0),
(20430,20475,1800,'Trait',0),
(20703,20476,8048,'2015-12-16T06:42:20.000Z',0),
(20122,20477,1226,'CO_327:0000120',0),
(20431,20478,1800,'Trait',0),
(20704,20479,8048,'2015-12-16T06:42:20.000Z',0),
(20123,20480,1226,'CO_327:0000114',0),
(20432,20481,1800,'Trait',0),
(20705,20482,8048,'2015-12-16T06:42:20.000Z',0),
(20124,20483,1226,'CO_327:0000108',0),
(20433,20484,1800,'Trait',0),
(20706,20485,8048,'2015-12-16T06:42:20.000Z',0),
(20125,20486,1226,'CO_327:0000105',0),
(20434,20487,1800,'Trait',0),
(20707,20488,8048,'2015-12-16T06:42:20.000Z',0),
(20778,20489,8048,'2015-12-16T06:42:20.000Z',0),
(20126,20495,1226,'CO_327:0000102',0),
(20435,20496,1800,'Trait',0),
(20708,20497,8048,'2015-12-16T06:42:20.000Z',0),
(20127,20498,1226,'CO_327:0000099',0),
(20436,20499,1800,'Trait',0),
(20709,20500,8048,'2015-12-16T06:42:20.000Z',0),
(20779,20501,8048,'2015-12-16T06:42:20.000Z',0),
(20128,20504,1226,'CO_327:0000132',0),
(20437,20505,1800,'Trait',0),
(20710,20506,8048,'2015-12-16T06:42:20.000Z',0),
(20780,20507,8048,'2015-12-16T06:42:20.000Z',0),
(20129,20508,1226,'CO_327:0000129',0),
(20438,20509,1800,'Trait',0),
(20711,20510,8048,'2015-12-16T06:42:20.000Z',0),
(20781,20535,8048,'2015-12-16T06:42:20.000Z',0),
(20782,20536,8048,'2015-12-16T06:42:20.000Z',0),
(20783,20537,8048,'2015-12-16T06:42:20.000Z',0),
(20784,20538,8048,'2015-12-16T06:42:20.000Z',0),
(20785,20539,8048,'2015-12-16T06:42:20.000Z',0),
(20786,20540,8048,'2015-12-16T06:42:20.000Z',0),
(20787,20541,8048,'2015-12-16T06:42:20.000Z',0),
(20788,20542,8048,'2015-12-16T06:42:20.000Z',0),
(20789,20543,8048,'2015-12-16T06:42:20.000Z',0),
(20790,20544,8048,'2015-12-16T06:42:20.000Z',0),
(20791,20545,8048,'2015-12-16T06:42:20.000Z',0),
(20792,20546,8048,'2015-12-16T06:42:20.000Z',0),
(20793,20547,8048,'2015-12-16T06:42:20.000Z',0),
(20794,20548,8048,'2015-12-16T06:42:20.000Z',0),
(20795,20549,8048,'2015-12-16T06:42:20.000Z',0),
(20796,20550,8048,'2015-12-16T06:42:20.000Z',0),
(20797,20551,8048,'2015-12-16T06:42:20.000Z',0),
(20798,20552,8048,'2015-12-16T06:42:20.000Z',0),
(20799,20553,8048,'2015-12-16T06:42:20.000Z',0),
(20800,20554,8048,'2015-12-16T06:42:20.000Z',0),
(20801,20555,8048,'2015-12-16T06:42:20.000Z',0),
(20802,20556,8048,'2015-12-16T06:42:20.000Z',0),
(20803,20557,8048,'2015-12-16T06:42:20.000Z',0),
(20804,20558,8048,'2015-12-16T06:42:20.000Z',0),
(20805,20559,8048,'2015-12-16T06:42:20.000Z',0),
(20806,20560,8048,'2015-12-16T06:42:20.000Z',0),
(20807,20561,8048,'2015-12-16T06:42:20.000Z',0),
(20808,20562,8048,'2015-12-16T06:42:20.000Z',0),
(20809,20563,8048,'2015-12-16T06:42:20.000Z',0),
(20810,20564,8048,'2015-12-16T06:42:20.000Z',0);
                                                                                                                                    
UNLOCK TABLES;                                                                                                                      
                                                                                                                                    
/*Data for the table `cvtermsynonym` */                                                                                             
                                                                                                                                    
LOCK TABLES `cvtermsynonym` WRITE;                                                                                                  
                                                                                                                                    
insert  into `cvtermsynonym`(`cvtermsynonym_id`,`cvterm_id`,`synonym`,`type_id`) values
(20301,20301,'DS',1227),
(20302,20302,'DEm',1227),
(20303,20303,'D50Hd',1227),
(20304,20304,'D50Bl',1227),
(20305,20305,'D50An',1227),
(20306,20306,'DPhysMat',1227),
(20307,20307,'DHar',1227),
(20308,20308,'NSH',1227),
(20309,20309,'NSPlt',1227),
(20310,20310,'SVig',1227),
(20311,20311,'VegVig',1227),
(20312,20312,'PlNo',1227),
(20313,20313,'HNo',1227),
(20314,20314,'DMP',1227),
(20315,20315,'DMH',1227),
(20316,20316,'BlaRS',1227),
(20317,20317,'Erg%',1227),
(20318,20318,'RusRS',1227),
(20319,20319,'Smu%',1227),
(20320,20320,'PlHt',1227),
(20321,20321,'PanLen',1227),
(20322,20322,'PanDia',1227),
(20323,20323,'PanGir',1227),
(20324,20324,'PanEx',1227),
(20325,20325,'NHarPl',1227),
(20326,20326,'NHarH',1227),
(20327,20327,'NEmPan',1227),
(20328,20328,'NHarPan',1227),
(20329,20329,'NOTPan',1227),
(20330,20330,'AS',1227),
(20331,20331,'FAS',1227),
(20332,20332,'FPS',1227),
(20333,20333,'Fe',1227),
(20334,20334,'Zn',1227),
(20335,20335,'P',1227),
(20336,20336,'Ca',1227),
(20337,20337,'K',1227),
(20338,20338,'Pro',1227),
(20339,20339,'PA',1227),
(20340,20030,'Agronomic score',1230),
(20341,20038,'Crude protein',1230),
(20342,20039,'Phytic acid',1230);
                                                                                                                                    
UNLOCK TABLES;                                                                                                                      
                                                                                                                                    
/*Data for the table `variable_overrides` */                                                                                        
                                                                                                                                    
LOCK TABLES `variable_overrides` WRITE;                                                                                             
                                                                                                                                    
insert  into `variable_overrides`(`id`,`program_uuid`,`cvterm_id`,`alias`,`expected_min`,`expected_max`) values
(2,NULL,20317,NULL,'0','100'),
(3,NULL,20319,NULL,'0','100'),
(4,NULL,20320,NULL,'0','600'),
(5,NULL,20321,NULL,'0','150'),
(6,NULL,20322,NULL,'0','100'),
(7,NULL,20323,NULL,'0','300'),
(8,NULL,20324,NULL,'-50','50'),
(9,NULL,20465,NULL,'0','100'),
(10,NULL,20475,NULL,'0','100'),
(11,NULL,20484,NULL,'0','100');
                                                                                                                                    
UNLOCK TABLES;                                                                                                                      
                                                                                                                                    
/*!40101 SET SQL_MODE=@OLD_SQL_MODE */;                                                                                             
/*!40014 SET FOREIGN_KEY_CHECKS=@OLD_FOREIGN_KEY_CHECKS */;                                                                         
/*!40014 SET UNIQUE_CHECKS=@OLD_UNIQUE_CHECKS */;                                                                                   
/*!40111 SET SQL_NOTES=@OLD_SQL_NOTES */;                                                                                           
