/*                                                                                                                                  
SQLyog Community v11.28 (64 bit)                                                                                                    
MySQL - 5.6.27 : Database - curated_new_om                                                                                          
*********************************************************************                                                               
*/                                                                                                                                 
                                                                                                                                    
/*!40101 SET NAMES utf8 */;                                                                                                         
                                                                                                                                    
/*!40101 SET SQL_MODE=''*/;                                                                                                         
                                                                                                                                    
/*!40014 SET @OLD_UNIQUE_CHECKS=@@UNIQUE_CHECKS, UNIQUE_CHECKS=0 */;                                                                
/*!40014 SET @OLD_FOREIGN_KEY_CHECKS=@@FOREIGN_KEY_CHECKS, FOREIGN_KEY_CHECKS=0 */;                                                 
/*!40101 SET @OLD_SQL_MODE=@@SQL_MODE, SQL_MODE='NO_AUTO_VALUE_ON_ZERO' */;                                                         
/*!40111 SET @OLD_SQL_NOTES=@@SQL_NOTES, SQL_NOTES=0 */;                                                                            
/*Data for the table `project` */                                                                                                   
                                                                                                                                    
insert  into `project`(`project_id`,`name`,`description`,`program_uuid`) values
(1000,'Templates','Trial and Nursery Templates',NULL),
(1001,'Basic Trial Template','Basic Trial Template',NULL),
(1002,'Basic Trial Template-ENVIRONMENT','ENVIRONMENT_Basic Trial Template',NULL),
(1003,'Basic Trial Template-PLOTDATA','MEASUREMENT EFFECT_Basic Trial Template',NULL),
(1004,'Basic Nursery Template','Basic Nursery Template',NULL),
(1005,'Basic Nursery Template-ENVIRONMENT','ENVIRONMENT_Basic Nursery Template',NULL),
(1006,'Basic Nursery Template-PLOTDATA','MEASUREMENT EFFECT_Basic Nursery Template',NULL);
                                                                                                                                    
/*Data for the table `project_relationship` */                                                                                      
                                                                                                                                    
insert  into `project_relationship`(`project_relationship_id`,`subject_project_id`,`object_project_id`,`type_id`) values
(1000,1000,1,1140),
(1001,1001,1000,1145),
(1002,1002,1001,1150),
(1003,1003,1001,1150),
(1004,1004,1000,1145),
(1005,1005,1004,1150),
(1006,1006,1004,1150);
                                                                                                                                    
/*Data for the table `projectprop` */                                                                                               
                                                                                                                                    
insert  into `projectprop`(`projectprop_id`,`project_id`,`type_id`,`value`,`rank`) values
(1000,1001,1011,'STUDY',1),
(1001,1001,1060,'STUDY NAME',1),
(1002,1001,1070,'8005',1),
(1003,1001,1805,'TITLE',2),
(1004,1001,1060,'TITLE ASSIGNED',2),
(1005,1001,1070,'8007',2),
(1006,1001,1805,'PMKEY',3),
(1007,1001,1060,'PROJECT MANAGEMENT KEY',3),
(1008,1001,1070,'8040',3),
(1009,1001,8040,'0',3),
(1010,1001,1805,'OBJECTIVE',4),
(1011,1001,1060,'OBJECTIVE DESCRIBED',4),
(1012,1001,1070,'8030',4),
(1013,1001,8030,'Provide templates to start creating trials and nurseries',4),
(1014,1001,1805,'START DATE',5),
(1015,1001,1060,'STUDY START DATE',5),
(1016,1001,1070,'8050',5),
(1017,1001,8050,'20140627',5),
(1018,1001,1805,'END DATE',6),
(1019,1001,1060,'STUDY END DATE',6),
(1020,1001,1070,'8060',6),
(1021,1001,8060,'20140627',6),
(1022,1001,1805,'STUDY TYPE',7),
(1023,1001,1060,'TYPE OF STUDY',7),
(1024,1001,1070,'8070',7),
(1025,1001,8070,'10010',7),
(1026,1001,1805,'STUDY UID',8),
(1027,1001,1060,'STUDY USER ID',8),
(1028,1001,1070,'8020',8),
(1029,1001,8020,NULL,8),
(1034,1001,1805,'PI_NAME',10),
(1035,1001,1060,'Name of the Principal Investigator',10),
(1036,1001,1070,'8100',10),
(1037,1001,8100,NULL,10),
(1038,1001,1805,'PI_ID',11),
(1039,1001,1060,'ID of the Principal Investigator',11),
(1040,1001,1070,'8110',11),
(1041,1001,8110,NULL,11),
(1042,1001,1805,'STUDY_UPDATE',12),
(1043,1001,1060,'Date the study was last updated',12),
(1044,1001,1070,'8009',12),
(1045,1001,8009,'20140724',12),
(1046,1002,1805,'DATASET',1),
(1047,1002,1060,'DATASET NAME',1),
(1048,1002,1070,'8150',1),
(1049,1002,1805,'DATASET TITLE',2),
(1050,1002,1060,'DATASET TITLE',2),
(1051,1002,1070,'8155',2),
(1052,1002,1805,'DATASET_TYPE',3),
(1053,1002,1060,'Dataset type',3),
(1054,1002,1070,'8160',3),
(1055,1002,8160,'10080',3),
(1056,1002,1806,'TRIAL',4),
(1057,1002,1060,'TRIAL NUMBER',4),
(1058,1002,1070,'8170',4),
(1059,1002,1806,'COOPERATOR',5),
(1060,1002,1060,'COOPERATOR NAME',5),
(1061,1002,1070,'8373',5),
(1062,1002,1806,'COOPERATOR_ID',6),
(1063,1002,1060,'COOPERATOR ID',6),
(1064,1002,1070,'8372',6),
(1065,1002,1806,'SITE',7),
(1066,1002,1060,'TRIAL SITE NAME',7),
(1067,1002,1070,'8180',7),
(1068,1002,1806,'SITE_ID',8),
(1069,1002,1060,'TRIAL SITE ID',8),
(1070,1002,1070,'8190',8),
(1071,1002,1802,'SITE_SOIL_PH',9),
(1072,1002,1060,'Soil acidity - ph meter (pH)',9),
(1073,1002,1070,'8270',9),
(1074,1003,1805,'DATASET',1),
(1075,1003,1060,'DATASET NAME',1),
(1076,1003,1070,'8150',1),
(1077,1003,1805,'DATASET TITLE',2),
(1078,1003,1060,'DATASET TITLE',2),
(1079,1003,1070,'8155',2),
(1080,1003,1805,'DATASET_TYPE',3),
(1081,1003,1060,'Dataset type',3),
(1082,1003,1070,'8160',3),
(1083,1003,8160,'10090',3),
(1084,1003,1806,'TRIAL',4),
(1085,1003,1060,'TRIAL NUMBER',4),
(1086,1003,1070,'8170',4),
(1087,1003,1804,'ENTRY',8),
(1088,1003,1060,'The germplasm entry number',8),
(1089,1003,1070,'8230',8),
(1090,1003,1804,'DESIGNATION',9),
(1091,1003,1060,'The name of the germplasm',9),
(1092,1003,1070,'8250',9),
(1093,1003,1804,'GID',10),
(1094,1003,1060,'The GID of the germplasm',10),
(1095,1003,1070,'8240',10),
(1096,1003,1804,'CROSS',11),
(1097,1003,1060,'The pedigree string of the germplasm',11),
(1098,1003,1070,'8377',11),
(1099,1003,1804,'SOURCE',12),
(1100,1003,1060,'The seed source of the germplasm',12),
(1101,1003,1070,'8378',12),
(1102,1003,1804,'ENTRY_CODE',13),
(1103,1003,1060,'Germplasm entry code',13),
(1104,1003,1070,'8300',13),
(1105,1003,1810,'PLOT',14),
(1106,1003,1060,'Plot number of test',14),
(1107,1003,1070,'8200',14),
(1108,1003,1810,'REP',15),
(1109,1003,1060,'REPLICATION',15),
(1110,1003,1070,'8210',15),
(1111,1003,1810,'BLOCK',16),
(1112,1003,1060,'INCOMPLETE BLOCK',16),
(1113,1003,1070,'8220',16),
(1114,1003,1808,'DS',18),
(1115,1003,1060,'Date when seeds are sown on the soil',18),
(1116,1003,1070,'20301',18),
(1117,1003,1808,'DEm',19),
(1118,1003,1060,'Date when seedlings emerge from the soil',19),
(1119,1003,1070,'20302',19),
(1120,1003,1808,'D50Hd',20),
(1121,1003,1060,'Date when 50% of plants with first panicles emerging from the boot leaf sheath',20),
(1122,1003,1070,'20303',20),
(1123,1003,1808,'D50Bl',21),
(1124,1003,1060,'Date when 50% of plants with 50% stigma emergence on first panicle',21),
(1125,1003,1070,'20304',21),
(1126,1003,1808,'D50An',22),
(1127,1003,1060,'Datewhen 50% of plants with 50% anther emergence on first panicle',22),
(1128,1003,1070,'20305',22),
(1129,1003,1808,'DPhysMat',23),
(1130,1003,1060,'Date when grain dry weight increase ceases',23),
(1131,1003,1070,'20306',23),
(1132,1003,1808,'DHar',24),
(1133,1003,1060,'Date when plot harvested',24),
(1134,1003,1070,'20307',24),
(1135,1003,1808,'NSH',25),
(1136,1003,1060,'Number of hills with plants at seedling stage',25),
(1137,1003,1070,'20308',25),
(1138,1003,1808,'NSPlt',26),
(1139,1003,1060,'Number of total plants in the plot afterthinning',26),
(1140,1003,1070,'20309',26),
(1141,1003,1808,'SVig',27),
(1142,1003,1060,'Seedlingvigor (Score)',27),
(1143,1003,1070,'20310',27),
(1144,1003,1808,'VegVig',28),
(1145,1003,1060,'Vegetative vigor (Score)',28),
(1146,1003,1070,'20311',28),
(1147,1003,1808,'PlNo',29),
(1148,1003,1060,'Number of plants per plot at time of scoring downy mildew incidence',29),
(1149,1003,1070,'20312',29),
(1150,1003,1808,'HNo',30),
(1151,1003,1060,'Number of pockets per plot at the time of scoring downy mildew incidence',30),
(1152,1003,1070,'20313',30),
(1153,1003,1808,'DMP',31),
(1154,1003,1060,'Number of downy mildew infected plants',31),
(1155,1003,1070,'20314',31),
(1156,1003,1808,'DMH',32),
(1157,1003,1060,'Number of downy mildew infected pockets',32),
(1158,1003,1070,'20315',32),
(1159,1003,1808,'BlaRS',33),
(1160,1003,1060,'Score for foliar damage by blast',33),
(1161,1003,1070,'20316',33),
(1162,1003,1808,'Erg%',34),
(1163,1003,1060,'Percentage of grains replaced by ergot sclerotia',34),
(1164,1003,1070,'20317',34),
(1165,1003,1808,'RusRS',35),
(1166,1003,1060,'Score for foliar damage by rust',35),
(1167,1003,1070,'20318',35),
(1168,1003,1808,'Smu%',36),
(1169,1003,1060,'Percentage of grains replaced by smut sori',36),
(1170,1003,1070,'20319',36),
(1171,1003,1808,'PlHt',37),
(1172,1003,1060,'Length (cm) of the main stalk from thebase of the stalk to the tip of the panicle',37),
(1173,1003,1070,'20320',37),
(1174,1003,1808,'PanLen',38),
(1175,1003,1060,'Length (cm) of the main stalk panicle recorded on representative plants from the base of the panicle to the tip of the panicle',38),
(1176,1003,1070,'20321',38),
(1177,1003,1808,'PanDia',39),
(1178,1003,1060,'Diameter (mm) of the main stalk panicle',39),
(1179,1003,1070,'20322',39),
(1180,1003,1808,'PanGir',40),
(1181,1003,1060,'Girth (mm) of the main stalk panicle',40),
(1182,1003,1070,'20323',40),
(1183,1003,1808,'PanEx',41),
(1184,1003,1060,'Distance (cm) between the main stalk flag leaf ligule and the base of the panicle',41),
(1185,1003,1070,'20324',41),
(1186,1003,1808,'NHarPl',42),
(1187,1003,1060,'Number of plants harvested from the plot',42),
(1188,1003,1070,'20325',42),
(1189,1003,1808,'NHarH',43),
(1190,1003,1060,'Number of hills harvested from the plot',43),
(1191,1003,1070,'20326',43),
(1192,1003,1808,'NEmPan',44),
(1193,1003,1060,'Number of empty or missing panicles due to bird or insect damage',44),
(1194,1003,1070,'20327',44),
(1195,1003,1808,'NHarPan',45),
(1196,1003,1060,'Number of panicles harvested from the plot',45),
(1197,1003,1070,'20328',45),
(1198,1003,1808,'NOTPan',46),
(1199,1003,1060,'Number of panicles harvested from the plot that are different from sown variety',46),
(1200,1003,1070,'20329',46),
(1201,1003,1808,'AS',47),
(1202,1003,1060,'Agronomic appreciation - Plant type desirability (Score)',47),
(1203,1003,1070,'20330',47),
(1204,1003,1808,'FAS',48),
(1205,1003,1060,'Farmer appreciation - Desirability of the entry assessed by the farmer (Score)',48),
(1206,1003,1070,'20331',48),
(1207,1003,1808,'FPS',49),
(1208,1003,1060,'Farmer preference - Farmer choice of the entry (Score)',49),
(1209,1003,1070,'20332',49),
(1228,1003,1808,'Fe',56),
(1229,1003,1060,'Grain iron content',56),
(1230,1003,1070,'20333',56),
(1231,1003,1808,'Zn',57),
(1232,1003,1060,'Grain zinc content',57),
(1233,1003,1070,'20334',57),
(1234,1003,1808,'P',58),
(1235,1003,1060,'Grain phosphorus content',58),
(1236,1003,1070,'20335',58),
(1237,1003,1808,'Ca',59),
(1238,1003,1060,'Grain Calcium content',59),
(1239,1003,1070,'20336',59),
(1240,1003,1808,'K',60),
(1241,1003,1060,'Grain Potassium content',60),
(1242,1003,1070,'20337',60),
(1243,1003,1808,'Pro',61),
(1244,1003,1060,'Grain Protein content',61),
(1245,1003,1070,'20338',61),
(1246,1003,1808,'PA',62),
(1247,1003,1060,'Grain Phytate content in percent',62),
(1248,1003,1070,'20339',62),
(1249,1003,1808,'NOTES',63),
(1250,1003,1060,'Field notes -observed (text)',63),
(1251,1003,1070,'8390',63),
(1267,1004,1805,'STUDY',1),
(1268,1004,1060,'STUDY NAME',1),
(1269,1004,1070,'8005',1),
(1270,1004,1805,'TITLE',2),
(1271,1004,1060,'TITLE ASSIGNED',2),
(1272,1004,1070,'8007',2),
(1273,1004,1805,'PMKEY',3),
(1274,1004,1060,'PROJECT MANAGEMENT KEY',3),
(1275,1004,1070,'8040',3),
(1276,1004,8040,'0',3),
(1277,1004,1805,'OBJECTIVE',4),
(1278,1004,1060,'OBJECTIVE DESCRIBED',4),
(1279,1004,1070,'8030',4),
(1280,1004,8030,'Provide templates to start creating trials and nurseries',4),
(1281,1004,1805,'START DATE',5),
(1282,1004,1060,'STUDY START DATE',5),
(1283,1004,1070,'8050',5),
(1284,1004,8050,'20140627',5),
(1285,1004,1805,'END DATE',6),
(1286,1004,1060,'STUDY END DATE',6),
(1287,1004,1070,'8060',6),
(1288,1004,8060,'20140627',6),
(1289,1004,1805,'STUDY TYPE',7),
(1290,1004,1060,'TYPE OF STUDY',7),
(1291,1004,1070,'8070',7),
(1292,1004,8070,'10000',7),
(1293,1004,1805,'STUDY UID',8),
(1294,1004,1060,'STUDY USER ID',8),
(1295,1004,1070,'8020',8),
(1296,1004,8020,NULL,8),
(1301,1004,1805,'STUDY_UPDATE',10),
(1302,1004,1060,'Date the study was last updated',10),
(1303,1004,1070,'8009',10),
(1304,1004,8009,'20140724',10),
(1305,1004,1805,'PI_NAME',11),
(1306,1004,1060,'Name of the Principal Investigator',11),
(1307,1004,1070,'8100',11),
(1308,1004,8100,NULL,11),
(1309,1004,1805,'PI_ID',12),
(1310,1004,1060,'ID of the Principal Investigator',12),
(1311,1004,1070,'8110',12),
(1312,1004,8110,NULL,12),
(1313,1004,1805,'BREEDING_METHOD',13),
(1314,1004,1060,'Breeding method to be applied to this nursery',13),
(1315,1004,1070,'8256',13),
(1316,1004,8256,NULL,13),
(1317,1004,1805,'BREEDING_METHOD_ID',14),
(1318,1004,1060,'ID of Breeding method',14),
(1319,1004,1070,'8257',14),
(1320,1004,8257,NULL,14),
(1321,1005,1805,'DATASET',1),
(1322,1005,1060,'DATASET NAME',1),
(1323,1005,1070,'8150',1),
(1324,1005,1805,'DATASET TITLE',2),
(1325,1005,1060,'DATASET TITLE',2),
(1326,1005,1070,'8155',2),
(1327,1005,1805,'DATASET_TYPE',3),
(1328,1005,1060,'Dataset type',3),
(1329,1005,1070,'8160',3),
(1330,1005,8160,'10080',3),
(1331,1005,1806,'NID',4),
(1332,1005,1060,'TRIAL NUMBER',4),
(1333,1005,1070,'8170',4),
(1334,1005,1806,'SITE',15),
(1335,1005,1060,'NURSERY SITE NAME',15),
(1336,1005,1070,'8180',15),
(1337,1005,8180,NULL,15),
(1338,1005,1806,'SITE_ID',16),
(1339,1005,1060,'NURSERY SITE ID',16),
(1340,1005,1070,'8190',16),
(1341,1005,8190,NULL,16),
(1342,1006,1805,'DATASET',1),
(1343,1006,1060,'DATASET NAME',1),
(1344,1006,1070,'8150',1),
(1345,1006,1805,'DATASET TITLE',2),
(1346,1006,1060,'DATASET TITLE',2),
(1347,1006,1070,'8155',2),
(1348,1006,1805,'DATASET_TYPE',3),
(1349,1006,1060,'Dataset type',3),
(1350,1006,1070,'8160',3),
(1351,1006,8160,'10090',3),
(1352,1006,1806,'NID',4),
(1353,1006,1060,'TRIAL NUMBER',4),
(1354,1006,1070,'8170',4),
(1355,1006,1804,'ENTRY',5),
(1356,1006,1060,'ENTRY NUMBER',5),
(1357,1006,1070,'8230',5),
(1358,1006,1804,'DESIGNATION',6),
(1359,1006,1060,'ENTRY DESIGNATION',6),
(1360,1006,1070,'8250',6),
(1361,1006,1804,'GID',7),
(1362,1006,1060,'GERMPLASM ID',7),
(1363,1006,1070,'8240',7),
(1364,1006,1804,'CROSS',8),
(1365,1006,1060,'The pedigree string of the germplasm',8),
(1366,1006,1070,'8377',8),
(1367,1006,1804,'SOURCE',9),
(1368,1006,1060,'The seed source of the germplasm',9),
(1369,1006,1070,'8378',9),
(1370,1006,1804,'CHECK',10),
(1371,1006,1060,'TYPE OF ENTRY',10),
(1372,1006,1070,'8255',10),
(1373,1006,1810,'PLOT',11),
(1374,1006,1060,'PLOT NUMBER',11),
(1375,1006,1070,'8200',11),
(1394,1006,1808,'NOTES',20),
(1395,1006,1060,'Field notes - observed (text)',20),
(1396,1006,1070,'8390',20),
(1397,1006,1807,'NPSEL',21),
(1398,1006,1060,'Field notes - observed (text)',21),
(1399,1006,1070,'8263',21),
(1400,1003,1060,'Field plot id - assigned (text)',64),
(1401,1003,1070,'8201',64),
(1402,1003,1804,'PLOT_ID',64),
(1403,1006,1060,'Field plot id - assigned (text)',22),
(1404,1006,1070,'8201',22),
(1405,1006,1804,'PLOT_ID',22);
                                                                                                                                    
/*!40101 SET SQL_MODE=@OLD_SQL_MODE */;                                                                                             
/*!40014 SET FOREIGN_KEY_CHECKS=@OLD_FOREIGN_KEY_CHECKS */;                                                                         
/*!40014 SET UNIQUE_CHECKS=@OLD_UNIQUE_CHECKS */;                                                                                   
/*!40111 SET SQL_NOTES=@OLD_SQL_NOTES */;                                                                                           
