/*                                                                                                                                  
SQLyog Community v11.28 (64 bit)                                                                                                    
MySQL - 5.6.27 : Database - curated_new_om                                                                                          
*********************************************************************                                                               
*/                                                                                                                                 
                                                                                                                                    
/*!40101 SET NAMES utf8 */;                                                                                                         
                                                                                                                                    
/*!40101 SET SQL_MODE=''*/;                                                                                                         
                                                                                                                                    
/*!40014 SET @OLD_UNIQUE_CHECKS=@@UNIQUE_CHECKS, UNIQUE_CHECKS=0 */;                                                                
/*!40014 SET @OLD_FOREIGN_KEY_CHECKS=@@FOREIGN_KEY_CHECKS, FOREIGN_KEY_CHECKS=0 */;                                                 
/*!40101 SET @OLD_SQL_MODE=@@SQL_MODE, SQL_MODE='NO_AUTO_VALUE_ON_ZERO' */;                                                         
/*!40111 SET @OLD_SQL_NOTES=@@SQL_NOTES, SQL_NOTES=0 */;                                                                            
/*Data for the table `project` */                                                                                                   
                                                                                                                                    
insert  into `project`(`project_id`,`name`,`description`,`program_uuid`) values
(2,'Templates','Trial and Nursery Templates',NULL),
(3,'Basic Trial Template','Basic Trial Template',NULL),
(4,'Basic Trial Template-ENVIRONMENT','ENVIRONMENT_Basic Trial Template',NULL),
(5,'Basic Trial Template-PLOTDATA','MEASUREMENT EFECT_Basic Trial Template',NULL),
(6,'Basic nursery template','Basic nursery template',NULL),
(7,'Basic nursery template-ENVIRONMENT','ENVIRONMENT_Basic nursery template',NULL),
(8,'Basic nursery template-PLOTDATA','MEASUREMENT EFECT_Basic nursery template',NULL);
                                                                                                                                    
/*Data for the table `project_relationship` */                                                                                      
                                                                                                                                    
insert  into `project_relationship`(`project_relationship_id`,`subject_project_id`,`object_project_id`,`type_id`) values
(1,2,1,1140),
(2,3,2,1145),
(4,4,3,1150),
(5,5,3,1150),
(3,6,2,1145),
(6,7,6,1150),
(7,8,6,1150);
                                                                                                                                    
/*Data for the table `projectprop` */                                                                                               
                                                                                                                                    
insert  into `projectprop`(`projectprop_id`,`project_id`,`type_id`,`value`,`rank`) values
(1,3,1805,'STUDY',1),
(2,3,1060,'Study- assigned (DBCV)',1),
(3,3,1070,'8005',1),
(4,3,1805,'TITLE',2),
(5,3,1060,'Study title - assigned (text)',2),
(6,3,1070,'8007',2),
(7,3,1805,'PMKEY',3),
(8,3,1060,'Project management key - assigned (text)',3),
(9,3,1070,'8040',3),
(10,3,8040,'0',3),
(11,3,1805,'OBJECTIVE',4),
(12,3,1060,'Objective - described (text)',4),
(13,3,1070,'8030',4),
(14,3,8030,'Provide templates to start creating trials and nurseries',4),
(15,3,1805,'START DATE',5),
(16,3,1060,'Start date - assigned (date)',5),
(17,3,1070,'8050',5),
(18,3,8050,'20140627',5),
(19,3,1805,'END DATE',6),
(20,3,1060,'End date - assigned (date)',6),
(21,3,1070,'8060',6),
(22,3,8060,'20140627',6),
(23,3,1805,'STUDY TYPE',7),
(24,3,1060,'Study type - assigned (type)',7),
(25,3,1070,'8070',7),
(26,3,8070,'10010',7),
(27,3,1805,'STUDY UID',8),
(28,3,1060,'ID of the user entering the study data - assigned (DBID)',8),
(29,3,1070,'8020',8),
(30,3,8020,NULL,8),
(35,3,1805,'PI_NAME',10),
(36,3,1060,'Principal investigator - assigned (DBCV)',10),
(37,3,1070,'8100',10),
(38,3,8100,NULL,10),
(39,3,1805,'PI_ID',11),
(40,3,1060,'Principal investigator - assigned (DBID)',11),
(41,3,1070,'8110',11),
(42,3,8110,NULL,11),
(43,3,1805,'STUDY_UPDATE',12),
(44,3,1060,'Date thestudy was last updated - assigned (YYYYMMDD)',12),
(45,3,1070,'8009',12),
(46,3,8009,'20140724',12),
(47,4,1805,'DATASET',1),
(48,4,1060,'Dataset name - assigned (DBCV)',1),
(49,4,1070,'8150',1),
(50,4,1805,'DATASET TITLE',2),
(51,4,1060,'Dataset title - assigned (Text)',2),
(52,4,1070,'8155',2),
(53,4,1805,'DATASET_TYPE',3),
(54,4,1060,'Dataset type -assigned (type)',3),
(55,4,1070,'8160',3),
(56,4,8160,'10080',3),
(57,4,1806,'TRIAL',4),
(58,4,1060,'Trial instance - enumerated (number)',4),
(59,4,1070,'8170',4),
(60,4,1806,'COOPERATOR',5),
(61,4,1060,'COOPERATOR NAME',5),
(62,4,1070,'8373',5),
(63,4,1806,'COOPERATOR_ID',6),
(64,4,1060,'COOPERATOR ID -Assigned (DBID)',6),
(65,4,1070,'8372',6),
(66,4,1806,'SITE',7),
(67,4,1060,'Location - selected (DBCV)',7),
(68,4,1070,'8180',7),
(69,4,1806,'SITE_ID',8),
(70,4,1060,'Location - selected (DBID)',8),
(71,4,1070,'8190',8),
(72,4,1802,'SITE_SOIL_PH',9),
(73,4,1060,'Soil acidity - ph meter (pH)',9),
(74,4,1070,'8270',9),
(75,5,1805,'DATASET',1),
(76,5,1060,'Dataset name - assigned (DBCV)',1),
(77,5,1070,'8150',1),
(78,5,1805,'DATASET TITLE',2),
(79,5,1060,'Dataset title - assigned (Text)',2),
(80,5,1070,'8155',2),
(81,5,1805,'DATASET_TYPE',3),
(82,5,1060,'Datasettype -assigned (type)',3),
(83,5,1070,'8160',3),
(84,5,8160,'10090',3),
(85,5,1806,'TRIAL',4),
(86,5,1060,'Trial instance - enumerated(number)',4),
(87,5,1070,'8170',4),
(88,5,1804,'ENTRY',8),
(89,5,1060,'Germplasm entry - enumerated (number)',8),
(90,5,1070,'8230',8),
(91,5,1804,'DESIGNATION',9),
(92,5,1060,'Germplasm identifier - assigned (DBCV)',9),
(93,5,1070,'8250',9),
(94,5,1804,'GID',10),
(95,5,1060,'Germplasm identifier - assigned (DBID)',10),
(96,5,1070,'8240',10),
(97,5,1804,'CROSS',11),
(98,5,1060,'The pedigree string of thegermplasm',11),
(99,5,1070,'8377',11),
(100,5,1804,'SOURCE',12),
(101,5,1060,'The seed source of the germplasm - selected (Name)',12),
(102,5,1070,'8378',12),
(103,5,1804,'ENTRY_CODE',13),
(104,5,1060,'Germplasm ID - Assigned (Code)',13),
(105,5,1070,'8300',13),
(106,5,1810,'PLOT',14),
(107,5,1060,'Field plot - enumerated (number)',14),
(108,5,1070,'8200',14),
(109,5,1810,'REP',15),
(110,5,1060,'Replication- assigned (number)',15),
(111,5,1070,'8210',15),
(112,5,1810,'BLOCK',16),
(113,5,1060,'Block - assigned (number)',16),
(114,5,1070,'8220',16),
(115,5,1808,'FlwT_1stCount_day',18),
(116,5,1060,'Flowering time -BY- First flower date method -IN- Days',18),
(117,5,1070,'25009',18),
(118,5,1808,'BP_Est_1to5',19),
(119,5,1060,'Bacterial Pustule -BY- Bacterial pustle assessment -IN- 1 to 5 infection score',19),
(120,5,1070,'20011',19),
(121,5,1808,'RUST_Est_1to5',20),
(122,5,1060,'Soybean rust -BY- Rust assessment -IN- 1 to 5 infection score',20),
(123,5,1070,'20012',20),
(124,5,1808,'SMV_Est_1to5',21),
(125,5,1060,'Soybean Mosaic Virus -BY- SMV assessment -IN- 1 to 5 infection score',21),
(126,5,1070,'20013',21),
(127,5,1808,'FROGEYE_Est_1to5',22),
(128,5,1060,'Frogeye leafspot -BY- Frog eye assessment -IN- 1 to 5 infection score',22),
(129,5,1070,'20014',22),
(130,5,1808,'ROOTKNOT_Est_1to5',24),
(131,5,1060,'Root knot nematode -BY-Root knot assessment -IN- 1 to 5 infection score',24),
(132,5,1070,'25046',24),
(133,5,1808,'MatT_Count_day',25),
(134,5,1060,'Maturity time -BY- Days to maturity count -IN- Days',25),
(135,5,1070,'25028',25),
(136,5,1808,'Lodg_Est_1to5',28),
(137,5,1060,'Lodging -BY- Lodging estimation -IN- 1 to 5 percentage scale',28),
(138,5,1070,'20018',28),
(139,5,1808,'PlntHvst_Count_plant',29),
(140,5,1060,'Plants Harvested -BY- Number of plants harvested in the net plot, excluding the borders -IN- Plant',29),
(141,5,1070,'20019',29),
(142,5,1808,'SdYld_MeasPerPlot_gPlot',30),
(143,5,1060,'Seed yield -BY- Weighing of grain per plot -IN- g/plot',30),
(144,5,1070,'25015',30),
(145,5,1808,'PodShat_EarlyEst_1to5',32),
(146,5,1060,'Pod shattering -BY- Early pod shattering estimation -IN- 1 to 5 percentage scale',32),
(147,5,1070,'20022',32),
(148,5,1808,'Storab_Count_Pct',33),
(149,5,1060,'Storability -BY- Germination in storage count -IN- Percentage',33),
(150,5,1070,'20023',33),
(151,5,1808,'SdOilCt_Comp_pct',34),
(152,5,1060,'Seed oil content -BY- Seed oil content measurementin the lab -IN- Percent',34),
(153,5,1070,'25056',34),
(154,5,1808,'SdProtCt_Comp_pct',35),
(155,5,1060,'Seed protein content -BY-Seedprotein content measurement -IN- Percent',35),
(156,5,1070,'25060',35),
(160,5,1808,'ReprodT_Count_day',38),
(161,5,1060,'Reproductiveperiod -BY- Reproductive period duration measurement -IN- Days',38),
(162,5,1070,'25045',38),
(169,5,1808,'SdFillT_Count_day',47),
(170,5,1060,'Seed filling period -BY- Counting days of seed fill -IN- Days',47),
(171,5,1070,'25049',47),
(172,5,1808,'SdQual_Est_1to5',50),
(173,5,1060,'Seed quality -BY- Seed quality visual assessment -IN- 1 to 5 quality scale',50),
(174,5,1070,'25061',50),
(181,5,1808,'BAW_Est_1to5',60),
(182,5,1060,'Beet armyworm -BY- Foliar feeding assessment -IN- 1 to 5 percentage scale',60),
(183,5,1070,'25001',60),
(184,5,1808,'DEFOL_Est_1to5',61),
(185,5,1060,'Defoliation -BY- Defoliation assessment -IN- 1 to 5 percentage scale',61),
(186,5,1070,'25005',61),
(187,5,1808,'PodShat_LateEst_1to5',62),
(188,5,1060,'Pod shattering -BY- Late pod shattering assessment -IN- 1 to5 percentage scale',62),
(189,5,1070,'25020',62),
(190,5,1808,'MatGroup_Est_1to13',64),
(191,5,1060,'Maturity group -BY- Maturity group classification -IN- 1 to 13 maturity scale',64),
(192,5,1070,'25029',64),
(193,5,1808,'SdLysCt_Comp_pct',66),
(194,5,1060,'Seed lysine content -BY- Lysine context extraction method -IN- Percent',66),
(195,5,1070,'25053',66),
(196,5,1808,'SdIsoflav_Comp_pct',68),
(197,5,1060,'Seed isoflavone content -BY- Isoflavone content measurement -IN- Percent',68),
(198,5,1070,'25050',68),
(199,5,1808,'GermT_Count_day',69),
(200,5,1060,'Germination time -BY- Plant germination count -IN- Days',69),
(201,5,1070,'25014',69),
(202,5,1808,'PODMATURITY_Count_day',74),
(203,5,1060,'Pod Maturity Date -BY- Maturity days count -IN- Days',74),
(204,5,1070,'25035',74),
(205,5,1808,'MatT_95Count_day',75),
(206,5,1060,'Maturity time -BY- Full maturity count -IN- Days',75),
(207,5,1070,'25043',75),
(208,5,1808,'SdFibCt_Comp_pct',81),
(209,5,1060,'Fiber content -BY- Fiber content measurement -IN- Percent',81),
(210,5,1070,'25008',81),
(211,5,1808,'SdMoistCt_Comp_pct',82),
(212,5,1060,'Seed moisture content -BY- Moisture content measurement -IN- Percent',82),
(213,5,1070,'25055',82),
(214,5,1808,'SdSucrCt_Meas_gkg',83),
(215,5,1060,'Seed Sucrose content -BY- Sucrose content method -IN- g/kg',83),
(216,5,1070,'25065',83),
(220,5,1808,'ANTHR_Est_1to5',85),
(221,5,1060,'Soybean anthracnose -BY- Anthracnose assessment -IN- 1 to 5 infection score',85),
(222,5,1070,'25066',85),
(226,5,1808,'RaffinCt_Comp_gkg',89),
(227,5,1060,'Seed Raffinose content -BY- Raffinose measurement -IN- kg/kg',89),
(228,5,1070,'25062',89),
(229,5,1808,'LfletShp_Comp_1to4',90),
(230,5,1060,'Leaflet shape -BY- Leaf shape method -IN- 1 to 4 shape scale',90),
(231,5,1070,'25025',90),
(232,5,1808,'FlwForm_Est_1or2',93),
(233,5,1060,'Flower form -BY- Flower final form observation -IN-1 or 2form scale',93),
(234,5,1070,'25012',93),
(235,5,1808,'PodPerPlnt_Count_pod',95),
(236,5,1060,'Pod number -BY- Pod number count-IN- pod',95),
(237,5,1070,'25036',95),
(238,5,1808,'SdWt_Meas_g',97),
(239,5,1060,'Seed weight -BY- 100 weight -IN- g',97),
(240,5,1070,'25000',97),
(241,6,1805,'STUDY',1),
(242,6,1060,'Study - assigned (DBCV)',1),
(243,6,1070,'8005',1),
(244,6,1805,'TITLE',2),
(245,6,1060,'Study title - assigned (text)',2),
(246,6,1070,'8007',2),
(247,6,1805,'PMKEY',3),
(248,6,1060,'Project management key - assigned (text)',3),
(249,6,1070,'8040',3),
(250,6,8040,'0',3),
(251,6,1805,'OBJECTIVE',4),
(252,6,1060,'Objective - described (text)',4),
(253,6,1070,'8030',4),
(254,6,8030,'Provide templates to start creating trials and nurseries',4),
(255,6,1805,'START DATE',5),
(256,6,1060,'Start date -assigned (date)',5),
(257,6,1070,'8050',5),
(258,6,8050,'20140627',5),
(259,6,1805,'END DATE',6),
(260,6,1060,'End date - assigned (date)',6),
(261,6,1070,'8060',6),
(262,6,8060,'20140627',6),
(263,6,1805,'STUDY TYPE',7),
(264,6,1060,'Study type - assigned (type)',7),
(265,6,1070,'8070',7),
(266,6,8070,'10000',7),
(267,6,1805,'STUDY UID',8),
(268,6,1060,'ID of the user entering the study data - assigned (DBID)',8),
(269,6,1070,'8020',8),
(270,6,8020,NULL,8),
(275,6,1805,'STUDY_UPDATE',10),
(276,6,1060,'Date the study was last updated - assigned (YYYYMMDD)',10),
(277,6,1070,'8009',10),
(278,6,8009,'20140724',10),
(279,6,1805,'PI_NAME',11),
(280,6,1060,'Principal investigator - assigned (DBCV)',11),
(281,6,1070,'8100',11),
(282,6,8100,NULL,11),
(283,6,1805,'PI_ID',12),
(284,6,1060,'Principal investigator - assigned(DBID)',12),
(285,6,1070,'8110',12),
(286,6,8110,NULL,12),
(287,6,1805,'BREEDING_METHOD',13),
(288,6,1060,'Breeding method applied to all plots (DBCV)',13),
(289,6,1070,'8256',13),
(290,6,8256,NULL,13),
(291,6,1805,'BREEDING_METHOD_ID',14),
(292,6,1060,'IDof breeding method applied to all plots (DBID)',14),
(293,6,1070,'8257',14),
(294,6,8257,NULL,14),
(295,7,1805,'DATASET',1),
(296,7,1060,'Dataset name- assigned (DBCV)',1),
(297,7,1070,'8150',1),
(298,7,1805,'DATASET TITLE',2),
(299,7,1060,'Dataset title - assigned (Text)',2),
(300,7,1070,'8155',2),
(301,7,1805,'DATASET_TYPE',3),
(302,7,1060,'Dataset type -assigned (type)',3),
(303,7,1070,'8160',3),
(304,7,8160,'10080',3),
(305,7,1806,'NID',4),
(306,7,1060,'Trial instance - enumerated (number)',4),
(307,7,1070,'8170',4),
(308,7,1806,'SITE',15),
(309,7,1060,'Location - selected (DBCV)',15),
(310,7,1070,'8180',15),
(311,7,8180,NULL,15),
(312,7,1806,'SITE_ID',16),
(313,7,1060,'Location - selected (DBID)',16),
(314,7,1070,'8190',16),
(315,7,8190,NULL,16),
(316,8,1805,'DATASET',1),
(317,8,1060,'Dataset name - assigned (DBCV)',1),
(318,8,1070,'8150',1),
(319,8,1805,'DATASET TITLE',2),
(320,8,1060,'Dataset title - assigned (Text)',2),
(321,8,1070,'8155',2),
(322,8,1805,'DATASET_TYPE',3),
(323,8,1060,'Dataset type -assigned (type)',3),
(324,8,1070,'8160',3),
(325,8,8160,'10090',3),
(326,8,1806,'NID',4),
(327,8,1060,'Trial instance - enumerated (number)',4),
(328,8,1070,'8170',4),
(329,8,1804,'ENTRY',5),
(330,8,1060,'Germplasm entry - enumerated (number)',5),
(331,8,1070,'8230',5),
(332,8,1804,'DESIGNATION',6),
(333,8,1060,'Germplasm identifier - assigned (DBCV)',6),
(334,8,1070,'8250',6),
(335,8,1804,'GID',7),
(336,8,1060,'Germplasm identifier - assigned (DBID)',7),
(337,8,1070,'8240',7),
(338,8,1804,'CROSS',8),
(339,8,1060,'The pedigree string of the germplasm',8),
(340,8,1070,'8377',8),
(341,8,1804,'SOURCE',9),
(342,8,1060,'The seed source of the germplasm - selected (Name)',9),
(343,8,1070,'8378',9),
(344,8,1804,'CHECK',10),
(345,8,1060,'Entrytype (test/check)- assigned (type)',10),
(346,8,1070,'8255',10),
(347,8,1810,'PLOT',11),
(348,8,1060,'Field plot - enumerated (number)',11),
(349,8,1070,'8200',11),
(350,8,1807,'NPSEL',12),
(351,8,1060,'Number of plants selected - counted (number)',12),
(352,8,1070,'8263',12),
(356,8,1808,'NOTES',14),
(357,8,1060,'Field notes - observed (text)',14),
(358,8,1070,'8390',14),
(359,8,1808,'FlwT_1stCount_day',18),
(360,8,1060,'Flowering time -BY- First flower date method -IN- Days',18),
(361,8,1070,'25009',18),
(362,8,1808,'BP_Est_1to5',19),
(363,8,1060,'Bacterial Pustule -BY- Bacterial pustle assessment -IN- 1 to 5 infection score',19),
(364,8,1070,'20011',19),
(365,8,1808,'RUST_Est_1to5',20),
(366,8,1060,'Soybean rust -BY- Rust assessment -IN- 1 to 5 infection score',20),
(367,8,1070,'20012',20),
(368,8,1808,'SMV_Est_1to5',21),
(369,8,1060,'Soybean Mosaic Virus -BY- SMV assessment -IN- 1 to 5 infection score',21),
(370,8,1070,'20013',21),
(371,8,1808,'FROGEYE_Est_1to5',22),
(372,8,1060,'Frogeye leafspot -BY- Frog eye assessment -IN- 1 to 5 infection score',22),
(373,8,1070,'20014',22),
(374,8,1808,'ROOTKNOT_Est_1to5',24),
(375,8,1060,'Root knot nematode -BY- Root knot assessment -IN- 1 to 5 infection score',24),
(376,8,1070,'25046',24),
(377,8,1808,'Lodg_Est_1to5',28),
(378,8,1060,'Lodging -BY- Lodging estimation -IN- 1 to 5 percentage scale',28),
(379,8,1070,'20018',28),
(383,8,1808,'BAW_Est_1to5',60),
(384,8,1060,'Beet armyworm -BY- Foliar feeding assessment -IN- 1 to 5 percentage scale',60),
(385,8,1070,'25001',60),
(386,8,1808,'DEFOL_Est_1to5',61),
(387,8,1060,'Defoliation -BY- Defoliation assessment -IN- 1 to 5 percentage scale',61),
(388,8,1070,'25005',61),
(389,8,1808,'MatGroup_Est_1to13',64),
(390,8,1060,'Maturity group-BY- Maturity group classification -IN- 1 to 13 maturity scale',64),
(391,8,1070,'25029',64),
(392,8,1808,'GermT_Count_day',69),
(393,8,1060,'Germination time-BY- Plant germination count -IN- Days',69),
(394,8,1070,'25014',69),
(395,8,1808,'MatT_95Count_day',75),
(396,8,1060,'Maturity time -BY- Full maturity count -IN- Days',75),
(397,8,1070,'25043',75),
(401,8,1808,'ANTHR_Est_1to5',85),
(402,8,1060,'Soybean anthracnose -BY- Anthracnose assessment -IN- 1 to 5 infection score',85),
(403,8,1070,'25066',85),
(404,8,1808,'PodPerPlnt_Count_pod',95),
(405,8,1060,'Pod number -BY- Pod number count -IN- pod',95),
(406,8,1070,'25036',95),
(407,8,1808,'SdWt_Meas_g',97),
(408,8,1060,'Seedweight -BY-100 weight -IN- g',97),
(409,8,1070,'25000',97),
(410,5,1060,'Field plot id - assigned (text)',98),
(411,5,1070,'8201',98),
(412,5,1804,'PLOT_ID',98),
(413,8,1060,'Field plot id - assigned (text)',98),
(414,8,1070,'8201',98),
(415,8,1804,'PLOT_ID',98);
                                                                                                                                    
/*!40101 SET SQL_MODE=@OLD_SQL_MODE */;                                                                                             
/*!40014 SET FOREIGN_KEY_CHECKS=@OLD_FOREIGN_KEY_CHECKS */;                                                                         
/*!40014 SET UNIQUE_CHECKS=@OLD_UNIQUE_CHECKS */;                                                                                   
/*!40111 SET SQL_NOTES=@OLD_SQL_NOTES */;                                                                                           
