/*                                                                                                                                  
SQLyog Community v12.15 (64 bit)                                                                                                    
MySQL - 5.5.23-log : Database - ibdbv2_lentilnewom_merged                                                                           
*********************************************************************                                                               
*/                                                                                                                                 
                                                                                                                                    
/*!40101 SET NAMES utf8 */;                                                                                                         
                                                                                                                                    
/*!40101 SET SQL_MODE=''*/;                                                                                                         
                                                                                                                                    
/*!40014 SET @OLD_UNIQUE_CHECKS=@@UNIQUE_CHECKS, UNIQUE_CHECKS=0 */;                                                                
/*!40014 SET @OLD_FOREIGN_KEY_CHECKS=@@FOREIGN_KEY_CHECKS, FOREIGN_KEY_CHECKS=0 */;                                                 
/*!40101 SET @OLD_SQL_MODE=@@SQL_MODE, SQL_MODE='NO_AUTO_VALUE_ON_ZERO' */;                                                         
/*!40111 SET @OLD_SQL_NOTES=@@SQL_NOTES, SQL_NOTES=0 */;                                                                            
/*Data for the table `cv` */                                                                                                        
                                                                                                                                    
LOCK TABLES `cv` WRITE;                                                                                                             
                                                                                                                                    
insert  into `cv`(`cv_id`,`name`,`definition`) values
(20133,'20133','AnthrRes_Est_1to9 : Anthracnose resistance -BY- Scoring method for Anthracnose resistance -IN- 1 to 9 symptom scale'),
(20135,'20135','AscBltRes_Est_1to9 : Ascochyta blight resistance -BY- Scoring method for Ascochyta blight Resistance -IN- 1 to 9 symptom scale'),
(20138,'20138','BDef_Est_0to9 : Boron deficiency -BY- Screening method for Boron Deficiency -IN- 1 to 10 percentage scale'),
(20139,'20139','BToxRes_Est_1to10 : Boron toxicity tolerance -BY- Screening method for Boron toxicity tolerance -IN- 1 to 10 percentage scale'),
(20140,'20140','BranchPat_Est_1to3 : Branching pattern -BY- Branching pattern - method -IN- 1 to 3 pattern scale'),
(20143,'20143','CoTol_Est_1to5 : Cold tolerance -BY- Screening method for Cold Tolerance -IN- 1 to 5 percentage scale'),
(20144,'20144','CollRotRes_Est_1to5 : Collar rot resistance -BY- Screening method for Colar resistance -IN- 1 to 10 percentage scale'),
(20146,'20146','CotCol_Est_1to3 : Cotyledon colour -BY- Cotyledon Colour - Method -IN- 1 to 3 colour scale'),
(20153,'20153','FusWiRes_Est_1to5 : Fusarium wilt resistance -BY- Screening method for Fusarium wilt resistance -IN- 1 to 5 resistance scale'),
(20155,'20155','SdCol_VisClsn_1to6 : Ground colour of seed testa -BY- Seed coat color - Method -IN- 1 to 6 colour scale'),
(20156,'20156','GwthHab_Est_1to5 : Growth habit -BY- Growth Habit - Method -IN- 1 to 5 habit scale'),
(20159,'20159','HerbTol_Est_1to5 : Herbicide tolerance -BY- Screening method for Herbicide Tolerance -IN- 1 to 5 tolerance scale'),
(20161,'20161','IrDef_Est_0to8 : Iron (Fe) deficiency -BY- Screening method for Iron Deficiency -IN- 0 to 9 percentage scale'),
(20162,'20162','LodgSuscp_Est_1to7 : Lodging susceptibility -BY- Lodging susceptibility assessment - Method -IN- 1 to 7 incidence scale'),
(20169,'20169','TesPat_Est_1to5 : Pattern of seed testa -BY- Pattern of seed testa - method -IN- 1 to 5 pattern scale'),
(20170,'20170','PlntPub_Est_1to3 : Plant pubescence -BY- Plant pubescence - Method -IN- 1 to 3 extent scale'),
(20171,'20171','PlntArch_Est_1to5 : Plant structure -BY- Plant Structure - Method -IN- 1 to 5 structure scale'),
(20173,'20173','PodDhsce_Est_1to9 : Pod dehiscence -BY- Poddehiscence - Method -IN- 1 to 9 intensity scale'),
(20175,'20175','PodShg_Est_1to9 : Pod shedding -BY- Pod shedding - method -IN- 1 to 9 intensity scale'),
(20177,'20177','PrnscTan_Est_1to3 : Presence of Tendrils -BY- Presence of tendrils - Method -IN- 1 to 3 presence scale'),
(20181,'20181','RustRes_Est_1to9 : Rust resistance -BY- Screening method for Rust resistance -IN- 1 to 9 percentage scale'),
(20182,'20182','SalTol_Est_1to5 : Salinity tolerance -BY- Screening method for Salinity tolerance -IN- 1 to 5 suceptibility scale'),
(20189,'20189','StBli_Est_1to9 : Stemphylium blight resistance -BY- Screening method for Stemphylium blight resistance -IN- 1 to9 resistance scale'),
(20193,'20193','TenTyp_Est_1to3 : Type of tendril -BY- Tendrils Type - Method -IN- 1 to 3 type scale');

                                                                                                                                    
UNLOCK TABLES;                                                                                                                      
                                                                                                                                    
/*Data for the table `cvterm` */                                                                                                    
                                                                                                                                    
LOCK TABLES `cvterm` WRITE;                                                                                                         
                                                                                                                                    
insert  into `cvterm`(`cvterm_id`,`cv_id`,`name`,`definition`,`dbxref_id`,`is_obsolete`,`is_relationshiptype`) values
(20001,1010,'Anthracnose resistance','Degree of tolerance to Anthracnose disease. Causative organism: Colletotrichum truncatum.Symptoms develop when plants start to flower. Necrotic lesions can be found on the lower leaflets and cause premature leaf senescence.',NULL,0,0),
(20002,1010,'Aphid resistance','Degree of tolerance to Aphids. Acrythosiphon pisum. Suck sap from tender parts of plants and it is the vector of viral diseases.',NULL,0,0),
(20003,1010,'Ascochyta blight resistance','Degree of resistance to Ascochyta blight . Causative agent: Ascochyta lentis (Didymella lentis). The pathogen infects leaves, stems, petioles, pods and seeds. On leaves, young lesions with small necrotic spots of 3-5mm diameter can be found.',NULL,0,0),
(20004,1010,'Biological yield per plant','The total biological yield of a plant (seed yield + straw yield)',NULL,0,0),
(20006,1010,'Boron deficiency','Deficiency of B in the plant measured after six weeks of sowing',NULL,0,0),
(20007,1010,'Boron toxicity tolerance','Degree of tolerance to boron toxicity',NULL,0,0),
(20008,1010,'Branching pattern','A qualitative trait describing the branching pattern of plant',NULL,0,0),
(20009,1010,'Bruchid resistance','Degree of tolerance to Bruchids.Callosobruchus analis. Damage flowers, pods and seeds',NULL,0,0),
(20010,1010,'Canopy width','Width of the canopy',NULL,0,0),
(20011,1010,'Cold tolerance','Tolerance to damage caused to aerial plant parts by cold stress.',NULL,0,0),
(20012,1010,'Collar rot resistance','Degree of tolerance to collar rot. Causative agent: Sclerotium rolfsii.',NULL,0,0),
(20013,1010,'Cooking time','Cooking time for dry seed without soaking',NULL,0,0),
(20014,1010,'Cotyledon colour','A trait describing different classes of cotyledon',NULL,0,0),
(20019,1010,'Drought tolerance','Degree of tolerance todrought stress',NULL,0,0),
(20020,1010,'Early growth vigour','A quantitative tarits desrcibing the growth of seedlingls',NULL,0,0),
(20021,1010,'Fusarium wilt resistance','Degree of tolerance to Fusarium wilt disease.Causative organism: Fusarium oxysporum f. sp. lentis. Typical symptoms of wilt are first seen as sudden drooping of leaflets starting at the plant top and progressing downward.',NULL,0,0),
(20022,1010,'Grain protein content','A qualitative trait describing percentage of protein in the seed',NULL,0,0),
(20023,1010,'Ground colour of seed testa','A qualitative trait indicating seed coat color that could be green, grey, brown, black, pink and yellow and different shades and combinations of these colors.',NULL,0,0),
(20024,1010,'Growth habit','A qualitative description of the growth habit of the plant, whether prostrate/ semi-prostrate/Intermediate/Upright/Erect',NULL,0,0),
(20026,1010,'Heat tolerance','Degree of tolerance to high temperature',NULL,0,0),
(20027,1010,'Height of the lowest pod','Estimate of average height above ground of the lowest pod on unlodged plants at harvest',NULL,0,0),
(20028,1010,'Herbicide tolerance','It is a plant\'s ability to resist the toxic effects of herbicides.',NULL,0,0),
(20030,1010,'Iron (Fe) deficiency','Deficiency of Fe in the plant measured at flowering stage',NULL,0,0),
(20031,1010,'Lodging susceptibility','A trait describing status of susceptibilty of genotypes to lodging',NULL,0,0),
(20032,1010,'Micro nutrient content','The amount of micro-nutrient including Fe and Zn in the seed',NULL,0,0),
(20033,1010,'Number of pods per plant\r\n','A trait indicating total number of pods per plant',NULL,0,0),
(20034,1010,'Number of peduncles per plant','A trait indicating total number of peduncles per plant',NULL,0,0),
(20035,1010,'Number of pods per peduncle','A trait indicating number of pods per peduncle',NULL,0,0),
(20036,1010,'Number of seeds per pod','A trait indicating number of seeds per pod',NULL,0,0),
(20037,1010,'Orobanche resistance','Degree of resistance to Orobanche. Casative agent: Orobanche crenata.',NULL,0,0),
(20038,1010,'Pattern of seed testa','A qualitative trait describing the pattern of seed testa',NULL,0,0),
(20040,1010,'Plant pubescence','Plant hairiness',NULL,0,0),
(20041,1010,'Plant structure','A qualitative trait describing the structure and branching pattern of the plant',NULL,0,0),
(20042,1010,'Pod borer resistance','Degree of tolerance to podborer.Helicoverpa armigera. Damage pods and seeds',NULL,0,0),
(20043,1010,'Pod dehiscence','Splitting of pods at maturity along its built in line of weakness in order to release seeds',NULL,0,0),
(20044,1010,'Pod filling period','A quantitative trait indicating the amount time required for pod filling',NULL,0,0),
(20045,1010,'Pod shedding','Dropping of pods at maturity',NULL,0,0),
(20046,1010,'Pod weight','Weight of pods from a plant grown in the pot or field.',NULL,0,0),
(20047,1010,'Presence of Tendrils','A qualitative trait describing presence of tendrils',NULL,0,0),
(20048,1010,'Primary branches number','Number of basal primary branches per plant',NULL,0,0),
(20049,1010,'Root length','Cumulative root length of a sample',NULL,0,0),
(20050,1010,'Root length density','The length of roots present in a unit volume of soil',NULL,0,0),
(20051,1010,'Rust resistance','Degree of resistance to rust disease. Causative agent : Uromyces viciae-faba. It produces lesions on stems and leaves which result leaf fall and premature plant death',NULL,0,0),
(20052,1010,'Salinity tolerance','Degree of tolerance to salinity',NULL,0,0),
(20053,1010,'Secondary branches number','Number of basal secondary branches per plant',NULL,0,0),
(20054,1010,'Seed diameter','Seed diameter of fully dried seed',NULL,0,0),
(20055,1010,'Seed yield per plant','Seed yield from a single plant',NULL,0,0),
(20057,1010,'Chlorophyll content\r\n','Proportions that indicate chlorophyll density and/or leaf thickness measured through a SPAD chlorophyll meter.',NULL,0,0),
(20058,1010,'Stem weevil resistance','Degree of tolerance to stem weevil.Sitona crinitus. Damage seedlings and root nodules',NULL,0,0),
(20059,1010,'Stemphylium blight resistance','Degree of tolerance to Stemphyliumblight disease. Causative agent: Stemphylium botryosum. Small, light-beige lesions apper in the upper canopy. Leaves, pedicels, flowers and branches become necrotic resulting in a blighted appearance of lentil plants.',NULL,0,0),
(20060,1010,'Stomatal conductance','It is the measure of the rate of passage of carbon dioxide entering, or water vapour exiting through the stomata of a leaf.',NULL,0,0),
(20061,1010,'Straw protein content','Amount of protein content in the straw',NULL,0,0),
(20062,1010,'Tertiary branches number','Number of tertiary branches per plant',NULL,0,0),
(20063,1010,'Type of tendril','A qualitative trait discriminating different types of tendrils',NULL,0,0),
(20064,1010,'Water logging tolerance','Degree of tolerance to waterlogging condition',NULL,0,0),
(20065,1010,'Winter survival','Proportion of the plants emerged prior to winter and survived through winter',NULL,0,0),
(20066,1020,'Scoring methodfor Anthracnose resistance','Quantification of symptoms development in leaves and stem',NULL,0,0),
(20067,1020,'Screening method forAphid Resitance','Infestation area was taken and the percentage of infestation was determined at seven days interval',NULL,0,0),
(20068,1020,'Scoring method for Ascochyta blight Resistance','Quantification of infestation rate in leaves and stem',NULL,0,0),
(20069,1020,'Method of measuring BYPL','Yield of dried matured plants after pulling',NULL,0,0),
(20070,1020,'Method of measuring BYPO','Yieldof dried matured plants in a plot after pulling',NULL,0,0),
(20071,1020,'Screening method for Boron Deficiency','Quantification of symptoms development in leaves and stem, measured after six weeks of sowing',NULL,0,0),
(20072,1020,'Screening method for Boron toxicity tolerance','Quantification of symptoms of boron toxicity in leaves',NULL,0,0),
(20073,1020,'Branching pattern - method','Visual observation of the branching pattern',NULL,0,0),
(20074,1020,'Screening method for Bruchid Resistance','Proportion of penetrated seeds in a sample of 40 seeds',NULL,0,0),
(20075,1020,'Canopy Width - method','Average canopy width of three/five representative plants of an accession.',NULL,0,0),
(20076,1020,'Screening method for Cold Tolerance','visual estimation of the proportion of plants showing symptoms of cold stress',NULL,0,0),
(20077,1020,'Screening method for Colar resistance','Observation of seedling mortality',NULL,0,0),
(20078,1020,'Cooking time - Method','Cooking time for dry seed without soaking',NULL,0,0),
(20079,1020,'Cotyledon Colour - Method','Tobe observed on seeds less than three months old',NULL,0,0),
(20082,1020,'Time to first pod formation - method','Counting the number of days from sowingto first pod formation',NULL,0,0),
(20083,1020,'Time to maturity - method','Number of days from sowing until 90% of the pods are in golden brown',NULL,0,0),
(20084,1020,'Screening method for Drought tolerance','Drought tolerance index is calculated by using the formula of crop yield under drought conditions to the non-drought conditions i.e., 1-[(Ys)/(Yp)]',NULL,0,0),
(20085,1020,'Early growth vigour - Method','Seedling length after 40-45 days of sowing , which is measured in field',NULL,0,0),
(20086,1020,'Screening method for Fusarium wilt resistance','Proportion of wilted or dead plants per plot were recorded periodically every 3-4 days interval',NULL,0,0),
(20087,1020,'Grain protein content analysis - Method','Seed nitrogen content which is multiplied by the factor 6.25',NULL,0,0),
(20088,1020,'Seed coat color - Method','To be observed on seeds less than three months old',NULL,0,0),
(20089,1020,'Growth Habit - Method','Visual observation of the angle of primary branches recorded at mid-pod',NULL,0,0),
(20090,1020,'Harvest Index - Method\r\n','Grain yield/ (straw yield + grain yield)',NULL,0,0),
(20091,1020,'Screening method for Heat tolerance','Heat tolerance can be observedby counting number of unfilled or filled pods per plant',NULL,0,0),
(20092,1020,'Height of the lowest pod - Method','Estimate of theaverage height above ground of the lowest pod on randomly selected 3 to 5 unlodged plants at harvest',NULL,0,0),
(20093,1020,'Screening method for Herbicide Tolerance','Estimation of the tolerance to herbicide',NULL,0,0),
(20094,1020,'100 seed weight - Method','Average weight of two samples of 100 randomly chosen seeds',NULL,0,0),
(20095,1020,'Screening method for Iron Deficiency','Visual estimation of Fe deficiency',NULL,0,0),
(20096,1020,'Lodging susceptibility assessment - Method','Visually assessed at maturity',NULL,0,0),
(20097,1020,'Micro nutrient content analysis -Method','Using atomic absorption spectrometry',NULL,0,0),
(20098,1020,'Number of Pod per Plant -  method','Mean number of pods recorded from 10 randomly selected plants at physiological maturity',NULL,0,0),
(20099,1020,'Number of peduncle per plant - Method','The mean number of peduncles on 10 representative plants',NULL,0,0),
(20100,1020,'Number of pod per peduncle method','Maximum number of pods per peduncle on 10 representative plants',NULL,0,0),
(20101,1020,'Number of seed per pod - method','Average number of seeds of 10 dry pods',NULL,0,0),
(20102,1020,'Screening method for Orobanche Resistance','1/ Count the number of broomrapes emerged in the four rows of faba bean surrounding each row of lentil plants. 2/ divide the number of broomrapes by the number of lentil plants to compute an average',NULL,0,0),
(20103,1020,'Pattern of seed testa - method','Visual assessment of the pattern of the seed testa',NULL,0,0),
(20104,1020,'PLHGT measurement method','Height of the plant measured from the ground to the tip of the extended foliage at maturity',NULL,0,0),
(20105,1020,'Plant pubescence - Method','Visual assessment of the plant pubescence',NULL,0,0),
(20106,1020,'Plant Structure - Method','Visual assessment of plant structure',NULL,0,0),
(20107,1020,'Screening method for Pod borer resistance','Damage at pod stage measured by counting total pods and damaged pods and calculating proportion of damaged pods',NULL,0,0),
(20108,1020,'Pod dehiscence - Method','Visually assessed one week after maturity',NULL,0,0),
(20109,1020,'Pod filing per pod - Method','Counting up the duration of flowering and pod maturing period',NULL,0,0),
(20110,1020,'Pod shedding - method','Visually assessed after or during harvesting one week after maturity',NULL,0,0),
(20111,1020,'Pod Weight - Method','Average weight from 3 or 5 randomly-selected plants at maturity,  from a plant grown in the pot or field.',NULL,0,0),
(20112,1020,'Presence of tendrils - Method','Visual observation of the presence and nature of tendrils',NULL,0,0),
(20113,1020,'Primary Branch number - Method','Mean number of basal primary branches from 3 or 5 randomly selected plants at maturity',NULL,0,0),
(20114,1020,'Root length by Winrhizo- Method','Measured through winrhizo software from scanned image files',NULL,0,0),
(20115,1020,'RLD measurement - method','Calculated using both root length measured and soil volume from where the root comes.',NULL,0,0),
(20116,1020,'Screening method for Rust resistance','Quantification of symptoms development in leaves and stems',NULL,0,0),
(20117,1020,'Screening method for Salinity tolerance','Visual estimation of leaf symptoms',NULL,0,0),
(20118,1020,'Secondary Branch number - Method','Mean number of basal secondary branches from 3 or 5 randomly selected plants at maturity',NULL,0,0),
(20119,1020,'Seed diameter - Method','Diameter of fully dried seed ismeasured using vernier caliper',NULL,0,0),
(20120,1020,'SYPL measurement method','Yield of seeds after drying',NULL,0,0),
(20121,1020,'SYPO measurement method','Yield of seed after drying  (Plot basis)',NULL,0,0),
(20122,1020,'Chlorophyll content measurement method','Measure using a SPAD chlorophyll meter',NULL,0,0),
(20123,1020,'Screening method for Stem weevil resistance','Nodule damage was assessed in five plants randomly selected from each plot, uprooted with soil to recover most of the root system and then washed in laboratory',NULL,0,0),
(20124,1020,'Screening method for Stemphylium blight resistance','Visual estimation of the resistance to weevil',NULL,0,0),
(20125,1020,'Stomatal conductance measurement - Method','Measured using a Porometer',NULL,0,0),
(20126,1020,'Straw protein content analysis - Method','Crude protein analysis in lentil straw',NULL,0,0),
(20127,1020,'Tertiary Branch number - Method','Mean number of tertiary branches from 3 or 5 randomly selected plants at maturity',NULL,0,0),
(20128,1020,'Tendrils Type - Method','Visual assessment of the type of tendrils',NULL,0,0),
(20129,1020,'Screening method for Water logging tolerance','Root and shoot growth ratio of plants grown under water logged conditions over  % of drained controls',NULL,0,0),
(20130,1020,'Screening method for Winter survival','Plant stand counts recorded after complete emergence of seedlings survived through winter. Divide plant stand count by the number of emerged seedlings',NULL,0,0),
(20131,1030,'Orobanche index','Total number of emerged shoots/plant,dry weight of emerged orobanche spikes per plot',NULL,0,0),
(20132,1030,'cm cm-3','cm cm-3',NULL,0,0),
(20133,1040,'AnthrRes_Est_1to9','Anthracnose resistance -BY-Scoring method for Anthracnose resistance -IN- 1 to 9 symptom scale',NULL,0,0),
(20134,1040,'AphRes_Est_pct','Aphid resistance -BY- Screening method for Aphid Resitance -IN- Percentage',NULL,0,0),
(20135,1040,'AscBltRes_Est_1to9','Ascochyta blight resistance -BY- Scoring method for Ascochyta blight Resistance -IN- 1 to 9 symptom scale',NULL,0,0),
(20136,1040,'BYPL_Meas_gplnt','Biological yield per plant -BY- Method of measuring BYPL -IN- g/plant',NULL,0,0),
(20138,1040,'BDef_Est_0to9','Boron deficiency -BY- Screening method for Boron Deficiency -IN- 1 to 10 percentage scale',NULL,0,0),
(20139,1040,'BToxRes_Est_1to10','Boron toxicity tolerance -BY- Screening method for Boron toxicity tolerance -IN- 1 to 10 percentage scale',NULL,0,0),
(20140,1040,'BranchPat_Est_1to3','Branching pattern -BY- Branching pattern - method -IN- 1 to 3 pattern scale',NULL,0,0),
(20141,1040,'BruRes_Comp_pct','Bruchid resistance -BY- Screening method for Bruchid Resistance -IN- Percentage',NULL,0,0),
(20142,1040,'CanWid_Est_Cm','Canopy width -BY- Canopy Width - method -IN- cm',NULL,0,0),
(20143,1040,'CoTol_Est_1to5','Cold tolerance -BY- Screening method for Cold Tolerance -IN- 1 to 5 percentage scale',NULL,0,0),
(20144,1040,'CollRotRes_Est_0to9','Collar rot resistance -BY- Screening method for Colar resistance -IN- 1 to 10 percentage scale',NULL,0,0),
(20145,1040,'CookT_Meas_min','Cooking time -BY- Cooking time - Method -IN- Minutes',NULL,0,0),
(20146,1040,'CotCol_Est_1to3','Cotyledon colour -BY- Cotyledon Colour - Method -IN- 1 to 3 colour scale',NULL,0,0),
(20147,1040,'TFlw_CountTo50Flow_d','Time to flowering -BY- Time to 50% flowering - method -IN- Days',NULL,0,0),
(20148,1040,'TFlow_CountTo1F_d','Time to flowering -BY- Time to first flower - method -IN- Days',NULL,0,0),
(20151,1040,'DrghtTol_Comp_idx','Drought tolerance -BY- Screening method for Drought tolerance -IN- Index',NULL,0,0),
(20152,1040,'GrthVig_Meas_cm','Early growth vigour -BY- Early growth vigour - Method -IN- cm',NULL,0,0),
(20153,1040,'FusWiRes_Est_1to5','Fusarium wilt resistance -BY- Screening method for Fusarium wilt resistance -IN- 1 to 5 resistance scale',NULL,0,0),
(20154,1040,'GrPrtCent_Comp_Ptc','Grain protein content -BY- Grain protein content analysis - Method -IN- Percentage',NULL,0,0),
(20155,1040,'SdCol_VisClsn_1to6','Ground colourof seed testa -BY- Seed coat color - Method -IN- 1 to 6 colour scale',NULL,0,0),
(20156,1040,'GwthHab_Est_1to5','Growth habit -BY- Growth Habit - Method -IN- 1 to 5 habit scale',NULL,0,0),
(20157,1040,'HeatTol_Cont_nbPod','Heat tolerance -BY- Screening method for Heat tolerance -IN- Number of pods',NULL,0,0),
(20158,1040,'HghtPod_Est_cm','Height of the lowest pod -BY- Height of the lowest pod - Method -IN- cm',NULL,0,0),
(20159,1040,'HerbTol_Est_1to5','Herbicide tolerance -BY- Screening method for Herbicide Tolerance -IN- 1 to 5 tolerance scale',NULL,0,0),
(20161,1040,'IrDef_Est_0to8','Iron (Fe) deficiency -BY- Screening method for Iron Deficiency -IN- 0 to 9 percentage scale',NULL,0,0),
(20162,1040,'LodgSuscp_Est_0to7','Lodging susceptibility -BY- Lodging susceptibility assessment - Method -IN- 1 to 7 incidence scale',NULL,0,0),
(20163,1040,'SdMcrNutCont_Meas_Ptc','Micro nutrient content -BY- Micro nutrient content analysis -Method -IN- Percentage',NULL,0,0),
(20164,1040,'NbPodpPlnt_Calc_Pod','Number of pods per plant -BY- Number of Pod per Plant -  method -IN- Pod',NULL,0,0),
(20165,1040,'NbPedpPlnt_Calc_Ped','Number of peduncles per plant -BY- Number of peduncle per plant - Method -IN- Peduncle',NULL,0,0),
(20166,1040,'NbPodpPed_Calc_Pod','Number of pods per peduncle -BY- Number of pod per peduncle method -IN- Pod',NULL,0,0),
(20167,1040,'NbSdpPod_Calc_Sd','Number of seeds per pod -BY- Number of seed per pod - method -IN- Seed',NULL,0,0),
(20168,1040,'OroRes_Comp_oroPlnt','Orobanche resistance -BY- Screening method for Orobanche Resistance -IN- orobranch/lentil plant',NULL,0,0),
(20169,1040,'TesPat_Est_1to5','Pattern of seed testa -BY- Pattern of seed testa - method -IN- 1 to 5 pattern scale',NULL,0,0),
(20170,1040,'PlntPub_Est_1to3','Plant pubescence -BY- Plant pubescence - Method -IN- 1 to 3 extent scale',NULL,0,0),
(20171,1040,'PlntArch_Est_1to5','Plant structure -BY- Plant Structure - Method -IN- 1 to 5 structure scale',NULL,0,0),
(20172,1040,'PodBrRes_Comp_perc','Pod borer resistance -BY- Screening method for Pod borer resistance -IN- percentage of pod damage',NULL,0,0),
(20173,1040,'PodDhsce_Est_0to9','Pod dehiscence -BY- Pod dehiscence - Method -IN- 1 to 9 intensity scale',NULL,0,0),
(20174,1040,'PodFillPerd_Count_Day','Pod filling period -BY- Pod filing per pod - Method -IN- Days',NULL,0,0),
(20175,1040,'PodShg_Est_0to9','Pod shedding -BY- Pod shedding - method -IN- 1 to 9 intensity scale',NULL,0,0),
(20176,1040,'PodWght_Calc_g','Pod weight -BY- Pod Weight - Method -IN- g',NULL,0,0),
(20177,1040,'PrnscTan_Est_1to3','Presence of Tendrils -BY- Presence of tendrils - Method -IN- 1 to 3 presence scale',NULL,0,0),
(20178,1040,'PrimBrchNb_Calc_PrimBrch','Primary branches number -BY- Primary Branch number - Method -IN- Primary branch',NULL,0,0),
(20179,1040,'RtLng_WinMeas_cm','Root length -BY- Root length by Winrhizo - Method -IN- cm',NULL,0,0),
(20180,1040,'RtLngDen_Comp_cmcm3','Root length density -BY- RLD measurement - method -IN- cm cm-3',NULL,0,0),
(20181,1040,'RustRes_Est_1to9','Rust resistance -BY- Screening method for Rust resistance -IN- 1 to 9 percentage scale',NULL,0,0),
(20182,1040,'SalTol_Est_1to5','Salinity tolerance -BY- Screening method for Salinity tolerance -IN- 1 to 5 suceptibility scale',NULL,0,0),
(20183,1040,'SecBrchNb_Calc_SecBrch','Secondary branches number -BY- Secondary Branch number - Method -IN- Secondary Branch',NULL,0,0),
(20184,1040,'SeedDiam_Meas_mm','Seed diameter -BY- Seed diameter - Method -IN- mm',NULL,0,0),
(20185,1040,'SYPL_Meas_g','Seed yield per plant -BY- SYPL measurement method -IN- g',NULL,0,0),
(20187,1040,'ChlCont_Meas_SPAD','Chlorophyll content -BY- Chlorophyll content measurement method -IN- SPAD unit',NULL,0,0),
(20188,1040,'StmWeeRes_Comp_pct','Stem weevil resistance -BY- Screening method for Stem weevil resistance -IN- Percentage',NULL,0,0),
(20189,1040,'StBli_Est_1to9','Stemphylium blight resistance -BY- Screening method for Stemphylium blight resistance -IN- 1 to 9 resistance scale',NULL,0,0),
(20190,1040,'StoCond_Meas_poromUnit','Stomatal conductance -BY- Stomatal conductance measurement - Method -IN- Reading of porometer',NULL,0,0),
(20191,1040,'StrProtCont_Meas_Ptc','Straw protein content -BY- Straw protein content analysis - Method -IN- Percentage',NULL,0,0),
(20192,1040,'TerBrchNb_Comp_TerBrch','Tertiary branches number -BY- Tertiary Branch number - Method -IN- Tertiary Branch',NULL,0,0),
(20193,1040,'TenTyp_Est_1to3','Type of tendril -BY- Tendrils Type - Method -IN- 1 to 3 type scale',NULL,0,0),
(20194,1040,'WatLogTol_Calc_ratio','Water logging tolerance-BY- Screening method for Water logging tolerance -IN- Ratio',NULL,0,0),
(20195,1040,'WintSurv_Comp_ratio','Winter survival -BY- Screening method for Winter survival -IN- Ratio',NULL,0,0),
(20196,1030,'Number of days','Number of days',NULL,0,0),
(20197,1030,'SPAD Value','SPAD Value',NULL,0,0),
(20198,1030,'mmol/m2/s','Porometer unit of measurement',NULL,0,0),
(20199,1030,'Rate 1-9 scale','Rate 1-9scale',NULL,0,0),
(20200,1030,'Rate 0-9 scale','Rate 0-9 scale',NULL,0,0),
(20201,1030,'Visual score','Visual score',NULL,0,0),
(20202,1030,'Visual score of 0-9 scale','Visual score of 0-9 scale',NULL,0,0),
(20203,1030,'Visual score of 1-10 scale','Visual score of 1-10 scale',NULL,0,0),
(20204,1030,'Visual score on 1-5 scale','Visual score on 1-5 scale',NULL,0,0),
(20205,1030,'Visual scoring of Fe deficiency (0-9 scale)','Visual scoring of Fe deficiency (0-9 scale)',NULL,0,0),
(20206,1030,'Visual score of 0-7 scale','Visual score of 0-7 scale',NULL,0,0),
(20207,1030,'Type of branching pattern','Type of branching pattern',NULL,0,0),
(20208,1030,'Cotyledon colour class','Cotyledon colour class',NULL,0,0),
(20209,1030,'Category of seed testa','Category of seed testa',NULL,0,0),
(20210,1030,'Type of plant growth habit','Type of plant growth habit',NULL,0,0),
(20211,1030,'Classification of patterns of seed testa','Classification of patterns of seed testa',NULL,0,0),
(20212,1030,'Plant pubescence category','Plant pubescence category',NULL,0,0),
(20213,1030,'Type of plant structure','Type of plant structure',NULL,0,0),
(20214,1030,'Nature of tendril','Nature of tendril',NULL,0,0),
(50001,20133,'1','1= No lesion',NULL,0,0),
(50002,20133,'3','3= Few small superficial lesions',NULL,0,0),
(50003,20133,'5','5=Few deep lesions, mostly superficial, no stem girdling',NULL,0,0),
(50004,20133,'7','7= Several deep stem lesions, mixture of deep and superficial, partial wilting',NULL,0,0),
(50005,20133,'9','9=Deep penetrating lesions coalesce, stem girdling, wilting',NULL,0,0),
(50006,20135,'1','1=No symptoms',NULL,0,0),
(50007,20135,'3','3=small flecks or small lesions on leaves and chlorosis at leaf tips',NULL,0,0),
(50008,20135,'5','5=Many leaf lesions, leaf drop, stem flecks or small lesions',NULL,0,0),
(50009,20135,'7','7=Defoliation, extended stem lesions',NULL,0,0),
(50010,20135,'9','9= stem girdling and or plant death',NULL,0,0),
(50011,20138,'0','0=No symptoms of B deficiency',NULL,0,0),
(50012,20138,'1','1= 10% of plants showing boron deficiency',NULL,0,0),
(50013,20138,'2','2= 20% of plants showing boron deficiency',NULL,0,0),
(50014,20138,'3','3= 30% of plants showing boron deficiency',NULL,0,0),
(50015,20138,'4','4= 40% of plants showing boron deficiency',NULL,0,0),
(50016,20138,'5','5= 50% of plants showing boron deficiency',NULL,0,0),
(50017,20138,'6','6= 60% of plants showing boron deficiency',NULL,0,0),
(50018,20138,'7','7= 70% of plants showing boron deficiency',NULL,0,0),
(50019,20138,'8','8= 80% of plants showing boron deficiency',NULL,0,0),
(50020,20138,'9','9 = All plants showing severe stunting and chlorosis',NULL,0,0),
(50021,20139,'1','1=No symptoms of B toxicity',NULL,0,0),
(50022,20139,'2','2= 20% of plants showing foliar damage',NULL,0,0),
(50023,20139,'3','3=30% of plants showing foliar damage',NULL,0,0),
(50024,20139,'4','4=40% of plants showing foliar damage',NULL,0,0),
(50025,20139,'5','5=50% of plants showing foliar damage',NULL,0,0),
(50026,20139,'6','6=60% of plants showing foliar damage',NULL,0,0),
(50027,20139,'7','7=70% of plants showing foliar damage',NULL,0,0),
(50028,20139,'8','8=80% of plants showing foliar damage',NULL,0,0),
(50029,20139,'9','9=90% of plants showing foliar damage',NULL,0,0),
(50030,20139,'10','10= Completed dead',NULL,0,0),
(50031,20140,'1','1= Erect compact with a narrow branch angle',NULL,0,0),
(50032,20140,'2','2= Spreading',NULL,0,0),
(50033,20140,'3','3= Intermediate',NULL,0,0),
(50034,20143,'1','1= No foliar damage',NULL,0,0),
(50035,20143,'2','2= 30% of plants showing symptoms to low temperature stress',NULL,0,0),
(50036,20143,'3','3= 50% of plants showing symptoms to low temperature stress',NULL,0,0),
(50037,20143,'4','4= 70% of plants showing symptoms to low temperature stress',NULL,0,0),
(50038,20143,'5','5= Completely dead',NULL,0,0),
(50039,20146,'1','1= Yellow',NULL,0,0),
(50040,20146,'2','2= Orange-red',NULL,0,0),
(50041,20146,'3','3= Olive-green',NULL,0,0),
(50042,20153,'1','1= Highly resistant',NULL,0,0),
(50043,20153,'2','2= Resistant',NULL,0,0),
(50044,20153,'3','3= Moderately resistant',NULL,0,0),
(50045,20153,'4','4= Susceptible',NULL,0,0),
(50046,20153,'5','5= Highly susceptible',NULL,0,0),
(50047,20155,'1','1= Green',NULL,0,0),
(50048,20155,'2','2= Grey',NULL,0,0),
(50049,20155,'3','3= Brown',NULL,0,0),
(50050,20155,'4','4= Black',NULL,0,0),
(50051,20155,'5','5= Pink',NULL,0,0),
(50052,20155,'6','6= Yellow',NULL,0,0),
(50053,20156,'1','1= Erect (0-150 from vertical)',NULL,0,0),
(50054,20156,'2','2= Semi-erect (16-250 from vertical)',NULL,0,0),
(50055,20156,'3','3= Semi-spreading (26-600 from vertical)',NULL,0,0),
(50056,20156,'4','4= Spreading (61-800 from vertical)',NULL,0,0),
(50057,20156,'5','5= Prostrate (branches flat on the ground)',NULL,0,0),
(50058,20159,'1','1= Highly tolerant',NULL,0,0),
(50059,20159,'2','2= Tolerant',NULL,0,0),
(50060,20159,'3','3= Moderately tolerant',NULL,0,0),
(50061,20159,'4','4= Sensitive',NULL,0,0),
(50062,20159,'5','5= Highly sensitive',NULL,0,0),
(50063,20161,'0','0=No symptoms of Fe deficiency',NULL,0,0),
(50064,20161,'1','1= 10% of plants showing Fe deficiency',NULL,0,0),
(50065,20161,'2','2= 20% of plants showing Fe deficiency',NULL,0,0),
(50066,20161,'3','3= 30% of plants showing Fe deficiency',NULL,0,0),
(50067,20161,'4','4= 40% of plants showing Fe deficiency',NULL,0,0),
(50068,20161,'5','5= 50% of plants showing Fe deficiency',NULL,0,0),
(50069,20161,'6','6= 60% of plants showing Fe deficiency',NULL,0,0),
(50070,20161,'7','7= 70% of plants showing Fe deficiency',NULL,0,0),
(50071,20161,'8','8= 80% of plants showing Fe deficiency',NULL,0,0),
(50073,20162,'0','0= None',NULL,0,0),
(50074,20162,'3','3= Low',NULL,0,0),
(50075,20162,'5','5= Medium',NULL,0,0),
(50076,20162,'7','7= High',NULL,0,0),
(50077,20169,'1','1= Absent',NULL,0,0),
(50078,20169,'2','2= Dotted',NULL,0,0),
(50079,20169,'3','3= Spotted',NULL,0,0),
(50080,20169,'4','4= Marbled',NULL,0,0),
(50081,20169,'5','5= Complex',NULL,0,0),
(50082,20170,'1','1= Low pubescence',NULL,0,0),
(50083,20170,'2','2= Moderate pubescence',NULL,0,0),
(50084,20170,'3','3= High pubescence',NULL,0,0),
(50085,20171,'1','1= Highly branched, bushy',NULL,0,0),
(50086,20171,'2','2= Sparsely branched, tall erect',NULL,0,0),
(50087,20171,'3','3= moderately branched, semi-tall erect',NULL,0,0),
(50088,20171,'4','4= moderate to highly branched, semi-tall, subcompact',NULL,0,0),
(50089,20171,'5','5= moderate to highly branched, short, subcompact',NULL,0,0),
(50090,20173,'0','0= None',NULL,0,0),
(50091,20173,'3','3= Low',NULL,0,0),
(50092,20173,'5','5= Medium',NULL,0,0),
(50093,20173,'7','7= High',NULL,0,0),
(50094,20173,'9','9=',NULL,0,0),
(50095,20175,'0','0= None',NULL,0,0),
(50096,20175,'3','3= Low',NULL,0,0),
(50097,20175,'5','5= Medium',NULL,0,0),
(50098,20175,'7','7= High',NULL,0,0),
(50099,20175,'9','9=',NULL,0,0),
(50100,20177,'1','1= Absent',NULL,0,0),
(50101,20177,'2','2= Rudimentary',NULL,0,0),
(50102,20177,'3','3= Prominent',NULL,0,0),
(50103,20181,'1','1= 0-10% leaf area infected',NULL,0,0),
(50104,20181,'3','3= 11-30% leaf area infected',NULL,0,0),
(50105,20181,'5','5= 31-50% leaf area infected',NULL,0,0),
(50106,20181,'7','7= 51-70% leaf area infected',NULL,0,0),
(50107,20181,'9','9= More than 70% leaf area infected',NULL,0,0),
(50108,20182,'1','1= Highly tolerant (100% healthy leaves)',NULL,0,0),
(50109,20182,'2','2= Tolerant (75% healthy leaves)',NULL,0,0),
(50110,20182,'3','3= Moderately Tolerant (50% healthy leaves)',NULL,0,0),
(50111,20182,'4','4= Susceptible (25% healthy leaves)',NULL,0,0),
(50112,20182,'5','5= Highly susceptible (completely dead)',NULL,0,0),
(50113,20189,'1','1= 0-10% leaf area infected',NULL,0,0),
(50114,20189,'3','3= 11-30% leaf area infected',NULL,0,0),
(50115,20189,'5','5= 31-50% leaf area infected',NULL,0,0),
(50116,20189,'7','7= 51-70% leaf area infected',NULL,0,0),
(50117,20189,'9','9= More than 70% leaf area infected',NULL,0,0),
(50120,1030,'1 to 9 symptom scale','1 to 9 symptom scale',NULL,0,0),
(50123,20133,'2','2=',NULL,0,0),
(50127,20133,'8','8=',NULL,0,0),
(50138,20135,'2','2=',NULL,0,0),
(50142,20135,'8','8=',NULL,0,0),
(50146,1030,'g/plant','g/plant',NULL,0,0),
(50148,1010,'Biological yield per area','The total biological yield (seed yield + straw yield) of plants in a plot',NULL,0,0),
(50154,1030,'1 to 10 percentage scale','1 to 10 percentage scale',NULL,0,0),
(50182,1030,'1 to 3 pattern scale','1 to 3 pattern scale',NULL,0,0),
(50197,1030,'1 to 5 percentage scale','1 to 5 percentage scale',NULL,0,0),
(50208,20144,'0','0=No mortality',NULL,0,0),
(50209,20144,'1','1=less than 1% mortality',NULL,0,0),
(50210,20144,'3','3=1-10% mortality',NULL,0,0),
(50211,20144,'5','5=11-20% mortality',NULL,0,0),
(50212,20144,'7','7=21-50%mortality',NULL,0,0),
(50213,20144,'9','9=51% or more mortality',NULL,0,0),
(50216,1030,'Minutes','Minutes',NULL,0,0),
(50220,1030,'1 to 3 colour scale','1 to 3 colour scale',NULL,0,0),
(50231,1030,'Days','Days',NULL,0,0),
(50237,1010,'Time to flowering','Time elapsed between sowing to flowering',NULL,0,0),
(50238,1020,'Time to 50% flowering - method','Number of days from sowing until 50% of the plants are in flower under irrigated condition. In rain-fed conditions, it is counted fromfirst day of rainfall or irrigation, which is sufficient for germination',NULL,0,0),
(50242,1020,'Time to first flower - method','Number of days from sowing until the first flower started to occur.',NULL,0,0),
(50245,1010,'Time to first pod formation','Number of days from sowing to formation of first pod',NULL,0,0),
(50249,1010,'Time to maturity','A quantitative trait describing the physiological maturity of plant',NULL,0,0),
(50263,1030,'1 to 5 resistance scale','1 to 5 resistance scale',NULL,0,0),
(50272,1030,'1 to 6 colour scale','1 to 6 colour scale',NULL,0,0),
(50282,1030,'1 to 5 habit scale','1 to 5 habit scale',NULL,0,0),
(50292,1040,'HarvInx_Comp_ratio','Harvest Index -BY- Harvest Index - Method -IN- Ratio',NULL,0,0),
(50295,1030,'Number of pods','Number of pods',NULL,0,0),
(50303,1030,'1 to 5 tolerance scale','1 to 5 tolerance scale',NULL,0,0),
(50310,1010,'Seed weight','Weight of seeds',NULL,0,0),
(50316,1030,'0 to 9 percentage scale','0 to 9 percentage scale',NULL,0,0),
(50329,1030,'0 to 7 incidence scale','0 to 7 incidence scale',NULL,0,0),
(50332,20162,'1','1=',NULL,0,0),
(50333,20162,'2','2=',NULL,0,0),
(50335,20162,'4','4=',NULL,0,0),
(50337,20162,'6','6=',NULL,0,0),
(50345,1030,'Pod','Pod',NULL,0,0),
(50349,1030,'Peduncle','Peduncle',NULL,0,0),
(50357,1030,'Seed','Seed',NULL,0,0),
(50361,1030,'orobranch/lentil plant','orobranch/lentil plant',NULL,0,0),
(50365,1030,'1 to 5 pattern scale','1 to 5 pattern scale',NULL,0,0),
(50373,1020,'Plant height highest leaf - Method','Height of the plant measured from the ground to the tip of the extended foliage at maturity. Mean plant height (cm) of five representative plants from soil surface measured at the end of flowering',NULL,0,0),
(50375,1040,'PlntH_ToLeafMeas_cm','Plant height -BY- Plant height highest leaf - Method -IN- cm',NULL,0,0),
(50378,1030,'1 to 3 extent scale','1 to 3 extent scale',NULL,0,0),
(50385,1030,'1 to 5 structure scale','1 to 5 structure scale',NULL,0,0),
(50394,1030,'percentage of pod damage','percentage of pod damage',NULL,0,0),
(50398,1030,'1 to 9 intensity scale','1 to 9 intensity scale',NULL,0,0),
(50401,20173,'1','1=',NULL,0,0),
(50402,20173,'2','2=',NULL,0,0),
(50404,20173,'4','4=',NULL,0,0),
(50406,20173,'6','6=',NULL,0,0),
(50408,20173,'8','8=',NULL,0,0),
(50419,20175,'1','1=',NULL,0,0),
(50420,20175,'2','2=',NULL,0,0),
(50422,20175,'4','4=',NULL,0,0),
(50424,20175,'6','6=',NULL,0,0),
(50426,20175,'8','8=',NULL,0,0),
(50434,1030,'1 to 3 presence scale','1 to 3 presence scale',NULL,0,0),
(50441,1030,'Primary branch','Primary branch',NULL,0,0),
(50448,1020,'Root length measurement - Method','Measured manually using the ruler',NULL,0,0),
(50450,1040,'RtLng_RulMeas_cm','Root length -BY- Root length measurement - Method -IN- cm',NULL,0,0),
(50457,1030,'1 to 9 percentage scale','1 to 9 percentage scale',NULL,0,0),
(50461,20181,'4','4=',NULL,0,0),
(50463,20181,'6','6=',NULL,0,0),
(50465,20181,'8','8=',NULL,0,0),
(50469,1030,'1 to 5 suceptibility scale','1 to 5 suceptibility scale',NULL,0,0),
(50478,1030,'Secondary Branch','Secondary Branch',NULL,0,0),
(50492,1010,'Seed yield per area','Seed yield per area',NULL,0,0),
(50494,1030,'kg/m2','kg/m2',NULL,0,0),
(50498,1030,'SPAD unit','SPAD unit',NULL,0,0),
(50506,1030,'1 to 9 resistance scale','1 to 9 resistance scale',NULL,0,0),
(50509,20189,'2','2=',NULL,0,0),
(50511,20189,'4','4=',NULL,0,0),
(50513,20189,'6','6=',NULL,0,0),
(50515,20189,'8','8=',NULL,0,0),
(50519,1030,'Reading of porometer','Reading of porometer',NULL,0,0),
(50523,1030,'Tertiary Branch','Tertiary Branch',NULL,0,0),
(50527,1030,'1 to 3 type scale','1 to 3 type scale',NULL,0,0),
(50529,20193,'1','1= Bristle',NULL,0,0),
(50530,20193,'2','2= Simple',NULL,0,0),
(50531,20193,'3','3= Dichotomous',NULL,0,0),
(50532,20133,'4','=',NULL,0,0),
(50533,20133,'6','=',NULL,0,0),
(50534,20135,'4','=',NULL,0,0),
(50535,20135,'6','=',NULL,0,0),
(50536,20181,'2','',NULL,0,0),
(50538,1030,'0 to 8 percentage scale','0 to 8 percentage scale',NULL,0,0),
(50585,1030,'1 to 9 symptom scale of AscBltRes_Est_1to9','1 to 9 symptom scale of AscBltRes_Est_1to9_generated',NULL,0,0),
(50586,1030,'0 to 9 percentage scale ofCollRotRes_Est_0to9','0 to 9 percentage scale of CollRotRes_Est_0to9_generated',NULL,0,0),
(50587,1030,'0 to 9 percentage scale of PodDhsce_Est_0to9','0 to 9 percentage scale of PodDhsce_Est_0to9_generated',NULL,0,0),
(50588,1030,'0 to 9 percentage scale of PodShg_Est_0to9','0 to 9 percentage scale of PodShg_Est_0to9_generated',NULL,0,0);

insert into `cvterm` (`cvterm_id`, `cv_id`, `name`, `definition`, `dbxref_id`, `is_obsolete`, `is_relationshiptype`) values('50589','1010','Harvest index','A measurement of crop yield, the weight of the harvested product as a percentage of the total plant weight of a crop',NULL,'0','0');

insert into `cvterm` (`cvterm_id`, `cv_id`, `name`, `definition`, `dbxref_id`, `is_obsolete`, `is_relationshiptype`) values('50590','1010','Plant height','Height of the plant',NULL,'0','0');

                                                                                                                                    
UNLOCK TABLES;                                                                                                                      
                                                                                                                                    
/*Data for the table `cvterm_relationship` */                                                                                       
                                                                                                                                    
LOCK TABLES `cvterm_relationship` WRITE;                                                                                            
                                                                                                                                    
insert  into `cvterm_relationship`(`cvterm_relationship_id`,`type_id`,`subject_id`,`object_id`) values
(20001,1225,20001,1360),
(20002,1225,20002,1360),
(20003,1225,20003,1360),
(20004,1225,20004,1340),
(20006,1225,20006,1410),
(20007,1225,20007,1410),
(20008,1225,20008,1350),
(20009,1225,20009,1360),
(20010,1225,20010,1350),
(20011,1225,20011,1410),
(20012,1225,20012,1360),
(20013,1225,20013,1370),
(20014,1225,20014,1370),
(20019,1225,20019,1410),
(20020,1225,20020,1440),
(20021,1225,20021,1360),
(20022,1225,20022,1370),
(20023,1225,20023,1350),
(20024,1225,20024,1350),
(20025,1225,20026,1410),
(20026,1225,20027,1340),
(20027,1225,20028,1340),
(20029,1225,20030,1410),
(20030,1225,20031,1340),
(20031,1225,20032,1370),
(20032,1225,20033,1340),
(20033,1225,20034,1340),
(20034,1225,20035,1340),
(20035,1225,20036,1340),
(20036,1225,20037,1360),
(20037,1225,20038,1350),
(20038,1225,20040,1350),
(20039,1225,20041,1350),
(20040,1225,20042,1360),
(20041,1225,20043,1340),
(20042,1225,20044,1440),
(20043,1225,20045,1340),
(20044,1225,20046,1340),
(20045,1225,20047,1350),
(20046,1225,20048,1340),
(20047,1225,20049,1345),
(20048,1225,20050,1345),
(20049,1225,20051,1360),
(20050,1225,20052,1410),
(20051,1225,20053,1340),
(20052,1225,20054,1340),
(20053,1225,20055,1340),
(20055,1225,20057,1345),
(20056,1225,20058,1360),
(20057,1225,20059,1360),
(20058,1225,20060,1345),
(20059,1225,20061,1370),
(20060,1225,20062,1340),
(20061,1225,20063,1350),
(20062,1225,20064,1410),
(20063,1225,20065,1410),
(21273,1105,20131,1110),
(21246,1105,20132,1110),
(20064,1200,20133,20001),
(20127,1210,20133,20066),
(20190,1220,20133,50120),
(20191,1220,20134,17050),
(20065,1200,20134,20002),
(20128,1210,20134,20067),
(20066,1200,20135,20003),
(20129,1210,20135,20068),
(20192,1220,20135,50585),
(20067,1200,20136,20004),
(20130,1210,20136,20069),
(20193,1220,20136,50146),
(20069,1200,20138,20006),
(20132,1210,20138,20071),
(20195,1220,20138,50316),
(20070,1200,20139,20007),
(20133,1210,20139,20072),
(20196,1220,20139,50154),
(20071,1200,20140,20008),
(20134,1210,20140,20073),
(20197,1220,20140,50182),
(20198,1220,20141,17050),
(20072,1200,20141,20009),
(20135,1210,20141,20074),
(20199,1220,20142,6085),
(20073,1200,20142,20010),
(20136,1210,20142,20075),
(20074,1200,20143,20011),
(20137,1210,20143,20076),
(20200,1220,20143,50197),
(20075,1200,20144,20012),
(20138,1210,20144,20077),
(20201,1220,20144,50586),
(20076,1200,20145,20013),
(20139,1210,20145,20078),
(20202,1220,20145,50216),
(20077,1200,20146,20014),
(20140,1210,20146,20079),
(20203,1220,20146,50220),
(20628,1220,20147,50231),
(20625,1200,20147,50237),
(20627,1210,20147,50238),
(20635,1220,20148,50231),
(20632,1200,20148,50237),
(20634,1210,20148,50242),
(20208,1220,20151,17070),
(20082,1200,20151,20019),
(20145,1210,20151,20084),
(20209,1220,20152,6085),
(20083,1200,20152,20020),
(20146,1210,20152,20085),
(20084,1200,20153,20021),
(20147,1210,20153,20086),
(20210,1220,20153,50263),
(20211,1220,20154,17050),
(20085,1200,20154,20022),
(20148,1210,20154,20087),
(20086,1200,20155,20023),
(20149,1210,20155,20088),
(20212,1220,20155,50272),
(20087,1200,20156,20024),
(20150,1210,20156,20089),
(20213,1220,20156,50282),
(20088,1200,20157,20026),
(20151,1210,20157,20091),
(20214,1220,20157,50295),
(20215,1220,20158,6085),
(20089,1200,20158,20027),
(20152,1210,20158,20092),
(20090,1200,20159,20028),
(20153,1210,20159,20093),
(20216,1220,20159,50303),
(20092,1200,20161,20030),
(20155,1210,20161,20095),
(20218,1220,20161,50538),
(20093,1200,20162,20031),
(20156,1210,20162,20096),
(20219,1220,20162,50329),
(20220,1220,20163,17050),
(20094,1200,20163,20032),
(20157,1210,20163,20097),
(20095,1200,20164,20033),
(20158,1210,20164,20098),
(20221,1220,20164,50345),
(20096,1200,20165,20034),
(20159,1210,20165,20099),
(20222,1220,20165,50349),
(20097,1200,20166,20035),
(20160,1210,20166,20100),
(20223,1220,20166,50345),
(20098,1200,20167,20036),
(20161,1210,20167,20101),
(20224,1220,20167,50357),
(20099,1200,20168,20037),
(20162,1210,20168,20102),
(20225,1220,20168,50361),
(20100,1200,20169,20038),
(20163,1210,20169,20103),
(20226,1220,20169,50365),
(20101,1200,20170,20040),
(20164,1210,20170,20105),
(20227,1220,20170,50378),
(20102,1200,20171,20041),
(20165,1210,20171,20106),
(20228,1220,20171,50385),
(20103,1200,20172,20042),
(20166,1210,20172,20107),
(20229,1220,20172,50394),
(20104,1200,20173,20043),
(20167,1210,20173,20108),
(21131,1220,20173,50587),
(20105,1200,20174,20044),
(20168,1210,20174,20109),
(20231,1220,20174,50231),
(20106,1200,20175,20045),
(20169,1210,20175,20110),
(20232,1220,20175,50588),
(20233,1220,20176,6087),
(20107,1200,20176,20046),
(20170,1210,20176,20111),
(20108,1200,20177,20047),
(20171,1210,20177,20112),
(20234,1220,20177,50434),
(20109,1200,20178,20048),
(20172,1210,20178,20113),
(20235,1220,20178,50441),
(20236,1220,20179,6085),
(20110,1200,20179,20049),
(20173,1210,20179,20114),
(20111,1200,20180,20050),
(20174,1210,20180,20115),
(20237,1220,20180,20132),
(20112,1200,20181,20051),
(20175,1210,20181,20116),
(20238,1220,20181,50457),
(20113,1200,20182,20052),
(20176,1210,20182,20117),
(20239,1220,20182,50469),
(20114,1200,20183,20053),
(20177,1210,20183,20118),
(20240,1220,20183,50478),
(20241,1220,20184,17021),
(20115,1200,20184,20054),
(20178,1210,20184,20119),
(20242,1220,20185,6087),
(20116,1200,20185,20055),
(20179,1210,20185,20120),
(20118,1200,20187,20057),
(20181,1210,20187,20122),
(20244,1220,20187,50498),
(20245,1220,20188,17050),
(20119,1200,20188,20058),
(20182,1210,20188,20123),
(20120,1200,20189,20059),
(20183,1210,20189,20124),
(20246,1220,20189,50506),
(20121,1200,20190,20060),
(20184,1210,20190,20125),
(20247,1220,20190,50519),
(20248,1220,20191,17050),
(20122,1200,20191,20061),
(20185,1210,20191,20126),
(20123,1200,20192,20062),
(20186,1210,20192,20127),
(20249,1220,20192,50523),
(20124,1200,20193,20063),
(20187,1210,20193,20128),
(20250,1220,20193,50527),
(20251,1220,20194,17110),
(20125,1200,20194,20064),
(20188,1210,20194,20129),
(20252,1220,20195,17110),
(20126,1200,20195,20065),
(20189,1210,20195,20130),
(21274,1105,20196,1110),
(21275,1105,20197,1110),
(21276,1105,20198,1110),
(21277,1105,20199,1110),
(21278,1105,20200,1110),
(21279,1105,20201,1110),
(21280,1105,20202,1110),
(21281,1105,20203,1110),
(21282,1105,20204,1110),
(21283,1105,20205,1110),
(21284,1105,20206,1110),
(21285,1105,20207,1110),
(21286,1105,20208,1110),
(21287,1105,20209,1110),
(21288,1105,20210,1110),
(21289,1105,20211,1110),
(21290,1105,20212,1110),
(21291,1105,20213,1110),
(21292,1105,20214,1110),
(21216,1105,50120,1130),
(20449,1190,50120,50001),
(20450,1190,50120,50002),
(20451,1190,50120,50003),
(20452,1190,50120,50004),
(20453,1190,50120,50005),
(20454,1190,50120,50123),
(20455,1190,50120,50127),
(21123,1190,50120,50532),
(21125,1190,50120,50533),
(21218,1105,50146,1110),
(20485,1225,50148,1340),
(21220,1105,50154,1130),
(20520,1190,50154,50021),
(20521,1190,50154,50022),
(20522,1190,50154,50023),
(20523,1190,50154,50024),
(20524,1190,50154,50025),
(20525,1190,50154,50026),
(20526,1190,50154,50027),
(20527,1190,50154,50028),
(20528,1190,50154,50029),
(20529,1190,50154,50030),
(21221,1105,50182,1130),
(20542,1190,50182,50031),
(20543,1190,50182,50032),
(20544,1190,50182,50033),
(21222,1105,50197,1130),
(20566,1190,50197,50034),
(20567,1190,50197,50035),
(20568,1190,50197,50036),
(20569,1190,50197,50037),
(20570,1190,50197,50038),
(21224,1105,50216,1110),
(21225,1105,50220,1130),
(20601,1190,50220,50039),
(20602,1190,50220,50040),
(20603,1190,50220,50041),
(21226,1105,50231,1110),
(20626,1225,50237,1440),
(20640,1225,50245,1440),
(20647,1225,50249,1440),
(21227,1105,50263,1130),
(20674,1190,50263,50042),
(20675,1190,50263,50043),
(20676,1190,50263,50044),
(20677,1190,50263,50045),
(20678,1190,50263,50046),
(21228,1105,50272,1130),
(20688,1190,50272,50047),
(20689,1190,50272,50048),
(20690,1190,50272,50049),
(20691,1190,50272,50050),
(20692,1190,50272,50051),
(20693,1190,50272,50052),
(21229,1105,50282,1130),
(20702,1190,50282,50053),
(20703,1190,50282,50054),
(20704,1190,50282,50055),
(20705,1190,50282,50056),
(20706,1190,50282,50057),
(20709,1200,50292,50589),
(20712,1220,50292,17110),
(20711,1210,50292,20090),
(21230,1105,50295,1110),
(21231,1105,50303,1130),
(20737,1190,50303,50058),
(20738,1190,50303,50059),
(20739,1190,50303,50060),
(20740,1190,50303,50061),
(20741,1190,50303,50062),
(20745,1225,50310,1340),
(21219,1105,50316,1130),
(20498,1190,50316,50011),
(20499,1190,50316,50012),
(20500,1190,50316,50013),
(20501,1190,50316,50014),
(20502,1190,50316,50015),
(20503,1190,50316,50016),
(20504,1190,50316,50017),
(20505,1190,50316,50018),
(20506,1190,50316,50019),
(20507,1190,50316,50020),
(21233,1105,50329,1130),
(20780,1190,50329,50073),
(20781,1190,50329,50074),
(20782,1190,50329,50075),
(20783,1190,50329,50076),
(20784,1190,50329,50332),
(20785,1190,50329,50333),
(20786,1190,50329,50335),
(20787,1190,50329,50337),
(21234,1105,50345,1110),
(21235,1105,50349,1110),
(21236,1105,50357,1110),
(21237,1105,50361,1110),
(21238,1105,50365,1130),
(20844,1190,50365,50077),
(20845,1190,50365,50078),
(20846,1190,50365,50079),
(20847,1190,50365,50080),
(20848,1190,50365,50081),
(20854,1220,50375,6085),
(20851,1200,50375,50590),
(20853,1210,50375,50373),
(21239,1105,50378,1130),
(20865,1190,50378,50082),
(20866,1190,50378,50083),
(20867,1190,50378,50084),
(21240,1105,50385,1130),
(20875,1190,50385,50085),
(20876,1190,50385,50086),
(20877,1190,50385,50087),
(20878,1190,50385,50088),
(20879,1190,50385,50089),
(21241,1105,50394,1110),
(21293,1105,50398,1110),
(21244,1105,50434,1130),
(20954,1190,50434,50100),
(20955,1190,50434,50101),
(20956,1190,50434,50102),
(21245,1105,50441,1110),
(20974,1220,50450,6085),
(20971,1200,50450,20049),
(20973,1210,50450,50448),
(21247,1105,50457,1130),
(20992,1190,50457,50103),
(20993,1190,50457,50104),
(20994,1190,50457,50105),
(20995,1190,50457,50106),
(20996,1190,50457,50107),
(20997,1190,50457,50461),
(20998,1190,50457,50463),
(20999,1190,50457,50465),
(21130,1190,50457,50536),
(21248,1105,50469,1130),
(21014,1190,50469,50108),
(21015,1190,50469,50109),
(21016,1190,50469,50110),
(21017,1190,50469,50111),
(21018,1190,50469,50112),
(21249,1105,50478,1110),
(21050,1225,50492,1340),
(21251,1105,50494,1110),
(21252,1105,50498,1110),
(21253,1105,50506,1130),
(21077,1190,50506,50113),
(21078,1190,50506,50114),
(21079,1190,50506,50115),
(21080,1190,50506,50116),
(21081,1190,50506,50117),
(21082,1190,50506,50509),
(21083,1190,50506,50511),
(21084,1190,50506,50513),
(21085,1190,50506,50515),
(21254,1105,50519,1110),
(21255,1105,50523,1110),
(21256,1105,50527,1130),
(21113,1190,50527,50529),
(21114,1190,50527,50530),
(21115,1190,50527,50531),
(21232,1105,50538,1130),
(20758,1190,50538,50063),
(20759,1190,50538,50064),
(20760,1190,50538,50065),
(20761,1190,50538,50066),
(20762,1190,50538,50067),
(20763,1190,50538,50068),
(20764,1190,50538,50069),
(20765,1190,50538,50070),
(20766,1190,50538,50071),
(21217,1105,50585,1130),
(20470,1190,50585,50006),
(20471,1190,50585,50007),
(20472,1190,50585,50008),
(20473,1190,50585,50009),
(20474,1190,50585,50010),
(20475,1190,50585,50138),
(20476,1190,50585,50142),
(21124,1190,50585,50534),
(21126,1190,50585,50535),
(21223,1105,50586,1130),
(20580,1190,50586,50208),
(20581,1190,50586,50209),
(20582,1190,50586,50210),
(20583,1190,50586,50211),
(20584,1190,50586,50212),
(20585,1190,50586,50213),
(21242,1105,50587,1130),
(20896,1190,50587,50090),
(20897,1190,50587,50091),
(20898,1190,50587,50092),
(20899,1190,50587,50093),
(20900,1190,50587,50094),
(20901,1190,50587,50401),
(20902,1190,50587,50402),
(20903,1190,50587,50404),
(20904,1190,50587,50406),
(20905,1190,50587,50408),
(21243,1105,50588,1130),
(20925,1190,50588,50095),
(20926,1190,50588,50096),
(20927,1190,50588,50097),
(20928,1190,50588,50098),
(20929,1190,50588,50099),
(20930,1190,50588,50419),
(20931,1190,50588,50420),
(20932,1190,50588,50422),
(20933,1190,50588,50424),
(20934,1190,50588,50426);
                       
insert into `cvterm_relationship` (`cvterm_relationship_id`, `type_id`, `subject_id`, `object_id`) values('20935','1225','50589','1340');
insert into `cvterm_relationship` (`cvterm_relationship_id`, `type_id`, `subject_id`, `object_id`) values('20936','1225','50590','1340');

                                                                                                             
UNLOCK TABLES;                                                                                                                      
                                                                                                                                    
/*Data for the table `cvtermprop` */                                                                                                
                                                                                                                                    
LOCK TABLES `cvtermprop` WRITE;                                                                                                     
                                                                                                                                    
insert  into `cvtermprop`(`cvtermprop_id`,`cvterm_id`,`type_id`,`value`,`rank`) values
(20001,20001,1226,'CO_339:0000000',0),
(20002,20002,1226,'CO_339:0000003',0),
(20003,20003,1226,'CO_339:0000006',0),
(20004,20004,1226,'CO_339:0000009',0),
(20006,20006,1226,'CO_339:0000015',0),
(20007,20007,1226,'CO_339:0000018',0),
(20008,20008,1226,'CO_339:0000021',0),
(20009,20009,1226,'CO_339:0000024',0),
(20010,20010,1226,'CO_339:0000027',0),
(20011,20011,1226,'CO_339:0000030',0),
(20012,20012,1226,'CO_339:0000033',0),
(20013,20013,1226,'CO_339:0000036',0),
(20014,20014,1226,'CO_339:0000039',0),
(20141,20019,1226,'CO_339:0000057',0),
(20143,20020,1226,'CO_339:0000060',0),
(20145,20021,1226,'CO_339:0000063',0),
(20229,20022,1226,'CO_339:0000162',0),
(20023,20023,1226,'CO_339:0000066',0),
(20024,20024,1226,'CO_339:0000069',0),
(20025,20026,1226,'CO_339:0000075',0),
(20026,20027,1226,'CO_339:0000078',0),
(20027,20028,1226,'CO_339:0000081',0),
(20029,20030,1226,'CO_339:0000087',0),
(20030,20031,1226,'CO_339:0000090',0),
(20031,20032,1226,'CO_339:0000093',0),
(20032,20033,1226,'CO_339:0000096',0),
(20033,20034,1226,'CO_339:0000099',0),
(20034,20035,1226,'CO_339:0000102',0),
(20035,20036,1226,'CO_339:0000105',0),
(20036,20037,1226,'CO_339:0000108',0),
(20037,20038,1226,'CO_339:0000111',0),
(20038,20040,1226,'CO_339:0000117',0),
(20039,20041,1226,'CO_339:0000120',0),
(20040,20042,1226,'CO_339:0000123',0),
(20041,20043,1226,'CO_339:0000126',0),
(20042,20044,1226,'CO_339:0000129',0),
(20043,20045,1226,'CO_339:0000132',0),
(20044,20046,1226,'CO_339:0000135',0),
(20045,20047,1226,'CO_339:0000138',0),
(20046,20048,1226,'CO_339:0000141',0),
(20047,20049,1226,'CO_339:0000144',0),
(20048,20050,1226,'CO_339:0000147',0),
(20049,20051,1226,'CO_339:0000150',0),
(20050,20052,1226,'CO_339:0000153',0),
(20051,20053,1226,'CO_339:0000156',0),
(20052,20054,1226,'CO_339:0000159',0),
(20231,20055,1226,'CO_339:0000165',0),
(20237,20057,1226,'CO_339:0000171',0),
(20241,20058,1226,'CO_339:0000174',0),
(20243,20059,1226,'CO_339:0000177',0),
(20245,20060,1226,'CO_339:0000180',0),
(20119,20061,1226,'CO_339:0000042',0),
(20060,20062,1226,'CO_339:0000183',0),
(20061,20063,1226,'CO_339:0000186',0),
(20062,20064,1226,'CO_339:0000189',0),
(20063,20065,1226,'CO_339:0000192',0),
(20822,20066,8048,'2016-05-03T22:12:19.000Z',0),
(20823,20067,8048,'2016-05-03T22:12:19.000Z',0),
(20824,20068,8048,'2016-05-03T22:12:19.000Z',0),
(20825,20069,8048,'2016-05-03T22:12:19.000Z',0),
(20826,20070,8048,'2016-05-03T22:12:19.000Z',0),
(20827,20071,8048,'2016-05-03T22:12:19.000Z',0),
(20828,20072,8048,'2016-05-03T22:12:19.000Z',0),
(20829,20073,8048,'2016-05-03T22:12:19.000Z',0),
(20830,20074,8048,'2016-05-03T22:12:19.000Z',0),
(20831,20075,8048,'2016-05-03T22:12:19.000Z',0),
(20832,20076,8048,'2016-05-03T22:12:19.000Z',0),
(20833,20077,8048,'2016-05-03T22:12:19.000Z',0),
(20834,20078,8048,'2016-05-03T22:12:19.000Z',0),
(20835,20079,8048,'2016-05-03T22:12:19.000Z',0),
(20838,20082,8048,'2016-05-03T22:12:19.000Z',0),
(20839,20083,8048,'2016-05-03T22:12:19.000Z',0),
(20840,20084,8048,'2016-05-03T22:12:19.000Z',0),
(20841,20085,8048,'2016-05-03T22:12:19.000Z',0),
(20842,20086,8048,'2016-05-03T22:12:19.000Z',0),
(20843,20087,8048,'2016-05-03T22:12:19.000Z',0),
(20844,20088,8048,'2016-05-03T22:12:19.000Z',0),
(20845,20089,8048,'2016-05-03T22:12:19.000Z',0),
(20846,20090,8048,'2016-05-03T22:12:19.000Z',0),
(20847,20091,8048,'2016-05-03T22:12:19.000Z',0),
(20848,20092,8048,'2016-05-03T22:12:19.000Z',0),
(20849,20093,8048,'2016-05-03T22:12:19.000Z',0),
(20850,20094,8048,'2016-05-03T22:12:19.000Z',0),
(20851,20095,8048,'2016-05-03T22:12:19.000Z',0),
(20852,20096,8048,'2016-05-03T22:12:19.000Z',0),
(20853,20097,8048,'2016-05-03T22:12:19.000Z',0),
(20854,20098,8048,'2016-05-03T22:12:19.000Z',0),
(20855,20099,8048,'2016-05-03T22:12:19.000Z',0),
(20856,20100,8048,'2016-05-03T22:12:19.000Z',0),
(20857,20101,8048,'2016-05-03T22:12:19.000Z',0),
(20858,20102,8048,'2016-05-03T22:12:19.000Z',0),
(20859,20103,8048,'2016-05-03T22:12:19.000Z',0),
(20860,20104,8048,'2016-05-03T22:12:19.000Z',0),
(20861,20105,8048,'2016-05-03T22:12:19.000Z',0),
(20862,20106,8048,'2016-05-03T22:12:19.000Z',0),
(20863,20107,8048,'2016-05-03T22:12:19.000Z',0),
(20864,20108,8048,'2016-05-03T22:12:19.000Z',0),
(20865,20109,8048,'2016-05-03T22:12:19.000Z',0),
(20866,20110,8048,'2016-05-03T22:12:19.000Z',0),
(20867,20111,8048,'2016-05-03T22:12:19.000Z',0),
(20868,20112,8048,'2016-05-03T22:12:19.000Z',0),
(20869,20113,8048,'2016-05-03T22:12:19.000Z',0),
(20870,20114,8048,'2016-05-03T22:12:19.000Z',0),
(20871,20115,8048,'2016-05-03T22:12:19.000Z',0),
(20872,20116,8048,'2016-05-03T22:12:19.000Z',0),
(20873,20117,8048,'2016-05-03T22:12:19.000Z',0),
(20874,20118,8048,'2016-05-03T22:12:19.000Z',0),
(20875,20119,8048,'2016-05-03T22:12:19.000Z',0),
(20876,20120,8048,'2016-05-03T22:12:19.000Z',0),
(20877,20121,8048,'2016-05-03T22:12:19.000Z',0),
(20878,20122,8048,'2016-05-03T22:12:19.000Z',0),
(20879,20123,8048,'2016-05-03T22:12:19.000Z',0),
(20880,20124,8048,'2016-05-03T22:12:19.000Z',0),
(20881,20125,8048,'2016-05-03T22:12:19.000Z',0),
(20882,20126,8048,'2016-05-03T22:12:19.000Z',0),
(20883,20127,8048,'2016-05-03T22:12:19.000Z',0),
(20884,20128,8048,'2016-05-03T22:12:19.000Z',0),
(20885,20129,8048,'2016-05-03T22:12:19.000Z',0),
(20886,20130,8048,'2016-05-03T22:12:19.000Z',0),
(20952,20131,8048,'2016-05-03T22:12:19.000Z',0),
(20953,20132,8048,'2016-05-03T22:12:19.000Z',0),
(20087,20133,1226,'CO_339:0000197',0),
(20501,20133,1800,'Trait',0),
(20089,20134,1226,'CO_339:0000198',0),
(20502,20134,1800,'Trait',0),
(20091,20135,1226,'CO_339:0000199',0),
(20503,20135,1800,'Trait',0),
(20093,20136,1226,'CO_339:0000200',0),
(20504,20136,1800,'Trait',0),
(20098,20138,1226,'CO_339:0000202',0),
(20506,20138,1800,'Trait',0),
(20100,20139,1226,'CO_339:0000203',0),
(20507,20139,1800,'Trait',0),
(20102,20140,1226,'CO_339:0000204',0),
(20508,20140,1800,'Trait',0),
(20104,20141,1226,'CO_339:0000205',0),
(20509,20141,1800,'Trait',0),
(20106,20142,1226,'CO_339:0000206',0),
(20510,20142,1800,'Trait',0),
(20108,20143,1226,'CO_339:0000207',0),
(20511,20143,1800,'Trait',0),
(20110,20144,1226,'CO_339:0000208',0),
(20512,20144,1800,'Trait',0),
(20112,20145,1226,'CO_339:0000209',0),
(20513,20145,1800,'Trait',0),
(20116,20146,1226,'CO_339:0000210',0),
(20514,20146,1800,'Trait',0),
(20122,20147,1226,'CO_339:0000212',0),
(20515,20147,1800,'Trait',0),
(20124,20148,1226,'CO_339:0000213',0),
(20516,20148,1800,'Trait',0),
(20140,20151,1226,'CO_339:0000218',0),
(20519,20151,1800,'Trait',0),
(20142,20152,1226,'CO_339:0000219',0),
(20520,20152,1800,'Trait',0),
(20144,20153,1226,'CO_339:0000220',0),
(20521,20153,1800,'Trait',0),
(20228,20154,1226,'CO_339:0000254',0),
(20522,20154,1800,'Trait',0),
(20146,20155,1226,'CO_339:0000221',0),
(20523,20155,1800,'Trait',0),
(20148,20156,1226,'CO_339:0000222',0),
(20524,20156,1800,'Trait',0),
(20152,20157,1226,'CO_339:0000224',0),
(20525,20157,1800,'Trait',0),
(20154,20158,1226,'CO_339:0000225',0),
(20526,20158,1800,'Trait',0),
(20156,20159,1226,'CO_339:0000226',0),
(20527,20159,1800,'Trait',0),
(20162,20161,1226,'CO_339:0000228',0),
(20529,20161,1800,'Trait',0),
(20164,20162,1226,'CO_339:0000229',0),
(20530,20162,1800,'Trait',0),
(20166,20163,1226,'CO_339:0000230',0),
(20531,20163,1800,'Trait',0),
(20168,20164,1226,'CO_339:0000231',0),
(20532,20164,1800,'Trait',0),
(20170,20165,1226,'CO_339:0000232',0),
(20533,20165,1800,'Trait',0),
(20174,20166,1226,'CO_339:0000233',0),
(20534,20166,1800,'Trait',0),
(20176,20167,1226,'CO_339:0000234',0),
(20535,20167,1800,'Trait',0),
(20178,20168,1226,'CO_339:0000235',0),
(20536,20168,1800,'Trait',0),
(20180,20169,1226,'CO_339:0000236',0),
(20537,20169,1800,'Trait',0),
(20186,20170,1226,'CO_339:0000238',0),
(20538,20170,1800,'Trait',0),
(20188,20171,1226,'CO_339:0000239',0),
(20539,20171,1800,'Trait',0),
(20190,20172,1226,'CO_339:0000240',0),
(20540,20172,1800,'Trait',0),
(20192,20173,1226,'CO_339:0000241',0),
(20541,20173,1800,'Trait',0),
(20194,20174,1226,'CO_339:0000242',0),
(20542,20174,1800,'Trait',0),
(20196,20175,1226,'CO_339:0000243',0),
(20543,20175,1800,'Trait',0),
(20198,20176,1226,'CO_339:0000244',0),
(20544,20176,1800,'Trait',0),
(20200,20177,1226,'CO_339:0000245',0),
(20545,20177,1800,'Trait',0),
(20202,20178,1226,'CO_339:0000246',0),
(20546,20178,1800,'Trait',0),
(20206,20179,1226,'CO_339:0000247',0),
(20547,20179,1800,'Trait',0),
(20214,20180,1226,'CO_339:0000249',0),
(20548,20180,1800,'Trait',0),
(20216,20181,1226,'CO_339:0000250',0),
(20549,20181,1800,'Trait',0),
(20218,20182,1226,'CO_339:0000251',0),
(20550,20182,1800,'Trait',0),
(20220,20183,1226,'CO_339:0000252',0),
(20551,20183,1800,'Trait',0),
(20224,20184,1226,'CO_339:0000253',0),
(20552,20184,1800,'Trait',0),
(20230,20185,1226,'CO_339:0000255',0),
(20553,20185,1800,'Trait',0),
(20236,20187,1226,'CO_339:0000257',0),
(20555,20187,1800,'Trait',0),
(20240,20188,1226,'CO_339:0000258',0),
(20556,20188,1800,'Trait',0),
(20242,20189,1226,'CO_339:0000259',0),
(20557,20189,1800,'Trait',0),
(20244,20190,1226,'CO_339:0000260',0),
(20558,20190,1800,'Trait',0),
(20118,20191,1226,'CO_339:0000211',0),
(20559,20191,1800,'Trait',0),
(20246,20192,1226,'CO_339:0000261',0),
(20560,20192,1800,'Trait',0),
(20248,20193,1226,'CO_339:0000262',0),
(20561,20193,1800,'Trait',0),
(20250,20194,1226,'CO_339:0000263',0),
(20562,20194,1800,'Trait',0),
(20252,20195,1226,'CO_339:0000264',0),
(20563,20195,1800,'Trait',0),
(20954,20196,8048,'2016-05-03T22:12:19.000Z',0),
(20955,20197,8048,'2016-05-03T22:12:19.000Z',0),
(20956,20198,8048,'2016-05-03T22:12:19.000Z',0),
(20957,20199,8048,'2016-05-03T22:12:19.000Z',0),
(20958,20200,8048,'2016-05-03T22:12:19.000Z',0),
(20959,20201,8048,'2016-05-03T22:12:19.000Z',0),
(20960,20202,8048,'2016-05-03T22:12:19.000Z',0),
(20961,20203,8048,'2016-05-03T22:12:19.000Z',0),
(20962,20204,8048,'2016-05-03T22:12:19.000Z',0),
(20963,20205,8048,'2016-05-03T22:12:19.000Z',0),
(20964,20206,8048,'2016-05-03T22:12:19.000Z',0),
(20965,20207,8048,'2016-05-03T22:12:19.000Z',0),
(20966,20208,8048,'2016-05-03T22:12:19.000Z',0),
(20967,20209,8048,'2016-05-03T22:12:19.000Z',0),
(20968,20210,8048,'2016-05-03T22:12:19.000Z',0),
(20969,20211,8048,'2016-05-03T22:12:19.000Z',0),
(20970,20212,8048,'2016-05-03T22:12:19.000Z',0),
(20971,20213,8048,'2016-05-03T22:12:19.000Z',0),
(20972,20214,8048,'2016-05-03T22:12:19.000Z',0),
(20973,50120,8048,'2016-05-03T22:12:19.000Z',0),
(20097,50148,1226,'CO_339:0000012',0),
(20974,50154,8048,'2016-05-03T22:12:19.000Z',0),
(20975,50182,8048,'2016-05-03T22:12:19.000Z',0),
(20976,50197,8048,'2016-05-03T22:12:19.000Z',0),
(20977,50220,8048,'2016-05-03T22:12:19.000Z',0),
(20127,50237,1226,'CO_339:0000195',0),
(20887,50238,8048,'2016-05-03T22:12:19.000Z',0),
(20126,50240,1226,'CO_339:0000214',0),
(20888,50242,8048,'2016-05-03T22:12:19.000Z',0),
(20128,50244,1226,'CO_339:0000215',0),
(20132,50245,1226,'CO_339:0000051',0),
(20136,50249,1226,'CO_339:0000054',0),
(20978,50263,8048,'2016-05-03T22:12:19.000Z',0),
(20979,50272,8048,'2016-05-03T22:12:19.000Z',0),
(20980,50282,8048,'2016-05-03T22:12:19.000Z',0),
(20150,50292,1226,'CO_339:0000223',0),
(20564,50292,1800,'Trait',0),
(20981,50295,8048,'2016-05-03T22:12:19.000Z',0),
(20982,50303,8048,'2016-05-03T22:12:19.000Z',0),
(20159,50310,1226,'CO_339:0000084',0),
(20983,50316,8048,'2016-05-03T22:12:19.000Z',0),
(20984,50329,8048,'2016-05-03T22:12:19.000Z',0),
(20169,50343,1226,'CO_339:0000096',0),
(20985,50345,8048,'2016-05-03T22:12:19.000Z',0),
(20986,50357,8048,'2016-05-03T22:12:19.000Z',0),
(20987,50361,8048,'2016-05-03T22:12:19.000Z',0),
(20988,50365,8048,'2016-05-03T22:12:19.000Z',0),
(20889,50373,8048,'2016-05-03T22:12:19.000Z',0),
(20182,50375,1226,'CO_339:0000237',0),
(20565,50375,1800,'Trait',0),
(20989,50378,8048,'2016-05-03T22:12:19.000Z',0),
(20990,50385,8048,'2016-05-03T22:12:19.000Z',0),
(20991,50394,8048,'2016-05-03T22:12:19.000Z',0),
(20992,50398,8048,'2016-05-03T22:12:19.000Z',0),
(20993,50434,8048,'2016-05-03T22:12:19.000Z',0),
(20890,50448,8048,'2016-05-03T22:12:19.000Z',0),
(20210,50450,1226,'CO_339:0000248',0),
(20566,50450,1800,'Trait',0),
(20994,50457,8048,'2016-05-03T22:12:19.000Z',0),
(20995,50469,8048,'2016-05-03T22:12:19.000Z',0),
(20234,50492,1226,'CO_339:0000168',0),
(20996,50494,8048,'2016-05-03T22:12:19.000Z',0),
(20238,50496,1226,'CO_339:0000171',0),
(20997,50498,8048,'2016-05-03T22:12:19.000Z',0),
(20998,50506,8048,'2016-05-03T22:12:19.000Z',0),
(20999,50519,8048,'2016-05-03T22:12:19.000Z',0),
(21000,50523,8048,'2016-05-03T22:12:19.000Z',0),
(21001,50527,8048,'2016-05-03T22:12:19.000Z',0),
(21002,50538,8048,'2016-05-03T22:12:19.000Z',0),
(21003,50563,8048,'2016-05-03T22:12:19.000Z',0),
(21004,50564,8048,'2016-05-03T22:12:19.000Z',0),
(21005,50565,8048,'2016-05-03T22:12:19.000Z',0),
(21006,50566,8048,'2016-05-03T22:12:19.000Z',0),
(21007,50567,8048,'2016-05-03T22:12:19.000Z',0),
(21008,50568,8048,'2016-05-03T22:12:19.000Z',0),
(21009,50569,8048,'2016-05-03T22:12:19.000Z',0),
(21010,50570,8048,'2016-05-03T22:12:19.000Z',0),
(21011,50571,8048,'2016-05-03T22:12:19.000Z',0),
(21012,50572,8048,'2016-05-03T22:12:19.000Z',0),
(21013,50573,8048,'2016-05-03T22:12:19.000Z',0),
(21014,50574,8048,'2016-05-03T22:12:19.000Z',0),
(21015,50575,8048,'2016-05-03T22:12:19.000Z',0),
(21016,50576,8048,'2016-05-03T22:12:19.000Z',0),
(21017,50577,8048,'2016-05-03T22:12:19.000Z',0),
(21018,50578,8048,'2016-05-03T22:12:19.000Z',0),
(21019,50579,8048,'2016-05-03T22:12:19.000Z',0),
(21020,50580,8048,'2016-05-03T22:12:19.000Z',0),
(21021,50581,8048,'2016-05-03T22:12:19.000Z',0),
(21022,50582,8048,'2016-05-03T22:12:19.000Z',0),
(21023,50583,8048,'2016-05-03T22:12:19.000Z',0),
(21024,50584,8048,'2016-05-03T22:12:19.000Z',0),
(21025,50585,8048,'2016-05-03T22:12:19.000Z',0),
(21026,50586,8048,'2016-05-03T22:12:19.000Z',0),
(21027,50587,8048,'2016-05-03T22:12:19.000Z',0),
(21028,50588,8048,'2016-05-03T22:12:19.000Z',0);
                                                                                                                                    
UNLOCK TABLES;                                                                                                                      
                                                                                                                                    
/*Data for the table `cvtermsynonym` */                                                                                             
                                                                                                                                    
LOCK TABLES `cvtermsynonym` WRITE;                                                                                                  
                                                                                                                                    
UNLOCK TABLES;                                                                                                                      
                                                                                                                                    
/*Data for the table `variable_overrides` */                                                                                        
                                                                                                                                    
LOCK TABLES `variable_overrides` WRITE;                                                                                             
                                                                                                                                    
insert  into `variable_overrides`(`id`,`program_uuid`,`cvterm_id`,`alias`,`expected_min`,`expected_max`) values
(3,NULL,20136,NULL,'0',NULL),
(4,NULL,20145,NULL,'15','45'),
(7,NULL,20165,NULL,'10','150'),
(8,NULL,20178,NULL,'1','12'),
(9,NULL,20179,NULL,'15','36'),
(10,NULL,20183,NULL,'3','15'),
(11,NULL,20184,NULL,'3','9'),
(12,NULL,20191,NULL,'0','32'),
(13,NULL,50375,NULL,'15','75'),
(14,NULL,50450,NULL,'15','36');
                                                                                                                                    
UNLOCK TABLES;                                                                                                                      
                                                                                                                                    
/*!40101 SET SQL_MODE=@OLD_SQL_MODE */;                                                                                             
/*!40014 SET FOREIGN_KEY_CHECKS=@OLD_FOREIGN_KEY_CHECKS */;                                                                         
/*!40014 SET UNIQUE_CHECKS=@OLD_UNIQUE_CHECKS */;                                                                                   
/*!40111 SET SQL_NOTES=@OLD_SQL_NOTES */;                                                                                           
