/*                                                                                                                                  
SQLyog Community v11.28 (64 bit)                                                                                                    
MySQL - 5.6.27 : Database - curated_new_om                                                                                          
*********************************************************************                                                               
*/                                                                                                                                 
                                                                                                                                    
/*!40101 SET NAMES utf8 */;                                                                                                         
                                                                                                                                    
/*!40101 SET SQL_MODE=''*/;                                                                                                         
                                                                                                                                    
/*!40014 SET @OLD_UNIQUE_CHECKS=@@UNIQUE_CHECKS, UNIQUE_CHECKS=0 */;                                                                
/*!40014 SET @OLD_FOREIGN_KEY_CHECKS=@@FOREIGN_KEY_CHECKS, FOREIGN_KEY_CHECKS=0 */;                                                 
/*!40101 SET @OLD_SQL_MODE=@@SQL_MODE, SQL_MODE='NO_AUTO_VALUE_ON_ZERO' */;                                                         
/*!40111 SET @OLD_SQL_NOTES=@@SQL_NOTES, SQL_NOTES=0 */;                                                                            
/*Data for the table `project` */                                                                                                   
                                                                                                                                    
insert  into `project`(`project_id`,`name`,`description`,`program_uuid`) values
(2,'Templates','Trial and Nursery Templates',NULL),
(3,'Basic Trial Template','Basic Trial Template',NULL),
(4,'Basic Trial Template-ENVIRONMENT','ENVIRONMENT_Basic Trial Template',NULL),
(5,'Basic Trial Template-PLOTDATA','MEASUREMENT EFFECT_Basic Trial Template',NULL),
(6,'Basic Nursery Template','Basic Nursery Template',NULL),
(7,'Basic Nursery Template-ENVIRONMENT','ENVIRONMENT_Basic Nursery Template',NULL),
(8,'Basic Nursery Template-PLOTDATA','MEASUREMENT EFFECT_Basic Nursery Template',NULL);
                                                                                                                                    
/*Data for the table `project_relationship` */                                                                                      
                                                                                                                                    
insert  into `project_relationship`(`project_relationship_id`,`subject_project_id`,`object_project_id`,`type_id`) values
(2,2,1,1140),
(3,3,2,1145),
(4,4,3,1150),
(5,5,3,1150),
(6,6,2,1145),
(7,7,6,1150),
(8,8,6,1150);
                                                                                                                                    
/*Data for the table `projectprop` */                                                                                               
                                                                                                                                    
insert  into `projectprop`(`projectprop_id`,`project_id`,`type_id`,`value`,`rank`) values
(593,5,1070,'20133',17),
(594,5,1808,'AnthrRes_Est_1to9',17),
(595,5,1060,'Anthracnose resistance -BY- Scoring method for Anthracnose resistance -IN- 1 to 9 symptom scale',17),
(596,5,1070,'20134',18),
(597,5,1808,'AphRes_Est_pct',18),
(598,5,1060,'Aphid resistance -BY- Screening method for Aphid Resitance -IN- Percentage',18),
(599,5,1808,'AscBltRes_Est_1to9',19),
(600,5,1070,'20135',19),
(601,5,1060,'Ascochyta blight resistance -BY- Scoring method for Ascochyta blight Resistance -IN- 1 to 9 symptom scale',19),
(602,5,1070,'20136',20),
(603,5,1808,'BYPL_Meas_gplnt',20),
(604,5,1060,'Biological yield per plant -BY- Method of measuring BYPL -IN- g/plant',20),
(608,5,1070,'20138',22),
(609,5,1060,'Boron deficiency -BY- Screening method for Boron Deficiency -IN- 1 to 10 percentage scale',22),
(610,5,1808,'BDef_Est_0to9',22),
(611,5,1808,'BToxRes_Est_1to10',23),
(612,5,1060,'Boron toxicity tolerance -BY- Screening method for Boron toxicity tolerance -IN- 1 to10 percentage scale',23),
(613,5,1070,'20139',23),
(614,5,1808,'BranchPat_Est_1to3',24),
(615,5,1060,'Branching pattern -BY- Branchingpattern - method -IN- 1 to 3 pattern scale',24),
(616,5,1070,'20140',24),
(617,5,1060,'Bruchid resistance -BY- Screening method for Bruchid Resistance -IN- Percentage',25),
(618,5,1070,'20141',25),
(619,5,1808,'BruRes_Comp_pct',25),
(620,5,1070,'20142',26),
(621,5,1808,'CanWid_Est_Cm',26),
(622,5,1060,'Canopy width -BY- Canopy Width - method -IN- cm',26),
(623,5,1070,'20143',27),
(624,5,1060,'Coldtolerance -BY- Screening method for Cold Tolerance -IN- 1 to 5 percentage scale',27),
(625,5,1808,'CoTol_Est_1to5',27),
(626,5,1060,'Collar rot resistance -BY- Screening method for Colar resistance -IN- 1 to 10 percentage scale',28),
(627,5,1070,'20144',28),
(628,5,1808,'CollRotRes_Est_1to5',28),
(629,5,1060,'Cooking time -BY- Cooking time - Method -IN- Minutes',29),
(630,5,1808,'CookT_Meas_min',29),
(631,5,1070,'20145',29),
(632,5,1060,'Cotyledon colour -BY- Cotyledon Colour - Method -IN- 1 to 3 colour scale',30),
(633,5,1808,'CotCol_Est_1to3',30),
(634,5,1070,'20146',30),
(635,5,1070,'20147',31),
(636,5,1060,'Time to flowering -BY- Time to 50% flowering - method -IN- Days',31),
(637,5,1808,'TFlw_CountTo50Flow_d',31),
(638,5,1070,'20148',32),
(639,5,1808,'TFlow_CountTo1F_d',32),
(640,5,1060,'Time to flowering -BY- Time to first flower - method -IN- Days',32),
(647,5,1060,'Drought tolerance -BY- Screening method for Drought tolerance -IN- Index',35),
(648,5,1808,'DrghtTol_Comp_idx',35),
(649,5,1070,'20151',35),
(650,5,1060,'Early growth vigour -BY- Early growth vigour - Method -IN- cm',36),
(651,5,1808,'GrthVig_Meas_cm',36),
(652,5,1070,'20152',36),
(653,5,1070,'20153',37),
(654,5,1060,'Fusarium wilt resistance -BY- Screening method for Fusarium wilt resistance -IN- 1 to 5 resistance scale',37),
(655,5,1808,'FusWiRes_Est_1to5',37),
(656,5,1808,'GrPrtCent_Comp_Ptc',38),
(657,5,1060,'Grain protein content -BY- Grain protein contentanalysis - Method -IN- Percentage',38),
(658,5,1070,'20154',38),
(659,5,1060,'Ground colour of seed testa -BY- Seed coat color - Method -IN- 1 to 6 colour scale',39),
(660,5,1808,'SdCol_VisClsn_1to6',39),
(661,5,1070,'20155',39),
(662,5,1808,'GwthHab_Est_1to5',40),
(663,5,1070,'20156',40),
(664,5,1060,'Growth habit -BY- Growth Habit - Method -IN- 1 to 5 habit scale',40),
(665,5,1808,'HarvInx_Comp_ratio',41),
(666,5,1070,'50292',41),
(667,5,1060,'Harvest Index -BY- Harvest Index - Method -IN- Ratio',41),
(668,5,1070,'20157',42),
(669,5,1060,'Heat tolerance -BY- Screening method for Heat tolerance -IN- Number of pods',42),
(670,5,1808,'HeatTol_Cont_nbPod',42),
(671,5,1060,'Height of the lowest pod -BY- Height of the lowest pod - Method -IN- cm',43),
(672,5,1070,'20158',43),
(673,5,1808,'HghtPod_Est_cm',43),
(674,5,1070,'20159',44),
(675,5,1060,'Herbicide tolerance -BY- Screening method for Herbicide Tolerance -IN- 1 to 5 tolerance scale',44),
(676,5,1808,'HerbTol_Est_1to5',44),
(680,5,1808,'IrDef_Est_0to8',46),
(681,5,1070,'20161',46),
(682,5,1060,'Iron (Fe) deficiency -BY-Screening method for Iron Deficiency -IN- 0 to 9 percentage scale',46),
(683,5,1060,'Lodging susceptibility -BY- Lodging susceptibility assessment - Method -IN- 1 to 7 incidence scale',47),
(684,5,1808,'LodgSuscp_Est_1to7',47),
(685,5,1070,'20162',47),
(686,5,1070,'20163',48),
(687,5,1808,'SdMcrNutCont_Meas_Ptc',48),
(688,5,1060,'Micro nutrient content -BY- Micro nutrient content analysis -Method -IN- Percentage',48),
(689,5,1070,'20164',49),
(690,5,1060,'Number of pods per plant -BY- Number of Pod per Plant -  method -IN- Pod',49),
(691,5,1808,'NbPodpPlnt_Calc_Pod',49),
(692,5,1060,'Number of peduncles per plant -BY- Number of peduncle per plant - Method -IN- Peduncle',50),
(693,5,1070,'20165',50),
(694,5,1808,'NbPedpPlnt_Calc_Ped',50),
(695,5,1070,'20166',51),
(696,5,1808,'NbPodpPed_Calc_Pod',51),
(697,5,1060,'Number of pods per peduncle -BY- Number of pod per peduncle method -IN- Pod',51),
(698,5,1060,'Number of seeds per pod -BY- Number of seed per pod - method -IN- Seed',52),
(699,5,1808,'NbSdpPod_Calc_Sd',52),
(700,5,1070,'20167',52),
(701,5,1808,'OroRes_Comp_oroPlnt',53),
(702,5,1070,'20168',53),
(703,5,1060,'Orobanche resistance -BY- Screening method for Orobanche Resistance -IN- orobranch/lentil plant',53),
(704,5,1070,'20169',54),
(705,5,1808,'TesPat_Est_1to5',54),
(706,5,1060,'Pattern of seed testa -BY- Patternof seedtesta - method -IN- 1 to 5 pattern scale',54),
(710,5,1808,'PlntPub_Est_1to3',56),
(711,5,1070,'20170',56),
(712,5,1060,'Plant pubescence-BY- Plant pubescence - Method -IN- 1 to 3 extent scale',56),
(713,5,1808,'PlntArch_Est_1to5',57),
(714,5,1060,'Plant structure -BY- Plant Structure - Method -IN- 1 to 5 structure scale',57),
(715,5,1070,'20171',57),
(716,5,1060,'Pod borer resistance -BY- Screening method for Pod borer resistance -IN- percentage of pod damage',58),
(717,5,1070,'20172',58),
(718,5,1808,'PodBrRes_Comp_perc',58),
(719,5,1060,'Pod dehiscence -BY- Pod dehiscence - Method -IN- 1 to 9 intensity scale',59),
(720,5,1808,'PodDhsce_Est_1to9',59),
(721,5,1070,'20173',59),
(722,5,1060,'Pod filling period -BY- Pod filing per pod - Method -IN- Days',60),
(723,5,1808,'PodFillPerd_Count_Day',60),
(724,5,1070,'20174',60),
(725,5,1808,'PodShg_Est_1to9',61),
(726,5,1070,'20175',61),
(727,5,1060,'Pod shedding -BY- Pod shedding - method-IN- 1 to 9 intensity scale',61),
(728,5,1060,'Pod weight -BY- Pod Weight - Method -IN- g',62),
(729,5,1070,'20176',62),
(730,5,1808,'PodWght_Calc_g',62),
(731,5,1808,'PrnscTan_Est_1to3',63),
(732,5,1060,'Presence of Tendrils -BY- Presence of tendrils - Method -IN- 1 to 3 presence scale',63),
(733,5,1070,'20177',63),
(734,5,1060,'Primary branches number -BY- Primary Branch number - Method -IN- Primary branch',64),
(735,5,1070,'20178',64),
(736,5,1808,'PrimBrchNb_Calc_PrimBrch',64),
(737,5,1060,'Root length -BY- Root length by Winrhizo - Method -IN- cm',65),
(738,5,1808,'RtLng_WinMeas_cm',65),
(739,5,1070,'20179',65),
(740,5,1808,'RtLngDen_Comp_cmcm3',66),
(741,5,1070,'20180',66),
(742,5,1060,'Root length density -BY- RLD measurement - method -IN- cm cm-3',66),
(743,5,1060,'Rust resistance -BY- Screening method for Rust resistance -IN- 1 to 9 percentage scale',67),
(744,5,1070,'20181',67),
(745,5,1808,'RustRes_Est_1to9',67),
(746,5,1808,'SalTol_Est_1to5',68),
(747,5,1070,'20182',68),
(748,5,1060,'Salinity tolerance -BY- Screening method for Salinity tolerance-IN- 1 to 5 suceptibility scale',68),
(749,5,1808,'SecBrchNb_Calc_SecBrch',69),
(750,5,1070,'20183',69),
(751,5,1060,'Secondary branchesnumber -BY- Secondary Branch number - Method -IN- Secondary Branch',69),
(752,5,1060,'Seed diameter -BY- Seed diameter - Method -IN-mm',70),
(753,5,1070,'20184',70),
(754,5,1808,'SeedDiam_Meas_mm',70),
(755,5,1070,'20185',71),
(756,5,1808,'SYPL_Meas_g',71),
(757,5,1060,'Seed yield per plant -BY- SYPL measurement method -IN- g',71),
(761,5,1060,'Chlorophyll content -BY- Chlorophyll content measurement method -IN- SPAD unit',73),
(762,5,1070,'20187',73),
(763,5,1808,'ChlCont_Meas_SPAD',73),
(764,5,1808,'StmWeeRes_Comp_pct',74),
(765,5,1060,'Stem weevil resistance -BY- Screening method for Stem weevil resistance -IN- Percentage',74),
(766,5,1070,'20188',74),
(767,5,1808,'StBli_Est_1to9',75),
(768,5,1060,'Stemphylium blight resistance -BY- Screening method for Stemphylium blight resistance -IN-1 to 9 resistance scale',75),
(769,5,1070,'20189',75),
(770,5,1060,'Stomatal conductance -BY- Stomatal conductance measurement - Method -IN- Reading of porometer',76),
(771,5,1808,'StoCond_Meas_poromUnit',76),
(772,5,1070,'20190',76),
(773,5,1070,'20191',77),
(774,5,1808,'StrProtCont_Meas_Ptc',77),
(775,5,1060,'Straw protein content -BY- Straw protein content analysis - Method -IN- Percentage',77),
(776,5,1808,'TerBrchNb_Comp_TerBrch',78),
(777,5,1070,'20192',78),
(778,5,1060,'Tertiary branches number -BY- Tertiary Branch number - Method -IN- Tertiary Branch',78),
(779,5,1070,'20193',79),
(780,5,1060,'Type of tendril -BY- Tendrils Type - Method -IN- 1 to 3 typescale',79),
(781,5,1808,'TenTyp_Est_1to3',79),
(782,5,1060,'Water logging tolerance -BY- Screening method for Water logging tolerance-IN-Ratio',80),
(783,5,1808,'WatLogTol_Calc_ratio',80),
(784,5,1070,'20194',80),
(785,5,1060,'Winter survival -BY- Screening method forWinter survival -IN- Ratio',81),
(786,5,1808,'WintSurv_Comp_ratio',81),
(787,5,1070,'20195',81),
(866,8,1070,'8390',18),
(867,8,1808,'NOTES',18),
(868,8,1060,'Field notes - observed (text)',18),
(869,8,1807,'NPSEL',19),
(870,8,1060,'Number of plants selected - counted (number)',19),
(871,8,1070,'8263',19),
(1095,3,1805,'STUDY',1),
(1096,3,1060,'STUDY NAME',1),
(1097,3,1070,'8005',1),
(1098,3,1805,'TITLE',2),
(1099,3,1060,'TITLE ASSIGNED',2),
(1100,3,1070,'8007',2),
(1101,3,1805,'PMKEY',3),
(1102,3,1060,'PROJECT MANAGEMENT KEY',3),
(1103,3,1070,'8040',3),
(1104,3,8040,'0',3),
(1105,3,1805,'OBJECTIVE',4),
(1106,3,1060,'OBJECTIVE DESCRIBED',4),
(1107,3,1070,'8030',4),
(1108,3,8030,'Provide templates to start creating trials and nurseries',4),
(1109,3,1805,'START DATE',5),
(1110,3,1060,'STUDY START DATE',5),
(1111,3,1070,'8050',5),
(1112,3,8050,'20140627',5),
(1113,3,1805,'END DATE',6),
(1114,3,1060,'STUDYEND DATE',6),
(1115,3,1070,'8060',6),
(1116,3,8060,'20140627',6),
(1117,3,1805,'STUDY TYPE',7),
(1118,3,1060,'TYPE OF STUDY',7),
(1119,3,1070,'8070',7),
(1120,3,8070,'10010',7),
(1121,3,1805,'STUDY UID',8),
(1122,3,1060,'STUDY USER ID',8),
(1123,3,1070,'8020',8),
(1124,3,8020,NULL,8),
(1129,3,1805,'PI_NAME',10),
(1130,3,1060,'Name of the Principal Investigator',10),
(1131,3,1070,'8100',10),
(1132,3,8100,NULL,10),
(1133,3,1805,'PI_ID',11),
(1134,3,1060,'ID of the Principal Investigator',11),
(1135,3,1070,'8110',11),
(1136,3,8110,NULL,11),
(1137,3,1805,'STUDY_UPDATE',12),
(1138,3,1060,'Date the study was last updated',12),
(1139,3,1070,'8009',12),
(1140,3,8009,'20140724',12),
(1141,4,1805,'DATASET',1),
(1142,4,1060,'DATASET NAME',1),
(1143,4,1070,'8150',1),
(1144,4,1805,'DATASET TITLE',2),
(1145,4,1060,'DATASET TITLE',2),
(1146,4,1070,'8155',2),
(1147,4,1805,'DATASET_TYPE',3),
(1148,4,1060,'Dataset type',3),
(1149,4,1070,'8160',3),
(1150,4,8160,'10080',3),
(1151,4,1806,'TRIAL',4),
(1152,4,1060,'TRIAL NUMBER',4),
(1153,4,1070,'8170',4),
(1154,4,1806,'COOPERATOR',5),
(1155,4,1060,'COOPERATOR NAME',5),
(1156,4,1070,'8373',5),
(1157,4,1806,'COOPERATOR_ID',6),
(1158,4,1060,'COOPERATOR ID',6),
(1159,4,1070,'8372',6),
(1160,4,1806,'SITE',7),
(1161,4,1060,'TRIAL SITE NAME',7),
(1162,4,1070,'8180',7),
(1163,4,1806,'SITE_ID',8),
(1164,4,1060,'TRIAL SITE ID',8),
(1165,4,1070,'8190',8),
(1166,4,1802,'SITE_SOIL_PH',9),
(1167,4,1060,'Soil acidity - ph meter (pH)',9),
(1168,4,1070,'8270',9),
(1169,5,1805,'DATASET',1),
(1170,5,1060,'DATASET NAME',1),
(1171,5,1070,'8150',1),
(1172,5,1805,'DATASET TITLE',2),
(1173,5,1060,'DATASET TITLE',2),
(1174,5,1070,'8155',2),
(1175,5,1805,'DATASET_TYPE',3),
(1176,5,1060,'Dataset type',3),
(1177,5,1070,'8160',3),
(1178,5,8160,'10090',3),
(1179,5,1806,'TRIAL',4),
(1180,5,1060,'TRIAL NUMBER',4),
(1181,5,1070,'8170',4),
(1182,5,1804,'ENTRY',8),
(1183,5,1060,'The germplasm entry number',8),
(1184,5,1070,'8230',8),
(1185,5,1804,'DESIGNATION',9),
(1186,5,1060,'The name of the germplasm',9),
(1187,5,1070,'8250',9),
(1188,5,1804,'GID',10),
(1189,5,1060,'The GID of the germplasm',10),
(1190,5,1070,'8240',10),
(1191,5,1804,'CROSS',11),
(1192,5,1060,'The pedigree string of the germplasm',11),
(1193,5,1070,'8377',11),
(1194,5,1804,'SOURCE',12),
(1195,5,1060,'The seed source of the germplasm',12),
(1196,5,1070,'8378',12),
(1197,5,1804,'ENTRY_CODE',13),
(1198,5,1060,'Germplasm entry code',13),
(1199,5,1070,'8300',13),
(1200,5,1810,'PLOT',14),
(1201,5,1060,'Plot number of test',14),
(1202,5,1070,'8200',14),
(1203,5,1810,'REP',15),
(1204,5,1060,'REPLICATION',15),
(1205,5,1070,'8210',15),
(1206,5,1810,'BLOCK',16),
(1207,5,1060,'INCOMPLETE BLOCK',16),
(1208,5,1070,'8220',16),
(1209,6,1805,'STUDY',1),
(1210,6,1060,'STUDY NAME',1),
(1211,6,1070,'8005',1),
(1212,6,1805,'TITLE',2),
(1213,6,1060,'TITLE ASSIGNED',2),
(1214,6,1070,'8007',2),
(1215,6,1805,'PMKEY',3),
(1216,6,1060,'PROJECT MANAGEMENT KEY',3),
(1217,6,1070,'8040',3),
(1218,6,8040,'0',3),
(1219,6,1805,'OBJECTIVE',4),
(1220,6,1060,'OBJECTIVE DESCRIBED',4),
(1221,6,1070,'8030',4),
(1222,6,8030,'Provide templates to start creating trials and nurseries',4),
(1223,6,1805,'START DATE',5),
(1224,6,1060,'STUDY START DATE',5),
(1225,6,1070,'8050',5),
(1226,6,8050,'20140627',5),
(1227,6,1805,'END DATE',6),
(1228,6,1060,'STUDY END DATE',6),
(1229,6,1070,'8060',6),
(1230,6,8060,'20140627',6),
(1231,6,1805,'STUDY TYPE',7),
(1232,6,1060,'TYPE OF STUDY',7),
(1233,6,1070,'8070',7),
(1234,6,8070,'10000',7),
(1235,6,1805,'STUDY UID',8),
(1236,6,1060,'STUDY USER ID',8),
(1237,6,1070,'8020',8),
(1238,6,8020,NULL,8),
(1243,6,1805,'STUDY_UPDATE',10),
(1244,6,1060,'Date the study was last updated',10),
(1245,6,1070,'8009',10),
(1246,6,8009,'20140724',10),
(1247,6,1805,'PI_NAME',11),
(1248,6,1060,'Name of the Principal Investigator',11),
(1249,6,1070,'8100',11),
(1250,6,8100,NULL,11),
(1251,6,1805,'PI_ID',12),
(1252,6,1060,'ID of the Principal Investigator',12),
(1253,6,1070,'8110',12),
(1254,6,8110,NULL,12),
(1255,6,1805,'BREEDING_METHOD',13),
(1256,6,1060,'Breeding method to be applied to this nursery',13),
(1257,6,1070,'8256',13),
(1258,6,8256,NULL,13),
(1259,6,1805,'BREEDING_METHOD_ID',14),
(1260,6,1060,'ID of Breeding method',14),
(1261,6,1070,'8257',14),
(1262,6,8257,NULL,14),
(1263,7,1805,'DATASET',1),
(1264,7,1060,'DATASET NAME',1),
(1265,7,1070,'8150',1),
(1266,7,1805,'DATASET TITLE',2),
(1267,7,1060,'DATASET TITLE',2),
(1268,7,1070,'8155',2),
(1269,7,1805,'DATASET_TYPE',3),
(1270,7,1060,'Dataset type',3),
(1271,7,1070,'8160',3),
(1272,7,8160,'10080',3),
(1273,7,1806,'NID',4),
(1274,7,1060,'TRIAL NUMBER',4),
(1275,7,1070,'8170',4),
(1276,7,1806,'SITE',15),
(1277,7,1060,'NURSERY SITE NAME',15),
(1278,7,1070,'8180',15),
(1279,7,8180,NULL,15),
(1280,7,1806,'SITE_ID',16),
(1281,7,1060,'NURSERY SITE ID',16),
(1282,7,1070,'8190',16),
(1283,7,8190,NULL,16),
(1284,8,1805,'DATASET',1),
(1285,8,1060,'DATASET NAME',1),
(1286,8,1070,'8150',1),
(1287,8,1805,'DATASET TITLE',2),
(1288,8,1060,'DATASET TITLE',2),
(1289,8,1070,'8155',2),
(1290,8,1805,'DATASET_TYPE',3),
(1291,8,1060,'Dataset type',3),
(1292,8,1070,'8160',3),
(1293,8,8160,'10090',3),
(1294,8,1806,'NID',4),
(1295,8,1060,'TRIAL NUMBER',4),
(1296,8,1070,'8170',4),
(1297,8,1804,'ENTRY',5),
(1298,8,1060,'ENTRY NUMBER',5),
(1299,8,1070,'8230',5),
(1300,8,1804,'DESIGNATION',6),
(1301,8,1060,'ENTRY DESIGNATION',6),
(1302,8,1070,'8250',6),
(1303,8,1804,'GID',7),
(1304,8,1060,'GERMPLASM ID',7),
(1305,8,1070,'8240',7),
(1306,8,1804,'CROSS',8),
(1307,8,1060,'The pedigree string of the germplasm',8),
(1308,8,1070,'8377',8),
(1309,8,1804,'SOURCE',9),
(1310,8,1060,'The seed source of the germplasm',9),
(1311,8,1070,'8378',9),
(1312,8,1804,'CHECK',10),
(1313,8,1060,'TYPE OF ENTRY',10),
(1314,8,1070,'8255',10),
(1315,8,1810,'PLOT',11),
(1316,8,1060,'PLOT NUMBER',11),
(1317,8,1070,'8200',11),
(1318,5,1060,'Field plot id - assigned(text)',82),
(1319,5,1070,'8201',82),
(1320,5,1804,'PLOT_ID',82),
(1321,8,1060,'Field plot id - assigned (text)',20),
(1322,8,1070,'8201',20),
(1323,8,1804,'PLOT_ID',20);
                                                                                                                                    
/*!40101 SET SQL_MODE=@OLD_SQL_MODE */;                                                                                             
/*!40014 SET FOREIGN_KEY_CHECKS=@OLD_FOREIGN_KEY_CHECKS */;                                                                         
/*!40014 SET UNIQUE_CHECKS=@OLD_UNIQUE_CHECKS */;                                                                                   
/*!40111 SET SQL_NOTES=@OLD_SQL_NOTES */;                                                                                           
