/*                                                                                                                                  
SQLyog Community v11.28 (64 bit)                                                                                                    
MySQL - 5.6.27 : Database - ibdbv2_sunflower_merged                                                                                 
*********************************************************************                                                               
*/                                                                                                                                 
                                                                                                                                    
/*!40101 SET NAMES utf8 */;                                                                                                         
                                                                                                                                    
/*!40101 SET SQL_MODE=''*/;                                                                                                         
                                                                                                                                    
/*!40014 SET @OLD_UNIQUE_CHECKS=@@UNIQUE_CHECKS, UNIQUE_CHECKS=0 */;                                                                
/*!40014 SET @OLD_FOREIGN_KEY_CHECKS=@@FOREIGN_KEY_CHECKS, FOREIGN_KEY_CHECKS=0 */;                                                 
/*!40101 SET @OLD_SQL_MODE=@@SQL_MODE, SQL_MODE='NO_AUTO_VALUE_ON_ZERO' */;                                                         
/*!40111 SET @OLD_SQL_NOTES=@@SQL_NOTES, SQL_NOTES=0 */;                                                                            
/*Data for the table `cv` */                                                                                                        
                                                                                                                                    
LOCK TABLES `cv` WRITE;                                                                                                             
                                                                                                                                    
insert  into `cv`(`cv_id`,`name`,`definition`) values
(20910,'20003','ACol_E_1to5 : Achene colour -BY- Seed colour - Estimation -IN- Achene Colour scale'),
(20920,'20052','ASz_E_1to3 : Achene size -BY- Achene size - Estimation -IN- 1-3 SIZE scale'),
(20930,'20135','HdShp_E_1to4 : Head shape -BY- Head shape - Estimation -IN- 1-4 Head shape scale'),
(20940,'20143','HdSz_E_1to3 : Head size -BY- Head size - Estimation -IN- 1-3 SIZE scale'),
(20950,'20158','LfGlau_E_1to5 : Leaf glaucousness -BY- Leaf glaucousness - Estimation -IN-1-5 General content scale'),
(20960,'20175','LfPub_E_1to9 : Leaf pubescence -BY- Leaf pubescence - Estimation -IN- 0-9 Density scale'),
(20970,'20249','Brnch_E_0to1 : Plant branching presence -BY- Plant branching presence -IN- Absent/present scale'),
(20980,'20255','PltEVig_E_1to5 : Plant early vigour -BY- Plant vigour - Estimation -IN- 1-5 General scoring scale'),
(20990,'20284','AgrScr_E_1to5 :Plant phenotypic acceptability -BY- Phenotypic acceptability - Estimation -IN- 1-5 General scoring scale'),
(21000,'20293','PltVig_E_1to5 : Plant vigour -BY- Plant vigour - Estimation -IN- 1-5 General scoring scale'),
(21010,'20302','SaltTol_E_1to5 : Salinity tolerance -BY- Salinity tolerance - Estimation -IN- 1-5 Tolerance scale'),
(21020,'20315','WtrLogTol_E_1to5 : Waterlogging tolerance -BY- Waterlogging tolerance - Estimation -IN- 1-5 Tolerance scale');
                                                                                                                                    
UNLOCK TABLES;                                                                                                                      
                                                                                                                                    
/*Data for the table `cvterm` */                                                                                                    
                                                                                                                                    
LOCK TABLES `cvterm` WRITE;                                                                                                         
                                                                                                                                    
insert  into `cvterm`(`cvterm_id`,`cv_id`,`name`,`definition`,`dbxref_id`,`is_obsolete`,`is_relationshiptype`) values
(20000,1010,'Achene colour','Achene colour.',NULL,0,0),
(20001,1020,'Seed colour - Estimation','Observe seed colour and rate it.',NULL,0,0),
(20002,1030,'Achene Colour scale','Achene Colour scale',NULL,0,0),
(20003,1040,'ACol_E_1to5','Achene colour -BY- Seed colour - Estimation -IN- Achene Colour scale',NULL,0,0),
(20004,20910,'W','W= white',NULL,0,0),
(20005,20910,'Y','Y= yellow',NULL,0,0),
(20006,20910,'R','R=red',NULL,0,0),
(20007,20910,'P','P= purple',NULL,0,0),
(20008,20910,'B','B= black',NULL,0,0),
(20009,1010,'Achene length','Achene length.',NULL,0,0),
(20010,1020,'Achene length - Measurement','Measure achene length of N samples and record the average.',NULL,0,0),
(20012,1040,'ALng_M_cm','Achene length -BY- Achene length - Measurement -IN- cm',NULL,0,0),
(20013,1010,'Achene moisture content','Achene moisture content.',NULL,0,0),
(20014,1020,'Achene moisture content - Measurement','Measure and record achene moisture content.',NULL,0,0),
(20015,1030,'%','%',NULL,0,0),
(20016,1040,'AMoist_M_pct','Achene moisture content -BY- Achene moisture content - Measurement -IN- %',NULL,0,0),
(20017,1010,'Achene Nitrogen content','Nitrogen content of achene.',NULL,0,0),
(20018,1020,'Nitrogen content NIRS -Measurement','Follow the protocol for Nitrogen content using NIRS method. NIRS calibrated based on Kjeldahl.',NULL,0,0),
(20020,1040,'ANC_NIRS_pct','Achene Nitrogen content -BY- Nitrogen content NIRS - Measurement -IN- %',NULL,0,0),
(20022,1020,'Nitrogen content Kjeldahl - Measurement','Standard method for Nitrogen content using Kjeldahl method.',NULL,0,0),
(20024,1040,'ANC_Kjdl_pct','Achene Nitrogen content -BY- Nitrogen content Kjeldahl - Measurement -IN- %',NULL,0,0),
(20025,1010,'Achene number','Number of achene per unit area, sample, plant part (fruit, pod) or plant.',NULL,0,0),
(20026,1020,'Achene number - Counting','Count and record achene number per head.',NULL,0,0),
(20027,1030,'achene/head','achene/head',NULL,0,0),
(20028,1040,'AN_Cou_AchHd','Achene number -BY- Achene number - Counting -IN- achene/head',NULL,0,0),
(20030,1020,'Achene number - Computation','Use formula to calculate achene number.',NULL,0,0),
(20031,1030,'achene/plant','achene/plant',NULL,0,0),
(20032,1040,'AN_Comp_AchPlt','Achene number -BY- Achene number - Computation -IN-achene/plant',NULL,0,0),
(20035,1030,'achene/m2','achene/m2',NULL,0,0),
(20036,1040,'AN_Comp_Achm2','Achene number -BY- Achene number- Computation -IN- achene/m2',NULL,0,0),
(20037,1010,'Achene oil content','Achene oil content.',NULL,0,0),
(20038,1020,'Achene oil content - Measurement','Standard method for achene oil content.',NULL,0,0),
(20040,1040,'AOilC_M_pct','Achene oil content -BY- Achene oil content - Measurement -IN- %',NULL,0,0),
(20041,1010,'Achene pericarp proportion','Proportion of pericarp over total achene weight.',NULL,0,0),
(20042,1020,'Achene pericarp proportion - Computation','Calculate achene pericarp weight proportion using the formula.',NULL,0,0),
(20044,1040,'APericP_Comp_pct','Achene pericarp proportion -BY- Achene pericarp proportion - Computation -IN- %',NULL,0,0),
(20045,1010,'Achene protein content','Protein content of achene.',NULL,0,0),
(20046,1020,'Achene protein content - Computation','Calculate achene protein content using the formula.',NULL,0,0),
(20048,1040,'AProt_Comp_pct','Achene protein content -BY- Achene protein content - Computation -IN- %',NULL,0,0),
(20049,1010,'Achene size','Achene size.',NULL,0,0),
(20050,1020,'Achene size - Estimation','Observe achene size and rate it.',NULL,0,0),
(20051,1030,'1-3 SIZE scale','1-3 SIZE scale',NULL,0,0),
(20052,1040,'ASz_E_1to3','Achene size -BY- Achene size - Estimation -IN- 1-3 SIZE scale',NULL,0,0),
(20053,20920,'1','1= small',NULL,0,0),
(20054,20920,'2','2= medium',NULL,0,0),
(20055,20920,'3','3= large',NULL,0,0),
(20056,1010,'Achene weight','Amount (weight) of achene per sample (single, 100, 200, 1000) or plant/plant part.',NULL,0,0),
(20057,1020,'Achene weight - Measurement','Count and weigh achene.',NULL,0,0),
(20058,1030,'g/100 achene','g/100 achene',NULL,0,0),
(20059,1040,'AWt_M_g100Ach','Achene weight -BY- Achene weight - Measurement -IN- g/100 achene',NULL,0,0),
(20062,1030,'g/1000 achene','g/1000 achene',NULL,0,0),
(20063,1040,'AWt_M_g1000Ach','Achene weight -BY- Achene weight - Measurement -IN- g/1000 achene',NULL,0,0),
(20065,1020,'Achene weight - Computation','Use formula to calculate achene weight.',NULL,0,0),
(20066,1030,'g/head','g/head',NULL,0,0),
(20067,1040,'AWt_Comp_gHd','Achene weight -BY- Achene weight - Computation -IN- g/head',NULL,0,0),
(20070,1030,'g/plant','g/plant',NULL,0,0),
(20071,1040,'AWt_Comp_gPlt','Achene weight -BY- Achene weight - Computation -IN-g/plant',NULL,0,0),
(20072,1010,'Achene width','Achene width.',NULL,0,0),
(20073,1020,'Achene width - Measurement','Measure achene width of N samples and record the average.',NULL,0,0),
(20075,1040,'AWid_M_mm','Achene width -BY- Achene width - Measurement -IN- mm',NULL,0,0),
(20076,1010,'Achene yield','Amount (weight) of achene that was harvested per unit area.',NULL,0,0),
(20077,1020,'Achene yield (Plot weight) - Measurement','Record weight of harvested seed. In breeding trials, a sample area (rather than the whole plot) is generally used for estimating yield.',NULL,0,0),
(20079,1040,'AYld_M_gPlot','Achene yield -BY- Achene yield (Plot weight) - Measurement -IN- g/plot',NULL,0,0),
(20081,1020,'Achene yield (Fresh weight) - Measurement','Use formula to calculate seed yield in fresh (field) weight basis.',NULL,0,0),
(20083,1040,'AYld_FW_kgha','Achene yield -BY- Achene yield (Fresh weight) - Measurement -IN- kg/ha',NULL,0,0),
(20085,1020,'Achene yield (Dry weight) - Measurement','Use formula to calculate seed yield in dry weight basis.',NULL,0,0),
(20087,1040,'AYld_DW_kgha','Achene yield -BY- Achene yield (Dry weight) - Measurement -IN- kg/ha',NULL,0,0),
(20089,1020,'Achene yield (Adjusted weight) - Measurement','Use formula to calculate seed yield adjusted to 14% moisture.',NULL,0,0),
(20091,1040,'AYld_Adj_kgha','Achene yield -BY- Achene yield (Adjusted weight) - Measurement -IN- kg/ha',NULL,0,0),
(20092,1010,'Biomass yield','A determinationof the amount (weight) of biomass that was harvested per unit area.',NULL,0,0),
(20093,1020,'Biomass yield (Plot weight) - Measurement','Record weight of harvested biomass. In breeding trials, a sample area (rather than the whole plot) is generally used for estimating biomass yield.',NULL,0,0),
(20095,1040,'BM_M_gPlot','Biomass yield -BY- Biomass yield (Plot weight) - Measurement -IN- g/plot',NULL,0,0),
(20097,1020,'Biomass yield (Dry weight) - Computation','Use formula to calculate biomass yield in dry weigh basis.',NULL,0,0),
(20099,1040,'BM_DW_gPlot','Biomass yield -BY- Biomass yield (Dry weight) - Computation -IN- kg/ha',NULL,0,0),
(20100,1010,'Canopy temperature','Canopy temperature',NULL,0,0),
(20101,1020,'Canopy temperature - Measurement','Proceed following the protocol for Canopy temperature.',NULL,0,0),
(20102,1030,'C','C',NULL,0,0),
(20103,1040,'CT_M_C','Canopy temperature -BY- Canopy temperature - Measurement -IN- C',NULL,0,0),
(20104,1010,'Emergence time','Emergence time is when the fully expanded cotyledons appears above the soil surface.',NULL,0,0),
(20105,1020,'Emergence date - Estimation','Record date of emergence.',NULL,0,0),
(20106,1030,'Date (yymmdd)','Date (yymmdd)',NULL,0,0),
(20107,1040,'Emer_date_ymd','Emergence time -BY- Emergence date - Estimation -IN- Date (yymmdd)',NULL,0,0),
(20109,1020,'Days to half flowering - Computation','Compute number of days required from sowing (or emergence) to 50% flowering, corresponding to stage R5.5.',NULL,0,0),
(20110,1030,'day','day',NULL,0,0),
(20111,1040,'Flw_R55dt_day','Flowering time -BY- Days to half flowering - Computation -IN- day',NULL,0,0),
(20112,1010,'Flowering time','Flowering time',NULL,0,0),
(20113,1020,'Half flowering date - Estimation','Record date of 50% flowering, corresponding to stage R5.5.',NULL,0,0),
(20115,1040,'Flw_R55date_ymd','Flowering time -BY- Half flowering date - Estimation -IN- Date (yymmdd)',NULL,0,0),
(20117,1020,'Days to initiation of flowering - Computation','Compute number of days required from sowing (or emergence) to 10% flowering, corresponding to stage R5.1.',NULL,0,0),
(20119,1040,'Flw_R51dt_day','Flowering time -BY- Days to initiation of flowering - Computation -IN- day',NULL,0,0),
(20121,1020,'Initiation of flowering date - Estimation','Record date of 10% flowering, corresponding to stage R5.1.',NULL,0,0),
(20123,1040,'Flw_R51date_ymd','Flowering time -BY- Initiation of flowering date - Estimation -IN- Date (yymmdd)',NULL,0,0),
(20124,1010,'Harvest index','Harvest index',NULL,0,0),
(20125,1020,'Harvest index (%) - Computation','Use formula to calculate harvest index.',NULL,0,0),
(20127,1040,'HI_Comp_pct','Harvest index -BY- Harvest index (%) - Computation -IN- %',NULL,0,0),
(20128,1010,'Head diameter','A determination of the head diameter.',NULL,0,0),
(20129,1020,'Head diameter - Measurement','Measure head diameter of N samples and record the average.',NULL,0,0),
(20131,1040,'HdDia_M_cm','Head diameter -BY- Head diameter - Measurement -IN- cm',NULL,0,0),
(20132,1010,'Head shape','A determination of the fruit shape.',NULL,0,0),
(20133,1020,'Head shape - Estimation','Observe head shape and rate it.',NULL,0,0),
(20134,1030,'1-4 Head shape scale','1-4 Head shape scale',NULL,0,0),
(20135,1040,'HdShp_E_1to4','Head shape -BY- Head shape - Estimation -IN-1-4 Head shape scale',NULL,0,0),
(20136,20930,'1','1= Concave',NULL,0,0),
(20137,20930,'2','2= Flat',NULL,0,0),
(20138,20930,'3','3= Convex',NULL,0,0),
(20139,20930,'4','4= Misshappen',NULL,0,0),
(20140,1010,'Head size','A determination of the fruit size.',NULL,0,0),
(20141,1020,'Head size - Estimation','Observe head size and rate it.',NULL,0,0),
(20143,1040,'HdSz_E_1to3','Head size -BY- Head size -Estimation -IN- 1-3 SIZE scale',NULL,0,0),
(20144,20940,'1','1= small',NULL,0,0),
(20145,20940,'2','2= medium',NULL,0,0),
(20146,20940,'3','3= large',NULL,0,0),
(20147,1010,'Head weight','Head weight.',NULL,0,0),
(20148,1020,'Head weight - Measurement','Measure head weight of N samples and record the average.',NULL,0,0),
(20150,1040,'HdWt_M_g','Head weight -BY- Head weight - Measurement -IN- g',NULL,0,0),
(20151,1010,'Leaf area','A determination of the leaf area.',NULL,0,0),
(20152,1020,'Leaf area - Measurement','Measure leaf area of N samples and record the average.',NULL,0,0),
(20153,1030,'cm2','cm2',NULL,0,0),
(20154,1040,'LfArea_M_cm2','Leaf area -BY- Leaf area - Measurement -IN- cm2',NULL,0,0),
(20155,1010,'Leaf glaucousness','A determination of the leaf glaucousness.',NULL,0,0),
(20156,1020,'Leaf glaucousness - Estimation','Observe leaf glaucousness and rate it.',NULL,0,0),
(20157,1030,'1-5 General content scale','1-5 General content scale',NULL,0,0),
(20158,1040,'LfGlau_E_1to5','Leaf glaucousness -BY- Leaf glaucousness - Estimation -IN- 1-5 General content scale',NULL,0,0),
(20159,20950,'1','1= none',NULL,0,0),
(20160,20950,' 2',' 2= low',NULL,0,0),
(20161,20950,'3','3= fair',NULL,0,0),
(20162,20950,'4','4= high',NULL,0,0),
(20163,20950,'5','5= very high',NULL,0,0),
(20164,1010,'Leaf length','A determination ofthe leaf length.',NULL,0,0),
(20165,1020,'Leaf length - Measurement','Measure leaf length of N samples and record the average.',NULL,0,0),
(20167,1040,'LfLng_M_cm','Leaf length -BY- Leaf length - Measurement -IN- cm',NULL,0,0),
(20168,1010,'Leaf number','Leaf number.',NULL,0,0),
(20169,1020,'Leaf number - counting','Count leaves.',NULL,0,0),
(20170,1030,'leaf/plant','leaf/plant',NULL,0,0),
(20171,1040,'LfN_Cou_LfPlt','Leaf number -BY- Leaf number - counting -IN- leaf/plant',NULL,0,0),
(20172,1010,'Leaf pubescence','A determination of the leaf pubescence.',NULL,0,0),
(20173,1020,'Leaf pubescence - Estimation','Observe leaf pubescence and rate it.',NULL,0,0),
(20174,1030,'0-9 Density scale','0-9 Density scale',NULL,0,0),
(20175,1040,'LfPub_E_1to9','Leaf pubescence -BY- Leaf pubescence - Estimation -IN- 0-9 Density scale',NULL,0,0),
(20176,20960,'0 ','0 = absent',NULL,0,0),
(20177,20960,'1 ','1 = very sparse',NULL,0,0),
(20178,20960,'2 ','2 = ',NULL,0,0),
(20179,20960,'3 ','3 = sparse',NULL,0,0),
(20180,20960,'4 ','4 = ',NULL,0,0),
(20181,20960,'5 ','5 = intermediate',NULL,0,0),
(20182,20960,'6 ','6 = ',NULL,0,0),
(20183,20960,'7 ','7 = dense',NULL,0,0),
(20184,20960,'8 ','8 = ',NULL,0,0),
(20185,20960,'9 ','9 = very dense',NULL,0,0),
(20186,1010,'Leaf width','A determination of the maximun leaf width.',NULL,0,0),
(20187,1020,'Leaf width - Measurement','Measure maximun leaf width of N samples and record the average.',NULL,0,0),
(20189,1040,'LfWid_M_cm','Leaf width -BY- Leaf width - Measurement -IN- cm',NULL,0,0),
(20191,1020,'Days to maturity - Computation','Compute number of days required from sowing (or emergence) to maturity.',NULL,0,0),
(20192,1010,'Maturity time','Maturity time',NULL,0,0),
(20193,1040,'Mat_dt_day','Maturity time -BY- Days to maturity - Computation -IN- day',NULL,0,0),
(20195,1020,'Maturity date - Estimation','Record date of maturity. Sunflower is considered mature when backs of heads are yellow and the bracts are turning brown',NULL,0,0),
(20197,1040,'Mat_date_ymd','Maturity time -BY- Maturity date - Estimation -IN- Date (yymmdd)',NULL,0,0),
(20198,1010,'Oil arachidic acid content','Oil arachidic acid content (20:0).',NULL,0,0),
(20199,1020,'Arachidic acid content - Measurement','Standard method for Arachidic acid content',NULL,0,0),
(20201,1040,'ArachidicC_M_pct','Oilarachidic acid content -BY- Arachidic acid content - Measurement -IN- %',NULL,0,0),
(20202,1010,'Oil behenic acid content','Oil behenic acid content (22:0).',NULL,0,0),
(20203,1020,'Behenic acid content - Measurement','Standard method for Behenic acid content',NULL,0,0),
(20205,1040,'BehenicC_M_pct','Oil behenic acid content -BY- Behenic acid content - Measurement -IN- %',NULL,0,0),
(20206,1010,'Oil linoleic acid content','Oil linoleic acid content (18:2).',NULL,0,0),
(20207,1020,'Linoleic acid content - Measurement','Standardmethod for Linoleic acid content',NULL,0,0),
(20209,1040,'LinoleicC_M_pct','Oil linoleic acid content -BY- Linoleic acid content - Measurement -IN- %',NULL,0,0),
(20210,1010,'Oil linolenic acid content','Oil linolenic acid content (18:3).',NULL,0,0),
(20211,1020,'Linolenic acid content - Measurement','Standard method for Linolenic acid content',NULL,0,0),
(20213,1040,'LinolenicC_M_pct','Oil linolenic acid content -BY- Linolenic acid content - Measurement -IN- %',NULL,0,0),
(20214,1010,'Oil myristic acid content','Oil myristic acid content (14:0).',NULL,0,0),
(20215,1020,'Myristic acid content - Measurement','Standard method for Myristic acid content',NULL,0,0),
(20217,1040,'MyristicC_M_pct','Oil myristic acid content -BY- Myristic acid content - Measurement -IN- %',NULL,0,0),
(20218,1010,'Oil myristoleic acid content','Oil myristoleic acid content (14:1).',NULL,0,0),
(20219,1020,'Myristoleic acid content - Measurement','Standard method for Myristoleic acid content',NULL,0,0),
(20221,1040,'MyristoleicC_M_pct','Oil myristoleic acid content -BY- Myristoleic acid content - Measurement -IN- %',NULL,0,0),
(20222,1010,'Oil oleic acid content','Oil oleic acid content (18:1).',NULL,0,0),
(20223,1020,'Oleic acid content - Measurement','Standard method for Oleic acid content',NULL,0,0),
(20225,1040,'OleicC_M_pct','Oil oleic acid content -BY- Oleic acid content - Measurement -IN- %',NULL,0,0),
(20226,1010,'Oil palmitic acid content','Oil palmitic acid content (16:0).',NULL,0,0),
(20227,1020,'Palmitic acid content - Measurement','Standard method for Palmitic acid content',NULL,0,0),
(20229,1040,'PalmiticC_M_pct','Oil palmitic acid content -BY- Palmitic acid content - Measurement -IN- %',NULL,0,0),
(20230,1010,'Oil palmitoleic acid content','Oil palmitoleic acid content (16:1).',NULL,0,0),
(20231,1020,'Palmitoleic acid content - Measurement','Standard method for Palmitoleic acid content',NULL,0,0),
(20233,1040,'PalmitoleicC_M_pct','Oil palmitoleic acid content -BY- Palmitoleic acid content - Measurement -IN- %',NULL,0,0),
(20234,1010,'Oil stearic acid content','Oil stearic acid content (18: 0).',NULL,0,0),
(20235,1020,'Stearic acid content - Measurement','Standard method for Stearic acid content',NULL,0,0),
(20237,1040,'StearicC_M_pct','Oil stearic acid content -BY- Stearic acid content - Measurement -IN- %',NULL,0,0),
(20238,1010,'Oil total Tochopherol content','Oil total Tochopherol content.',NULL,0,0),
(20239,1020,'Total Tochopherol content - Measurement','Standard method for Total Tochopherol content',NULL,0,0),
(20240,1030,'mg/kg','mg/kg',NULL,0,0),
(20241,1040,'TTochoC_M_mgkg','Oil total Tochopherol content -BY- Total Tochopherol content - Measurement -IN- mg/kg',NULL,0,0),
(20242,1010,'Oil yield','Amount (weight or volume) of oil per unit area.',NULL,0,0),
(20243,1020,'Oil yield - Computation','Oil yield is calculated as the product of achene yield and achene oil content.',NULL,0,0),
(20245,1040,'OilYld_Comp_kgha','Oil yield -BY- Oil yield - Computation -IN- kg/ha',NULL,0,0),
(20246,1010,'Plant branching presence','Branching presence or absence.',NULL,0,0),
(20247,1020,'Plant branching presence','Observe branching presence and rate it.',NULL,0,0),
(20248,1030,'Absent/present scale','Absent/present scale',NULL,0,0),
(20249,1040,'Brnch_E_0to1','Plant branching presence -BY- Plant branching presence -IN- Absent/present scale',NULL,0,0),
(20250,20970,'0','0= Absent',NULL,0,0),
(20251,20970,'1','1= Present',NULL,0,0),
(20252,1010,'Plant early vigour','An assessment of vegetative growth to describe the capacity of a seedling or plant to grow.',NULL,0,0),
(20253,1020,'Plant vigour - Estimation','Observe vigour of the plants per plot/entry and rate it.',NULL,0,0),
(20254,1030,'1-5 General scoring scale','1-5 General scoring scale',NULL,0,0),
(20255,1040,'PltEVig_E_1to5','Plant early vigour -BY- Plant vigour - Estimation -IN- 1-5 General scoring scale',NULL,0,0),
(20256,20980,'1','1= very poor (VP)',NULL,0,0),
(20257,20980,'2','2= poor (P)',NULL,0,0),
(20258,20980,'3','3= fair (F)',NULL,0,0),
(20259,20980,'4','4= good (G)',NULL,0,0),
(20260,20980,'5','5= very good (VG)',NULL,0,0),
(20262,1020,'Plant height - Measurement','Measure height of N plants and record the average.',NULL,0,0),
(20263,1010,'Plant height','Plant height',NULL,0,0),
(20264,1040,'PH_M_cm','Plant height -BY- Plant height - Measurement -IN- cm',NULL,0,0),
(20265,1010,'Plant lodging incidence','An assessment of the plant lodging incidence.',NULL,0,0),
(20266,1020,'Plant lodging incidence - Estimation','Observe plant lodging per plot/entry and rate it.',NULL,0,0),
(20268,1040,'Lodg_E_pct','Plant lodging incidence -BY- Plant lodging incidence - Estimation -IN- %',NULL,0,0),
(20269,1010,'Plant number','Number of plant per unit area or sample.',NULL,0,0),
(20270,1020,'Plant number - Counting','Count plants in a sampling unit (plot, quadrat, lineal meter, row, etc).',NULL,0,0),
(20271,1030,'plant/plot','plant/plot',NULL,0,0),
(20272,1040,'PltN_Cou_PltPlot','Plant number -BY- Plant number - Counting -IN- plant/plot',NULL,0,0),
(20275,1030,'plant/m','plant/m',NULL,0,0),
(20276,1040,'PltN_Cou_Pltm','Plant number -BY- Plant number - Counting -IN- plant/m',NULL,0,0),
(20278,1020,'Plant number - Computation','Calculateplant number using the formula.',NULL,0,0),
(20279,1030,'plant/ha','plant/ha',NULL,0,0),
(20280,1040,'PltN_Cou_Pltha','Plant number -BY- Plant number - Computation -IN- plant/ha',NULL,0,0),
(20281,1010,'Plant phenotypic acceptability','Rating of overall agronomic attributes and health of plants.',NULL,0,0),
(20282,1020,'Phenotypic acceptability - Estimation','For phenotypic acceptability (agronomic score) observe visually detectable signs of factors limiting yields and rate it.',NULL,0,0),
(20284,1040,'AgrScr_E_1to5','Plant phenotypic acceptability -BY- Phenotypic acceptability - Estimation -IN- 1-5 General scoring scale',NULL,0,0),
(20285,20990,'1','1= very poor (VP)',NULL,0,0),
(20286,20990,'2','2= poor (P)',NULL,0,0),
(20287,20990,'3','3= fair (F)',NULL,0,0),
(20288,20990,'4','4= good (G)',NULL,0,0),
(20289,20990,'5','5= very good (VG)',NULL,0,0),
(20290,1010,'Plant vigour','An assessment of plant growth to describe the capacity of plant to grow.',NULL,0,0),
(20293,1040,'PltVig_E_1to5','Plant vigour -BY- Plant vigour - Estimation -IN- 1-5 General scoring scale',NULL,0,0),
(20294,21000,'1','1= very poor (VP)',NULL,0,0),
(20295,21000,'2','2= poor (P)',NULL,0,0),
(20296,21000,'3','3=fair (F)',NULL,0,0),
(20297,21000,'4','4= good (G)',NULL,0,0),
(20298,21000,'5','5= very good (VG)',NULL,0,0),
(20299,1010,'Salinity tolerance','The plants tolerance to soil salinity.',NULL,0,0),
(20300,1020,'Salinity tolerance - Estimation','Observe the growth of plants per plot/entry at the field presenting soil salinity and rate the tolerance.',NULL,0,0),
(20301,1030,'1-5 Tolerance scale','1-5 Tolerance scale',NULL,0,0),
(20302,1040,'SaltTol_E_1to5','Salinity tolerance -BY- Salinity tolerance - Estimation -IN- 1-5 Tolerance scale',NULL,0,0),
(20303,21010,'1','1= highly susceptible ',NULL,0,0),
(20304,21010,'2','2= susceptible ',NULL,0,0),
(20305,21010,'3','3= intermediate',NULL,0,0),
(20306,21010,'4','4= tolerant',NULL,0,0),
(20307,21010,'5','5= highly tolerant',NULL,0,0),
(20308,1010,'Stem diameter','Stem diameter.',NULL,0,0),
(20309,1020,'Stem diameter - Measurement','Measure stem diameter of N samples and record the average.',NULL,0,0),
(20311,1040,'StDia_M_cm','Stem diameter -BY- Stem diameter - Measurement -IN- cm',NULL,0,0),
(20312,1010,'Waterlogging tolerance','The plant tolerance to waterlogging.',NULL,0,0),
(20313,1020,'Waterlogging tolerance - Estimation','Observe the growth of plants per plot/entry after a waterlogging event and rate the tolerance.',NULL,0,0),
(20315,1040,'WtrLogTol_E_1to5','Waterlogging tolerance -BY- Waterlogging tolerance - Estimation -IN- 1-5 Tolerance scale',NULL,0,0),
(20316,21020,'1','1= highly susceptible ',NULL,0,0),
(20317,21020,'2','2= susceptible ',NULL,0,0),
(20318,21020,'3','3= intermediate',NULL,0,0),
(20319,21020,'4','4= tolerant',NULL,0,0),
(20320,21020,'5','5= highly tolerant',NULL,0,0),
(20343,1030,'1-3 SIZE scale of HdSz_E_1to3','1-3 SIZE scale of HdSz_E_1to3_generated',NULL,0,0),
(20344,1030,'1-5 General scoring scale of AgrScr_E_1to5','1-5 General scoring scale of AgrScr_E_1to5_generated',NULL,0,0),
(20345,1030,'1-5 General scoring scale of PltVig_E_1to5','1-5 General scoring scale of PltVig_E_1to5_generated',NULL,0,0),
(20346,1030,'1-5 Tolerance scale of WtrLogTol_E_1to5','1-5 Tolerance scale of WtrLogTol_E_1to5_generated',NULL,0,0);
                                                                                                                                    
UNLOCK TABLES;                                                                                                                      
                                                                                                                                    
/*Data for the table `cvterm_relationship` */                                                                                       
                                                                                                                                    
LOCK TABLES `cvterm_relationship` WRITE;                                                                                            
                                                                                                                                    
insert  into `cvterm_relationship`(`cvterm_relationship_id`,`type_id`,`subject_id`,`object_id`) values
(19343,1225,20000,1350),
(19947,1105,20002,1130),
(19804,1190,20002,20004),
(19805,1190,20002,20005),
(19806,1190,20002,20006),
(19807,1190,20002,20007),
(19808,1190,20002,20008),
(19342,1200,20003,20000),
(19344,1210,20003,20001),
(19345,1220,20003,20002),
(19350,1225,20009,1350),
(19352,1220,20012,6085),
(19349,1200,20012,20009),
(19351,1210,20012,20010),
(19357,1225,20013,1340),
(19948,1105,20015,1110),
(19356,1200,20016,20013),
(19358,1210,20016,20014),
(19359,1220,20016,20015),
(19364,1225,20017,1370),
(19366,1220,20020,20015),
(19363,1200,20020,20017),
(19365,1210,20020,20018),
(19373,1220,20024,20015),
(19370,1200,20024,20017),
(19372,1210,20024,20022),
(19378,1225,20025,1340),
(19949,1105,20027,1110),
(19377,1200,20028,20025),
(19379,1210,20028,20026),
(19380,1220,20028,20027),
(19950,1105,20031,1110),
(19384,1200,20032,20025),
(19386,1210,20032,20030),
(19387,1220,20032,20031),
(19951,1105,20035,1110),
(19391,1200,20036,20025),
(19393,1210,20036,20030),
(19394,1220,20036,20035),
(19399,1225,20037,1370),
(19401,1220,20040,20015),
(19398,1200,20040,20037),
(19400,1210,20040,20038),
(19406,1225,20041,1370),
(19408,1220,20044,20015),
(19405,1200,20044,20041),
(19407,1210,20044,20042),
(19413,1225,20045,1370),
(19415,1220,20048,20015),
(19412,1200,20048,20045),
(19414,1210,20048,20046),
(19420,1225,20049,1350),
(19952,1105,20051,1130),
(19809,1190,20051,20053),
(19810,1190,20051,20054),
(19811,1190,20051,20055),
(19419,1200,20052,20049),
(19421,1210,20052,20050),
(19422,1220,20052,20051),
(19427,1225,20056,1340),
(19953,1105,20058,1110),
(19426,1200,20059,20056),
(19428,1210,20059,20057),
(19429,1220,20059,20058),
(19954,1105,20062,1110),
(19433,1200,20063,20056),
(19435,1210,20063,20057),
(19436,1220,20063,20062),
(19955,1105,20066,1110),
(19440,1200,20067,20056),
(19442,1210,20067,20065),
(19443,1220,20067,20066),
(19956,1105,20070,1110),
(19447,1200,20071,20056),
(19449,1210,20071,20065),
(19450,1220,20071,20070),
(19455,1225,20072,1350),
(19457,1220,20075,17021),
(19454,1200,20075,20072),
(19456,1210,20075,20073),
(19462,1225,20076,1340),
(19464,1220,20079,6180),
(19461,1200,20079,20076),
(19463,1210,20079,20077),
(19471,1220,20083,6090),
(19468,1200,20083,20076),
(19470,1210,20083,20081),
(19478,1220,20087,6090),
(19475,1200,20087,20076),
(19477,1210,20087,20085),
(19485,1220,20091,6090),
(19482,1200,20091,20076),
(19484,1210,20091,20089),
(19490,1225,20092,1340),
(19492,1220,20095,6180),
(19489,1200,20095,20092),
(19491,1210,20095,20093),
(19499,1220,20099,6090),
(19496,1200,20099,20092),
(19498,1210,20099,20097),
(19504,1225,20100,1345),
(19958,1105,20102,1110),
(19503,1200,20103,20100),
(19505,1210,20103,20101),
(19506,1220,20103,20102),
(19511,1225,20104,1440),
(19959,1105,20106,1117),
(19510,1200,20107,20104),
(19512,1210,20107,20105),
(19513,1220,20107,20106),
(19960,1105,20110,1110),
(19517,1200,20111,20112),
(19519,1210,20111,20109),
(19520,1220,20111,20110),
(19524,1200,20115,20112),
(19527,1220,20115,20106),
(19526,1210,20115,20113),
(19531,1200,20119,20112),
(19534,1220,20119,20110),
(19533,1210,20119,20117),
(19538,1200,20123,20112),
(19541,1220,20123,20106),
(19540,1210,20123,20121),
(19545,1200,20127,20124),
(19548,1220,20127,20015),
(19547,1210,20127,20125),
(19553,1225,20128,1350),
(19555,1220,20131,6085),
(19552,1200,20131,20128),
(19554,1210,20131,20129),
(19560,1225,20132,1350),
(19961,1105,20134,1130),
(19812,1190,20134,20136),
(19813,1190,20134,20137),
(19814,1190,20134,20138),
(19815,1190,20134,20139),
(19559,1200,20135,20132),
(19561,1210,20135,20133),
(19562,1220,20135,20134),
(19567,1225,20140,1350),
(19566,1200,20143,20140),
(19568,1210,20143,20141),
(19569,1220,20143,20343),
(19574,1225,20147,1340),
(19576,1220,20150,6087),
(19573,1200,20150,20147),
(19575,1210,20150,20148),
(19581,1225,20151,1350),
(19963,1105,20153,1110),
(19580,1200,20154,20151),
(19582,1210,20154,20152),
(19583,1220,20154,20153),
(19588,1225,20155,1350),
(19964,1105,20157,1130),
(19819,1190,20157,20159),
(19820,1190,20157,20160),
(19821,1190,20157,20161),
(19822,1190,20157,20162),
(19823,1190,20157,20163),
(19587,1200,20158,20155),
(19589,1210,20158,20156),
(19590,1220,20158,20157),
(19595,1225,20164,1350),
(19597,1220,20167,6085),
(19594,1200,20167,20164),
(19596,1210,20167,20165),
(19602,1225,20168,1340),
(19965,1105,20170,1110),
(19601,1200,20171,20168),
(19603,1210,20171,20169),
(19604,1220,20171,20170),
(19609,1225,20172,1350),
(19966,1105,20174,1130),
(19824,1190,20174,20176),
(19825,1190,20174,20177),
(19826,1190,20174,20178),
(19827,1190,20174,20179),
(19828,1190,20174,20180),
(19829,1190,20174,20181),
(19830,1190,20174,20182),
(19831,1190,20174,20183),
(19832,1190,20174,20184),
(19833,1190,20174,20185),
(19608,1200,20175,20172),
(19610,1210,20175,20173),
(19611,1220,20175,20174),
(19616,1225,20186,1350),
(19618,1220,20189,6085),
(19615,1200,20189,20186),
(19617,1210,20189,20187),
(19622,1200,20193,20192),
(19625,1220,20193,20110),
(19624,1210,20193,20191),
(19629,1200,20197,20192),
(19632,1220,20197,20106),
(19631,1210,20197,20195),
(19637,1225,20198,1370),
(19639,1220,20201,20015),
(19636,1200,20201,20198),
(19638,1210,20201,20199),
(19644,1225,20202,1370),
(19646,1220,20205,20015),
(19643,1200,20205,20202),
(19645,1210,20205,20203),
(19651,1225,20206,1370),
(19653,1220,20209,20015),
(19650,1200,20209,20206),
(19652,1210,20209,20207),
(19658,1225,20210,1370),
(19660,1220,20213,20015),
(19657,1200,20213,20210),
(19659,1210,20213,20211),
(19665,1225,20214,1370),
(19667,1220,20217,20015),
(19664,1200,20217,20214),
(19666,1210,20217,20215),
(19672,1225,20218,1370),
(19674,1220,20221,20015),
(19671,1200,20221,20218),
(19673,1210,20221,20219),
(19679,1225,20222,1370),
(19681,1220,20225,20015),
(19678,1200,20225,20222),
(19680,1210,20225,20223),
(19686,1225,20226,1370),
(19688,1220,20229,20015),
(19685,1200,20229,20226),
(19687,1210,20229,20227),
(19693,1225,20230,1370),
(19695,1220,20233,20015),
(19692,1200,20233,20230),
(19694,1210,20233,20231),
(19700,1225,20234,1370),
(19702,1220,20237,20015),
(19699,1200,20237,20234),
(19701,1210,20237,20235),
(19707,1225,20238,1370),
(19967,1105,20240,1110),
(19706,1200,20241,20238),
(19708,1210,20241,20239),
(19709,1220,20241,20240),
(19714,1225,20242,1340),
(19716,1220,20245,6090),
(19713,1200,20245,20242),
(19715,1210,20245,20243),
(19721,1225,20246,1350),
(19968,1105,20248,1130),
(19834,1190,20248,20250),
(19835,1190,20248,20251),
(19720,1200,20249,20246),
(19722,1210,20249,20247),
(19723,1220,20249,20248),
(19728,1225,20252,1340),
(19969,1105,20254,1130),
(19836,1190,20254,20256),
(19837,1190,20254,20257),
(19838,1190,20254,20258),
(19839,1190,20254,20259),
(19840,1190,20254,20260),
(19727,1200,20255,20252),
(19729,1210,20255,20253),
(19730,1220,20255,20254),
(19737,1220,20264,6085),
(19734,1200,20264,20263),
(19736,1210,20264,20262),
(19742,1225,20265,1340),
(19744,1220,20268,20015),
(19741,1200,20268,20265),
(19743,1210,20268,20266),
(19749,1225,20269,1340),
(19970,1105,20271,1110),
(19748,1200,20272,20269),
(19750,1210,20272,20270),
(19751,1220,20272,20271),
(19971,1105,20275,1110),
(19755,1200,20276,20269),
(19757,1210,20276,20270),
(19758,1220,20276,20275),
(19972,1105,20279,1110),
(19762,1200,20280,20269),
(19764,1210,20280,20278),
(19765,1220,20280,20279),
(19770,1225,20281,1340),
(19769,1200,20284,20281),
(19771,1210,20284,20282),
(19772,1220,20284,20344),
(19777,1225,20290,1340),
(19778,1210,20293,20253),
(19776,1200,20293,20290),
(19779,1220,20293,20345),
(19784,1225,20299,1410),
(19975,1105,20301,1130),
(19851,1190,20301,20303),
(19852,1190,20301,20304),
(19853,1190,20301,20305),
(19854,1190,20301,20306),
(19855,1190,20301,20307),
(19783,1200,20302,20299),
(19785,1210,20302,20300),
(19786,1220,20302,20301),
(19791,1225,20308,1340),
(19793,1220,20311,6085),
(19790,1200,20311,20308),
(19792,1210,20311,20309),
(19798,1225,20312,1410),
(19797,1200,20315,20312),
(19799,1210,20315,20313),
(19800,1220,20315,20346),
(19962,1105,20343,1130),
(19816,1190,20343,20144),
(19817,1190,20343,20145),
(19818,1190,20343,20146),
(19973,1105,20344,1130),
(19841,1190,20344,20285),
(19842,1190,20344,20286),
(19843,1190,20344,20287),
(19844,1190,20344,20288),
(19845,1190,20344,20289),
(19974,1105,20345,1130),
(19846,1190,20345,20294),
(19847,1190,20345,20295),
(19848,1190,20345,20296),
(19849,1190,20345,20297),
(19850,1190,20345,20298),
(19976,1105,20346,1130),
(19856,1190,20346,20316),
(19857,1190,20346,20317),
(19858,1190,20346,20318),
(19859,1190,20346,20319),
(19860,1190,20346,20320),
(19977,1225,20112,1440),
(19978,1225,20124,1340),
(19979,1225,20192,1440),
(19980,1225,20263,1350);

                                                                                                                                    
UNLOCK TABLES;                                                                                                                      
                                                                                                                                    
/*Data for the table `cvtermprop` */                                                                                                
                                                                                                                                    
LOCK TABLES `cvtermprop` WRITE;                                                                                                     
                                                                                                                                    
insert  into `cvtermprop`(`cvtermprop_id`,`cvterm_id`,`type_id`,`value`,`rank`) values
(8599,20000,8048,'2016-06-02T09:20:46.000Z',0),
(8645,20001,8048,'2016-06-02T09:20:46.000Z',0),
(8706,20002,8048,'2016-06-02T09:20:46.000Z',0),
(8219,20003,1800,'Trait',0),
(8600,20009,8048,'2016-06-02T09:20:46.000Z',0),
(8646,20010,8048,'2016-06-02T09:20:46.000Z',0),
(8220,20012,1800,'Trait',0),
(8601,20013,8048,'2016-06-02T09:20:46.000Z',0),
(8647,20014,8048,'2016-06-02T09:20:46.000Z',0),
(8707,20015,8048,'2016-06-02T09:20:46.000Z',0),
(8221,20016,1800,'Trait',0),
(8602,20017,8048,'2016-06-02T09:20:46.000Z',0),
(8648,20018,8048,'2016-06-02T09:20:46.000Z',0),
(8222,20020,1800,'Trait',0),
(8649,20022,8048,'2016-06-02T09:20:46.000Z',0),
(8223,20024,1800,'Trait',0),
(8603,20025,8048,'2016-06-02T09:20:46.000Z',0),
(8650,20026,8048,'2016-06-02T09:20:46.000Z',0),
(8708,20027,8048,'2016-06-02T09:20:46.000Z',0),
(8224,20028,1800,'Trait',0),
(8651,20030,8048,'2016-06-02T09:20:46.000Z',0),
(8709,20031,8048,'2016-06-02T09:20:46.000Z',0),
(8225,20032,1800,'Trait',0),
(8710,20035,8048,'2016-06-02T09:20:46.000Z',0),
(8226,20036,1800,'Trait',0),
(8604,20037,8048,'2016-06-02T09:20:46.000Z',0),
(8652,20038,8048,'2016-06-02T09:20:46.000Z',0),
(8227,20040,1800,'Trait',0),
(8605,20041,8048,'2016-06-02T09:20:46.000Z',0),
(8653,20042,8048,'2016-06-02T09:20:46.000Z',0),
(8228,20044,1800,'Trait',0),
(8606,20045,8048,'2016-06-02T09:20:46.000Z',0),
(8654,20046,8048,'2016-06-02T09:20:46.000Z',0),
(8229,20048,1800,'Trait',0),
(8607,20049,8048,'2016-06-02T09:20:46.000Z',0),
(8655,20050,8048,'2016-06-02T09:20:46.000Z',0),
(8711,20051,8048,'2016-06-02T09:20:46.000Z',0),
(8230,20052,1800,'Trait',0),
(8608,20056,8048,'2016-06-02T09:20:46.000Z',0),
(8656,20057,8048,'2016-06-02T09:20:46.000Z',0),
(8712,20058,8048,'2016-06-02T09:20:46.000Z',0),
(8231,20059,1800,'Trait',0),
(8713,20062,8048,'2016-06-02T09:20:46.000Z',0),
(8232,20063,1800,'Trait',0),
(8657,20065,8048,'2016-06-02T09:20:46.000Z',0),
(8714,20066,8048,'2016-06-02T09:20:46.000Z',0),
(8233,20067,1800,'Trait',0),
(8715,20070,8048,'2016-06-02T09:20:46.000Z',0),
(8234,20071,1800,'Trait',0),
(8609,20072,8048,'2016-06-02T09:20:46.000Z',0),
(8658,20073,8048,'2016-06-02T09:20:46.000Z',0),
(8235,20075,1800,'Trait',0),
(8610,20076,8048,'2016-06-02T09:20:46.000Z',0),
(8659,20077,8048,'2016-06-02T09:20:46.000Z',0),
(8236,20079,1800,'Trait',0),
(8660,20081,8048,'2016-06-02T09:20:46.000Z',0),
(8237,20083,1800,'Trait',0),
(8661,20085,8048,'2016-06-02T09:20:46.000Z',0),
(8238,20087,1800,'Trait',0),
(8662,20089,8048,'2016-06-02T09:20:46.000Z',0),
(8239,20091,1800,'Trait',0),
(8611,20092,8048,'2016-06-02T09:20:46.000Z',0),
(8663,20093,8048,'2016-06-02T09:20:46.000Z',0),
(8240,20095,1800,'Trait',0),
(8664,20097,8048,'2016-06-02T09:20:46.000Z',0),
(8241,20099,1800,'Trait',0),
(8612,20100,8048,'2016-06-02T09:20:46.000Z',0),
(8665,20101,8048,'2016-06-02T09:20:46.000Z',0),
(8716,20102,8048,'2016-06-02T09:20:46.000Z',0),
(8242,20103,1800,'Trait',0),
(8613,20104,8048,'2016-06-02T09:20:46.000Z',0),
(8666,20105,8048,'2016-06-02T09:20:46.000Z',0),
(8717,20106,8048,'2016-06-02T09:20:46.000Z',0),
(8243,20107,1800,'Trait',0),
(8667,20109,8048,'2016-06-02T09:20:46.000Z',0),
(8718,20110,8048,'2016-06-02T09:20:46.000Z',0),
(8244,20111,1800,'Trait',0),
(8668,20113,8048,'2016-06-02T09:20:46.000Z',0),
(8245,20115,1800,'Trait',0),
(8669,20117,8048,'2016-06-02T09:20:46.000Z',0),
(8246,20119,1800,'Trait',0),
(8670,20121,8048,'2016-06-02T09:20:46.000Z',0),
(8247,20123,1800,'Trait',0),
(8671,20125,8048,'2016-06-02T09:20:46.000Z',0),
(8248,20127,1800,'Trait',0),
(8614,20128,8048,'2016-06-02T09:20:46.000Z',0),
(8672,20129,8048,'2016-06-02T09:20:46.000Z',0),
(8249,20131,1800,'Trait',0),
(8615,20132,8048,'2016-06-02T09:20:46.000Z',0),
(8673,20133,8048,'2016-06-02T09:20:46.000Z',0),
(8719,20134,8048,'2016-06-02T09:20:46.000Z',0),
(8250,20135,1800,'Trait',0),
(8616,20140,8048,'2016-06-02T09:20:46.000Z',0),
(8674,20141,8048,'2016-06-02T09:20:46.000Z',0),
(8251,20143,1800,'Trait',0),
(8617,20147,8048,'2016-06-02T09:20:46.000Z',0),
(8675,20148,8048,'2016-06-02T09:20:46.000Z',0),
(8252,20150,1800,'Trait',0),
(8618,20151,8048,'2016-06-02T09:20:46.000Z',0),
(8676,20152,8048,'2016-06-02T09:20:46.000Z',0),
(8720,20153,8048,'2016-06-02T09:20:46.000Z',0),
(8253,20154,1800,'Trait',0),
(8619,20155,8048,'2016-06-02T09:20:46.000Z',0),
(8677,20156,8048,'2016-06-02T09:20:46.000Z',0),
(8721,20157,8048,'2016-06-02T09:20:46.000Z',0),
(8254,20158,1800,'Trait',0),
(8620,20164,8048,'2016-06-02T09:20:46.000Z',0),
(8678,20165,8048,'2016-06-02T09:20:46.000Z',0),
(8255,20167,1800,'Trait',0),
(8621,20168,8048,'2016-06-02T09:20:46.000Z',0),
(8679,20169,8048,'2016-06-02T09:20:46.000Z',0),
(8722,20170,8048,'2016-06-02T09:20:46.000Z',0),
(8256,20171,1800,'Trait',0),
(8622,20172,8048,'2016-06-02T09:20:46.000Z',0),
(8680,20173,8048,'2016-06-02T09:20:46.000Z',0),
(8723,20174,8048,'2016-06-02T09:20:46.000Z',0),
(8257,20175,1800,'Trait',0),
(8623,20186,8048,'2016-06-02T09:20:46.000Z',0),
(8681,20187,8048,'2016-06-02T09:20:46.000Z',0),
(8258,20189,1800,'Trait',0),
(8682,20191,8048,'2016-06-02T09:20:46.000Z',0),
(8259,20193,1800,'Trait',0),
(8683,20195,8048,'2016-06-02T09:20:46.000Z',0),
(8260,20197,1800,'Trait',0),
(8624,20198,8048,'2016-06-02T09:20:46.000Z',0),
(8684,20199,8048,'2016-06-02T09:20:46.000Z',0),
(8575,20201,1800,'Trait',0),
(8625,20202,8048,'2016-06-02T09:20:46.000Z',0),
(8685,20203,8048,'2016-06-02T09:20:46.000Z',0),
(8576,20205,1800,'Trait',0),
(8626,20206,8048,'2016-06-02T09:20:46.000Z',0),
(8686,20207,8048,'2016-06-02T09:20:46.000Z',0),
(8577,20209,1800,'Trait',0),
(8627,20210,8048,'2016-06-02T09:20:46.000Z',0),
(8687,20211,8048,'2016-06-02T09:20:46.000Z',0),
(8578,20213,1800,'Trait',0),
(8628,20214,8048,'2016-06-02T09:20:46.000Z',0),
(8688,20215,8048,'2016-06-02T09:20:46.000Z',0),
(8579,20217,1800,'Trait',0),
(8629,20218,8048,'2016-06-02T09:20:46.000Z',0),
(8689,20219,8048,'2016-06-02T09:20:46.000Z',0),
(8580,20221,1800,'Trait',0),
(8630,20222,8048,'2016-06-02T09:20:46.000Z',0),
(8690,20223,8048,'2016-06-02T09:20:46.000Z',0),
(8581,20225,1800,'Trait',0),
(8631,20226,8048,'2016-06-02T09:20:46.000Z',0),
(8691,20227,8048,'2016-06-02T09:20:46.000Z',0),
(8582,20229,1800,'Trait',0),
(8632,20230,8048,'2016-06-02T09:20:46.000Z',0),
(8692,20231,8048,'2016-06-02T09:20:46.000Z',0),
(8583,20233,1800,'Trait',0),
(8633,20234,8048,'2016-06-02T09:20:46.000Z',0),
(8693,20235,8048,'2016-06-02T09:20:46.000Z',0),
(8584,20237,1800,'Trait',0),
(8634,20238,8048,'2016-06-02T09:20:46.000Z',0),
(8694,20239,8048,'2016-06-02T09:20:46.000Z',0),
(8724,20240,8048,'2016-06-02T09:20:46.000Z',0),
(8585,20241,1800,'Trait',0),
(8635,20242,8048,'2016-06-02T09:20:46.000Z',0),
(8695,20243,8048,'2016-06-02T09:20:46.000Z',0),
(8586,20245,1800,'Trait',0),
(8636,20246,8048,'2016-06-02T09:20:46.000Z',0),
(8696,20247,8048,'2016-06-02T09:20:46.000Z',0),
(8725,20248,8048,'2016-06-02T09:20:46.000Z',0),
(8587,20249,1800,'Trait',0),
(8637,20252,8048,'2016-06-02T09:20:46.000Z',0),
(8697,20253,8048,'2016-06-02T09:20:46.000Z',0),
(8726,20254,8048,'2016-06-02T09:20:46.000Z',0),
(8588,20255,1800,'Trait',0),
(8698,20262,8048,'2016-06-02T09:20:46.000Z',0),
(8589,20264,1800,'Trait',0),
(8638,20265,8048,'2016-06-02T09:20:46.000Z',0),
(8699,20266,8048,'2016-06-02T09:20:46.000Z',0),
(8590,20268,1800,'Trait',0),
(8639,20269,8048,'2016-06-02T09:20:46.000Z',0),
(8700,20270,8048,'2016-06-02T09:20:46.000Z',0),
(8727,20271,8048,'2016-06-02T09:20:46.000Z',0),
(8591,20272,1800,'Trait',0),
(8728,20275,8048,'2016-06-02T09:20:46.000Z',0),
(8592,20276,1800,'Trait',0),
(8701,20278,8048,'2016-06-02T09:20:46.000Z',0),
(8729,20279,8048,'2016-06-02T09:20:46.000Z',0),
(8593,20280,1800,'Trait',0),
(8640,20281,8048,'2016-06-02T09:20:46.000Z',0),
(8702,20282,8048,'2016-06-02T09:20:46.000Z',0),
(8594,20284,1800,'Trait',0),
(8641,20290,8048,'2016-06-02T09:20:46.000Z',0),
(8595,20293,1800,'Trait',0),
(8642,20299,8048,'2016-06-02T09:20:46.000Z',0),
(8703,20300,8048,'2016-06-02T09:20:46.000Z',0),
(8730,20301,8048,'2016-06-02T09:20:46.000Z',0),
(8596,20302,1800,'Trait',0),
(8643,20308,8048,'2016-06-02T09:20:46.000Z',0),
(8704,20309,8048,'2016-06-02T09:20:46.000Z',0),
(8597,20311,1800,'Trait',0),
(8644,20312,8048,'2016-06-02T09:20:46.000Z',0),
(8705,20313,8048,'2016-06-02T09:20:46.000Z',0),
(8598,20315,1800,'Trait',0),
(8731,20345,8048,'2016-06-02T09:20:46.000Z',0),
(8732,20346,8048,'2016-06-02T09:20:46.000Z',0),
(8733,20347,8048,'2016-06-02T09:20:46.000Z',0),
(8734,20348,8048,'2016-06-02T09:20:46.000Z',0),
(8735,20349,8048,'2016-06-02T09:20:46.000Z',0),
(8736,20350,8048,'2016-06-02T09:20:46.000Z',0),
(8737,20351,8048,'2016-06-02T09:20:46.000Z',0),
(8738,20352,8048,'2016-06-02T09:20:46.000Z',0),
(8739,20353,8048,'2016-06-02T09:20:46.000Z',0),
(8740,20354,8048,'2016-06-02T09:20:46.000Z',0),
(8741,20355,8048,'2016-06-02T09:20:46.000Z',0),
(8742,20356,8048,'2016-06-02T09:20:46.000Z',0),
(8743,20357,8048,'2016-06-02T09:20:46.000Z',0),
(8744,20358,8048,'2016-06-02T09:20:46.000Z',0),
(8745,20359,8048,'2016-06-02T09:20:46.000Z',0),
(8746,20360,8048,'2016-06-02T09:20:46.000Z',0),
(8747,20361,8048,'2016-06-02T09:20:46.000Z',0),
(8748,20362,8048,'2016-06-02T09:20:46.000Z',0),
(8749,20363,8048,'2016-06-02T09:20:46.000Z',0),
(8750,20364,8048,'2016-06-02T09:20:46.000Z',0),
(8751,20365,8048,'2016-06-02T09:20:46.000Z',0),
(8752,20366,8048,'2016-06-02T09:20:46.000Z',0),
(8753,20367,8048,'2016-06-02T09:20:46.000Z',0),
(8754,20368,8048,'2016-06-02T09:20:46.000Z',0),
(8755,20369,8048,'2016-06-02T09:20:46.000Z',0),
(8756,20370,8048,'2016-06-02T09:20:46.000Z',0);
                                                                                                                                    
UNLOCK TABLES;                                                                                                                      
                                                                                                                                    
/*Data for the table `cvtermsynonym` */                                                                                             
                                                                                                                                    
LOCK TABLES `cvtermsynonym` WRITE;                                                                                                  
                                                                                                                                    
UNLOCK TABLES;                                                                                                                      
                                                                                                                                    
/*Data for the table `variable_overrides` */                                                                                        
                                                                                                                                    
LOCK TABLES `variable_overrides` WRITE;                                                                                             
                                                                                                                                    
UNLOCK TABLES;                                                                                                                      
                                                                                                                                    
/*!40101 SET SQL_MODE=@OLD_SQL_MODE */;                                                                                             
/*!40014 SET FOREIGN_KEY_CHECKS=@OLD_FOREIGN_KEY_CHECKS */;                                                                         
/*!40014 SET UNIQUE_CHECKS=@OLD_UNIQUE_CHECKS */;                                                                                   
/*!40111 SET SQL_NOTES=@OLD_SQL_NOTES */;                                                                                           
