-- MySQL dump 10.13  Distrib 5.5.23, for Win32 (x86)
--
-- Host: localhost    Database: ibdbv2_sunflower_merged
-- ------------------------------------------------------
-- Server version	5.5.23-log

/*!40101 SET @OLD_CHARACTER_SET_CLIENT=@@CHARACTER_SET_CLIENT */;
/*!40101 SET @OLD_CHARACTER_SET_RESULTS=@@CHARACTER_SET_RESULTS */;
/*!40101 SET @OLD_COLLATION_CONNECTION=@@COLLATION_CONNECTION */;
/*!40101 SET NAMES utf8 */;
/*!40103 SET @OLD_TIME_ZONE=@@TIME_ZONE */;
/*!40103 SET TIME_ZONE='+00:00' */;
/*!40014 SET @OLD_UNIQUE_CHECKS=@@UNIQUE_CHECKS, UNIQUE_CHECKS=0 */;
/*!40014 SET @OLD_FOREIGN_KEY_CHECKS=@@FOREIGN_KEY_CHECKS, FOREIGN_KEY_CHECKS=0 */;
/*!40101 SET @OLD_SQL_MODE=@@SQL_MODE, SQL_MODE='NO_AUTO_VALUE_ON_ZERO' */;
/*!40111 SET @OLD_SQL_NOTES=@@SQL_NOTES, SQL_NOTES=0 */;

--
-- Dumping data for table `project`
--

LOCK TABLES `project` WRITE;
/*!40000 ALTER TABLE `project` DISABLE KEYS */;
INSERT INTO `project` (`project_id`, `name`, `description`) VALUES
(2,'Templates','Trial and Nursery Templates'),
(3,'Basic Trial Template','Basic Trial Template'),
(4,'Basic Trial Template-ENVIRONMENT','ENVIRONMENT_Basic Trial Template'),
(5,'Basic Trial Template-PLOTDATA','MEASUREMENT EFECT_Basic Trial Template'),
(6,'Basic nursery template','Basic nursery template'),
(7,'Basic nursery template-ENVIRONMENT','ENVIRONMENT_Basic nursery template'),
(8,'Basic nursery template-PLOTDATA','MEASUREMENT EFECT_Basic nursery template');
/*!40000 ALTER TABLE `project` ENABLE KEYS */;
UNLOCK TABLES;

--
-- Dumping data for table `project_relationship`
--

LOCK TABLES `project_relationship` WRITE;
/*!40000 ALTER TABLE `project_relationship` DISABLE KEYS */;
INSERT INTO `project_relationship` (`project_relationship_id`, `subject_project_id`, `object_project_id`, `type_id`) VALUES
(1,2,1,1140),
(2,3,2,1145),
(4,4,3,1150),
(5,5,3,1150),
(3,6,2,1145),
(6,7,6,1150),
(7,8,6,1150);
/*!40000 ALTER TABLE `project_relationship` ENABLE KEYS */;
UNLOCK TABLES;

--
-- Dumping data for table `projectprop`
--

LOCK TABLES `projectprop` WRITE;
/*!40000 ALTER TABLE `projectprop` DISABLE KEYS */;
INSERT INTO `projectprop` (`projectprop_id`, `project_id`, `type_id`, `value`, `rank`) VALUES
(1,3,1805,'STUDY',1),
(2,3,1060,'STUDY NAME',1),
(3,3,1070,'8005',1),
(4,3,1805,'TITLE',2),
(5,3,1060,'TITLE ASSIGNED',2),
(6,3,1070,'8007',2),
(7,3,1805,'PMKEY',3),
(8,3,1060,'PROJECT MANAGEMENT KEY',3),
(9,3,1070,'8040',3),
(10,3,8040,'0',3),
(11,3,1805,'OBJECTIVE',4),
(12,3,1060,'OBJECTIVE DESCRIBED',4),
(13,3,1070,'8030',4),
(14,3,8030,'Provide templates to start creating trials and nurseries',4),
(15,3,1805,'START DATE',5),
(16,3,1060,'STUDY START DATE',5),
(17,3,1070,'8050',5),
(18,3,8050,'20140627',5),
(19,3,1805,'END DATE',6),
(20,3,1060,'STUDY END DATE',6),
(21,3,1070,'8060',6),
(22,3,8060,'20140627',6),
(23,3,1805,'STUDY TYPE',7),
(24,3,1060,'TYPE OF STUDY',7),
(25,3,1070,'8070',7),
(26,3,8070,'10010',7),
(27,3,1805,'STUDY UID',8),
(28,3,1060,'STUDY USER ID',8),
(29,3,1070,'8020',8),
(30,3,8020,NULL,8),
(31,3,1805,'STUDY_STATUS',9),
(32,3,1060,'Study status (1=active, 2=private, 3=locked, 9=deleted)',9),
(33,3,1070,'8006',9),
(34,3,8006,'12960',9),
(35,3,1805,'PI_NAME',10),
(36,3,1060,'Name of the Principal Investigator',10),
(37,3,1070,'8100',10),
(38,3,8100,NULL,10),
(39,3,1805,'PI_ID',11),
(40,3,1060,'ID of the Principal Investigator',11),
(41,3,1070,'8110',11),
(42,3,8110,NULL,11),
(43,3,1805,'STUDY_UPDATE',12),
(44,3,1060,'Date the study was last updated',12),
(45,3,1070,'8009',12),
(46,3,8009,'20140724',12),
(47,4,1805,'DATASET',1),
(48,4,1060,'DATASET NAME',1),
(49,4,1070,'8150',1),
(50,4,1805,'DATASET TITLE',2),
(51,4,1060,'DATASET TITLE',2),
(52,4,1070,'8155',2),
(53,4,1805,'DATASET_TYPE',3),
(54,4,1060,'Dataset type',3),
(55,4,1070,'8160',3),
(56,4,8160,'10080',3),
(57,4,1806,'TRIAL',4),
(58,4,1060,'TRIAL NUMBER',4),
(59,4,1070,'8170',4),
(60,4,1806,'COOPERATOR',5),
(61,4,1060,'COOPERATOR NAME',5),
(62,4,1070,'8373',5),
(63,4,1806,'COOPERATOR_ID',6),
(64,4,1060,'COOPERATOR ID',6),
(65,4,1070,'8372',6),
(66,4,1806,'SITE',7),
(67,4,1060,'TRIAL SITE NAME',7),
(68,4,1070,'8180',7),
(69,4,1806,'SITE_ID',8),
(70,4,1060,'TRIAL SITE ID',8),
(71,4,1070,'8190',8),
(72,4,1802,'SITE_SOIL_PH',9),
(73,4,1060,'Soil acidity - ph meter (pH)',9),
(74,4,1070,'8270',9),
(75,5,1805,'DATASET',1),
(76,5,1060,'DATASET NAME',1),
(77,5,1070,'8150',1),
(78,5,1805,'DATASET TITLE',2),
(79,5,1060,'DATASET TITLE',2),
(80,5,1070,'8155',2),
(81,5,1805,'DATASET_TYPE',3),
(82,5,1060,'Dataset type',3),
(83,5,1070,'8160',3),
(84,5,8160,'10090',3),
(85,5,1806,'TRIAL',4),
(86,5,1060,'TRIAL NUMBER',4),
(87,5,1070,'8170',4),
(88,5,1804,'ENTRY',8),
(89,5,1060,'The germplasm entry number',8),
(90,5,1070,'8230',8),
(91,5,1804,'DESIGNATION',9),
(92,5,1060,'The name of the germplasm',9),
(93,5,1070,'8250',9),
(94,5,1804,'GID',10),
(95,5,1060,'The GID of the germplasm',10),
(96,5,1070,'8240',10),
(97,5,1804,'CROSS',11),
(98,5,1060,'The pedigree string of the germplasm',11),
(99,5,1070,'8377',11),
(100,5,1804,'SOURCE',12),
(101,5,1060,'The seed source of the germplasm',12),
(102,5,1070,'8378',12),
(103,5,1804,'ENTRY_CODE',13),
(104,5,1060,'Germplasm entry code',13),
(105,5,1070,'8300',13),
(106,5,1810,'PLOT',14),
(107,5,1060,'Plot number of test',14),
(108,5,1070,'8200',14),
(109,5,1810,'REP',16),
(110,5,1060,'REPLICATION',16),
(111,5,1070,'8210',16),
(112,5,1810,'BLOCK',17),
(113,5,1060,'INCOMPLETE BLOCK',17),
(114,5,1070,'8220',17),
(118,5,1808,'ASz_E_1to3',18),
(119,5,1060,'Achene size BY Achene size - Estimation IN 1-3 SIZE scale',18),
(120,5,1070,'20052',18),
(121,5,1808,'Brnch_E_0to1',20),
(122,5,1060,'Plant branching presence BY Plant branching presence IN Absent/present scale',20),
(123,5,1070,'20249',20),
(124,5,1808,'AgrScr_E_1to5',21),
(125,5,1060,'Plant phenotypic acceptability BY Phenotypic acceptability - Estimation IN 1-5 General scoring scale',21),
(126,5,1070,'20284',21),
(127,5,1808,'NOTES',22),
(128,5,1060,'BREEDERS NOTES',22),
(129,5,1070,'8390',22),
(130,8,1808,'Flw_R51date_ymd',19),
(131,8,1060,'Flowering time BY Initiation of flowering date - Estimation IN Date (yymmdd)',19),
(132,8,1070,'20123',19),
(151,6,1805,'STUDY',1),
(152,6,1060,'STUDY NAME',1),
(153,6,1070,'8005',1),
(154,6,1805,'TITLE',2),
(155,6,1060,'TITLE ASSIGNED',2),
(156,6,1070,'8007',2),
(157,6,1805,'PMKEY',3),
(158,6,1060,'PROJECT MANAGEMENT KEY',3),
(159,6,1070,'8040',3),
(160,6,8040,'0',3),
(161,6,1805,'OBJECTIVE',4),
(162,6,1060,'OBJECTIVE DESCRIBED',4),
(163,6,1070,'8030',4),
(164,6,8030,'Provide templates to start creating trials and nurseries',4),
(165,6,1805,'START DATE',5),
(166,6,1060,'STUDY START DATE',5),
(167,6,1070,'8050',5),
(168,6,8050,'20140627',5),
(169,6,1805,'END DATE',6),
(170,6,1060,'STUDY END DATE',6),
(171,6,1070,'8060',6),
(172,6,8060,'20140627',6),
(173,6,1805,'STUDY TYPE',7),
(174,6,1060,'TYPE OF STUDY',7),
(175,6,1070,'8070',7),
(176,6,8070,'10000',7),
(177,6,1805,'STUDY UID',8),
(178,6,1060,'STUDY USER ID',8),
(179,6,1070,'8020',8),
(180,6,8020,NULL,8),
(181,6,1805,'STUDY_STATUS',9),
(182,6,1060,'Study status (1=active, 2=private, 3=locked, 9=deleted)',9),
(183,6,1070,'8006',9),
(184,6,8006,'12960',9),
(185,6,1805,'STUDY_UPDATE',10),
(186,6,1060,'Date the study was last updated',10),
(187,6,1070,'8009',10),
(188,6,8009,'20140724',10),
(189,6,1805,'PI_NAME',11),
(190,6,1060,'Name of the Principal Investigator',11),
(191,6,1070,'8100',11),
(192,6,8100,NULL,11),
(193,6,1805,'PI_ID',12),
(194,6,1060,'ID of the Principal Investigator',12),
(195,6,1070,'8110',12),
(196,6,8110,NULL,12),
(197,6,1805,'BREEDING_METHOD',13),
(198,6,1060,'Breeding method to be applied to this nursery',13),
(199,6,1070,'8256',13),
(200,6,8256,NULL,13),
(201,6,1805,'BREEDING_METHOD_ID',14),
(202,6,1060,'ID of Breeding method',14),
(203,6,1070,'8257',14),
(204,6,8257,NULL,14),
(205,7,1805,'DATASET',1),
(206,7,1060,'DATASET NAME',1),
(207,7,1070,'8150',1),
(208,7,1805,'DATASET TITLE',2),
(209,7,1060,'DATASET TITLE',2),
(210,7,1070,'8155',2),
(211,7,1805,'DATASET_TYPE',3),
(212,7,1060,'Dataset type',3),
(213,7,1070,'8160',3),
(214,7,8160,'10080',3),
(215,7,1806,'NID',4),
(216,7,1060,'TRIAL NUMBER',4),
(217,7,1070,'8170',4),
(218,7,1806,'SITE',15),
(219,7,1060,'NURSERY SITE NAME',15),
(220,7,1070,'8180',15),
(221,7,8180,NULL,15),
(222,7,1806,'SITE_ID',16),
(223,7,1060,'NURSERY SITE ID',16),
(224,7,1070,'8190',16),
(225,7,8190,NULL,16),
(226,8,1805,'DATASET',1),
(227,8,1060,'DATASET NAME',1),
(228,8,1070,'8150',1),
(229,8,1805,'DATASET TITLE',2),
(230,8,1060,'DATASET TITLE',2),
(231,8,1070,'8155',2),
(232,8,1805,'DATASET_TYPE',3),
(233,8,1060,'Dataset type',3),
(234,8,1070,'8160',3),
(235,8,8160,'10090',3),
(236,8,1806,'NID',4),
(237,8,1060,'TRIAL NUMBER',4),
(238,8,1070,'8170',4),
(239,8,1804,'ENTRY',5),
(240,8,1060,'ENTRY NUMBER',5),
(241,8,1070,'8230',5),
(242,8,1804,'DESIGNATION',6),
(243,8,1060,'ENTRY DESIGNATION',6),
(244,8,1070,'8250',6),
(245,8,1804,'GID',7),
(246,8,1060,'GERMPLASM ID',7),
(247,8,1070,'8240',7),
(248,8,1804,'CROSS',8),
(249,8,1060,'The pedigree string of the germplasm',8),
(250,8,1070,'8377',8),
(251,8,1804,'SOURCE',9),
(252,8,1060,'The seed source of the germplasm',9),
(253,8,1070,'8378',9),
(254,8,1804,'CHECK',10),
(255,8,1060,'TYPE OF ENTRY',10),
(256,8,1070,'8255',10),
(257,8,1810,'PLOT',11),
(258,8,1060,'PLOT NUMBER',11),
(259,8,1070,'8200',11),
(260,8,1807,'NPSEL',13),
(261,8,1060,'Plants Selected',13),
(262,8,1070,'8263',13),
(263,8,1808,'ACol_E_1to5',14),
(264,8,1060,'Achene colour BY Seed colour - Estimation IN Achene Colour scale',14),
(265,8,1070,'20003',14),
(266,8,1808,'AOilC_M_pct',15),
(267,8,1060,'Achene oil content BY Achene oil content - Measurement IN %',15),
(268,8,1070,'20040',15),
(269,8,1808,'AYld_FW_kgha',16),
(270,8,1060,'Achene yield BY Achene yield (Fresh weight) - Measurement IN kg/ha',16),
(271,8,1070,'20083',16),
(272,8,1808,'BM_M_gPlot',17),
(273,8,1060,'Biomass yield BY Biomass yield (Plot weight) - Measurement IN g/plot',17),
(274,8,1070,'20095',17),
(275,8,1808,'Flw_R51date_ymd',18),
(276,8,1060,'Flowering time BY Initiation of flowering date - Estimation IN Date (yymmdd)',18),
(277,8,1070,'20123',18),
(281,8,1808,'WtrLogTol_E_1to5',20),
(282,8,1060,'Waterlogging tolerance BY Waterlogging tolerance - Estimation IN 1-5 Tolerance scale',20),
(283,8,1070,'20315',20),
(284,8,1808,'NOTES',21),
(285,8,1060,'BREEDERS NOTES',21),
(286,8,1070,'8390',21),
(290,8,1060,'Field plot id - assigned (text)',12),
(291,8,1070,'8201',12),
(292,8,1804,'PLOT_ID',12),
(293,5,1060,'Field plot id - assigned (text)',15),
(294,5,1070,'8201',15),
(295,5,1804,'PLOT_ID',15);

/*!40000 ALTER TABLE `projectprop` ENABLE KEYS */;
UNLOCK TABLES;
/*!40103 SET TIME_ZONE=@OLD_TIME_ZONE */;

/*!40101 SET SQL_MODE=@OLD_SQL_MODE */;
/*!40014 SET FOREIGN_KEY_CHECKS=@OLD_FOREIGN_KEY_CHECKS */;
/*!40014 SET UNIQUE_CHECKS=@OLD_UNIQUE_CHECKS */;
/*!40101 SET CHARACTER_SET_CLIENT=@OLD_CHARACTER_SET_CLIENT */;
/*!40101 SET CHARACTER_SET_RESULTS=@OLD_CHARACTER_SET_RESULTS */;
/*!40101 SET COLLATION_CONNECTION=@OLD_COLLATION_CONNECTION */;
/*!40111 SET SQL_NOTES=@OLD_SQL_NOTES */;

-- Dump completed on 2014-08-11 11:15:32
