/*                                                                                                                                  
SQLyog Community v11.28 (64 bit)                                                                                                    
MySQL - 5.6.27 : Database - curated_new_om                                                                                          
*********************************************************************                                                               
*/                                                                                                                                 
                                                                                                                                    
/*!40101 SET NAMES utf8 */;                                                                                                         
                                                                                                                                    
/*!40101 SET SQL_MODE=''*/;                                                                                                         
                                                                                                                                    
/*!40014 SET @OLD_UNIQUE_CHECKS=@@UNIQUE_CHECKS, UNIQUE_CHECKS=0 */;                                                                
/*!40014 SET @OLD_FOREIGN_KEY_CHECKS=@@FOREIGN_KEY_CHECKS, FOREIGN_KEY_CHECKS=0 */;                                                 
/*!40101 SET @OLD_SQL_MODE=@@SQL_MODE, SQL_MODE='NO_AUTO_VALUE_ON_ZERO' */;                                                         
/*!40111 SET @OLD_SQL_NOTES=@@SQL_NOTES, SQL_NOTES=0 */;                                                                            
/*Data for the table `project` */                                                                                                   
                                                                                                                                    
insert  into `project`(`project_id`,`name`,`description`,`program_uuid`) values
(25000,'Templates','Trial and Nursery Templates',NULL),
(25001,'Basic Trial Template','Basic Trial Template',NULL),
(25002,'Basic Trial Template-ENVIRONMENT','ENVIRONMENT_Basic Trial Template',NULL),
(25003,'Basic Trial Template-PLOTDATA','MEASUREMENT EFECT_Basic Trial Template',NULL),
(25004,'Basic nursery template','Basic nursery template',NULL),
(25005,'Basic nursery template-ENVIRONMENT','ENVIRONMENT_Basic nursery template',NULL),
(25006,'Basic nursery template-PLOTDATA','MEASUREMENT EFECT_Basic nursery template',NULL);
                                                                                                                                    
/*Data for the table `project_relationship` */                                                                                      
                                                                                                                                    
insert  into `project_relationship`(`project_relationship_id`,`subject_project_id`,`object_project_id`,`type_id`) values
(25000,25000,1,1140),
(25001,25001,25000,1145),
(25002,25002,25001,1150),
(25003,25003,25001,1150),
(25004,25004,25000,1145),
(25005,25005,25004,1150),
(25006,25006,25004,1150);
                                                                                                                                    
/*Data for the table `projectprop` */                                                                                               
                                                                                                                                    
insert  into `projectprop`(`projectprop_id`,`project_id`,`type_id`,`value`,`rank`) values
(25000,25001,1805,'STUDY',1),
(25001,25001,1060,'STUDY NAME',1),
(25002,25001,1070,'8005',1),
(25003,25001,1805,'TITLE',2),
(25004,25001,1060,'TITLE ASSIGNED',2),
(25005,25001,1070,'8007',2),
(25006,25001,1805,'PMKEY',3),
(25007,25001,1060,'PROJECT MANAGEMENT KEY',3),
(25008,25001,1070,'8040',3),
(25009,25001,8040,'0',3),
(25010,25001,1805,'OBJECTIVE',4),
(25011,25001,1060,'OBJECTIVE DESCRIBED',4),
(25012,25001,1070,'8030',4),
(25013,25001,8030,'Provide templates to start creating trials and nurseries',4),
(25014,25001,1805,'START DATE',5),
(25015,25001,1060,'STUDY START DATE',5),
(25016,25001,1070,'8050',5),
(25017,25001,8050,'20140627',5),
(25018,25001,1805,'END DATE',6),
(25019,25001,1060,'STUDY END DATE',6),
(25020,25001,1070,'8060',6),
(25021,25001,8060,'20140627',6),
(25022,25001,1805,'STUDY TYPE',7),
(25023,25001,1060,'TYPE OF STUDY',7),
(25024,25001,1070,'8070',7),
(25025,25001,8070,'10010',7),
(25026,25001,1805,'STUDY UID',8),
(25027,25001,1060,'STUDY USER ID',8),
(25028,25001,1070,'8020',8),
(25029,25001,8020,NULL,8),
(25034,25001,1805,'PI_NAME',10),
(25035,25001,1060,'Name of the Principal Investigator',10),
(25036,25001,1070,'8100',10),
(25037,25001,8100,NULL,10),
(25038,25001,1805,'PI_ID',11),
(25039,25001,1060,'ID of the PrincipalInvestigator',11),
(25040,25001,1070,'8110',11),
(25041,25001,8110,NULL,11),
(25042,25001,1805,'STUDY_UPDATE',12),
(25043,25001,1060,'Date the study was last updated',12),
(25044,25001,1070,'8009',12),
(25045,25001,8009,'20140724',12),
(25046,25002,1805,'DATASET',1),
(25047,25002,1060,'DATASET NAME',1),
(25048,25002,1070,'8150',1),
(25049,25002,1805,'DATASET TITLE',2),
(25050,25002,1060,'DATASET TITLE',2),
(25051,25002,1070,'8155',2),
(25052,25002,1805,'DATASET_TYPE',3),
(25053,25002,1060,'Dataset type',3),
(25054,25002,1070,'8160',3),
(25055,25002,8160,'10080',3),
(25056,25002,1806,'TRIAL_INSTANCE',4),
(25057,25002,1060,'TRIAL NUMBER',4),
(25058,25002,1070,'8170',4),
(25059,25002,1806,'COOPERATOR',5),
(25060,25002,1060,'COOPERATOR NAME',5),
(25061,25002,1070,'8373',5),
(25062,25002,1806,'COOPERATOR_ID',6),
(25063,25002,1060,'COOPERATOR ID',6),
(25064,25002,1070,'8372',6),
(25065,25002,1806,'SITE',7),
(25066,25002,1060,'TRIAL SITE NAME',7),
(25067,25002,1070,'8180',7),
(25068,25002,1806,'SITE_ID',8),
(25069,25002,1060,'TRIAL SITE ID',8),
(25070,25002,1070,'8190',8),
(25071,25002,1802,'SITE_SOIL_PH',9),
(25072,25002,1060,'Soil acidity - ph meter (pH)',9),
(25073,25002,1070,'8270',9),
(25074,25003,1805,'DATASET_NAME',1),
(25075,25003,1060,'DATASET NAME',1),
(25076,25003,1070,'8150',1),
(25077,25003,1805,'DATASET TITLE',2),
(25078,25003,1060,'DATASET TITLE',2),
(25079,25003,1070,'8155',2),
(25080,25003,1805,'DATASET_TYPE',3),
(25081,25003,1060,'Dataset type',3),
(25082,25003,1070,'8160',3),
(25083,25003,8160,'10090',3),
(25084,25003,1806,'TRIAL_INSTANCE',4),
(25085,25003,1060,'TRIAL NUMBER',4),
(25086,25003,1070,'8170',4),
(25087,25003,1804,'ENTRY_NO',8),
(25088,25003,1060,'The germplasm entry number',8),
(25089,25003,1070,'8230',8),
(25090,25003,1804,'DESIGNATION',9),
(25091,25003,1060,'The name of the germplasm',9),
(25092,25003,1070,'8250',9),
(25093,25003,1804,'GID',10),
(25094,25003,1060,'The GID of the germplasm',10),
(25095,25003,1070,'8240',10),
(25096,25003,1804,'CROSS',11),
(25097,25003,1060,'Thepedigree string of the germplasm',11),
(25098,25003,1070,'8377',11),
(25099,25003,1804,'SOURCE',12),
(25100,25003,1060,'The seed source of the germplasm',12),
(25101,25003,1070,'8378',12),
(25102,25003,1804,'ENTRY_CODE',13),
(25103,25003,1060,'Germplasm entry code',13),
(25104,25003,1070,'8300',13),
(25105,25003,1810,'PLOT_NO',14),
(25106,25003,1060,'Plot number of test',14),
(25107,25003,1070,'8200',14),
(25108,25003,1810,'REP_NO',15),
(25109,25003,1060,'REPLICATION',15),
(25110,25003,1070,'8210',15),
(25111,25003,1810,'BLOCK_NO',16),
(25112,25003,1060,'INCOMPLETE BLOCK',16),
(25113,25003,1070,'8220',16),
(25114,25003,1808,'Ant_DT_day',18),
(25115,25003,1060,'Anthesistime BY Days to anthesis - Computation IN Day',18),
(25116,25003,1070,'20307',18),
(25117,25003,1808,'ASI_Cmp_day',19),
(25118,25003,1060,'Anthesis silking interval BY ASI - Computation IN Day',19),
(25119,25003,1070,'20308',19),
(25120,25003,1808,'ChiloDmg_E_1to5',20),
(25121,25003,1060,'Chilo damage BY ChiloDmg - Estimation IN 1-5 damage scoring scale',20),
(25122,25003,1070,'20309',20),
(25123,25003,1808,'CRustSev_E_1to5',21),
(25124,25003,1060,'Common rust severity BY CRustSev - Estimation IN 1-5 disease scoring scale',21),
(25125,25003,1070,'20310',21),
(25126,25003,1808,'CSmutSev_E_1to5',22),
(25127,25003,1060,'Commonsmut severity BY CSmutSev - Estimation IN 1-5 disease scoring scale',22),
(25128,25003,1070,'20311',22),
(25129,25003,1808,'CSCInc_Cmp_pct',23),
(25130,25003,1060,'Corn stuntincidence BY CSCInc - Computation IN %',23),
(25131,25003,1070,'20312',23),
(25132,25003,1808,'CLSSev_E_1to5',24),
(25133,25003,1060,'Curvularia leaf spot severity BY CLSSev - Estimation IN 1-5 disease scoring scale',24),
(25134,25003,1070,'20313',24),
(25135,25003,1808,'EAsp_E_1to5',25),
(25136,25003,1060,'Ear aspect BY EAsp - Estimation IN 1-5 rating scale',25),
(25137,25003,1070,'20314',25),
(25138,25003,1808,'EDmg_E_1to5',26),
(25139,25003,1060,'Ear damage BY EDmg - Estimation IN 1-5 damage scoring scale',26),
(25140,25003,1070,'20315',26),
(25141,25003,1808,'EH_M_cm',27),
(25142,25003,1060,'Ear height BY EH - Measurement IN Cm',27),
(25143,25003,1070,'20316',27),
(25144,25003,1808,'EndoHard_E_1to5',28),
(25145,25003,1060,'Endosperm hardness BY EndoHard - Estimation IN 1-5 Endosperm hardnessscale',28),
(25146,25003,1070,'20317',28),
(25147,25003,1808,'EPo_Cmp_ratio',29),
(25148,25003,1060,'Ear position BY EPo - ComputationIN Ear position ratio',29),
(25149,25003,1070,'20318',29),
(25153,25003,1808,'FusERSev_E_1to5',31),
(25154,25003,1060,'Fusarium ear rot severity BY FusERSev - Estimation IN 1-5 disease scoring scale',31),
(25155,25003,1070,'20320',31),
(25156,25003,1808,'FmonERSev_E_1to5',32),
(25157,25003,1060,'Fusarium moniliforme ear rot severity BY FmonERSev - Estimation IN 1-5 disease scoring scale',32),
(25158,25003,1070,'20321',32),
(25159,25003,1808,'FmonSRSev_E_1to5',33),
(25160,25003,1060,'Fusariummoniliforme stalk rotseverity BY FmonSRSev -Estimation IN 1-5 disease scoring scale',33),
(25161,25003,1070,'20322',33),
(25165,25003,1808,'FungDis_E_text',35),
(25166,25003,1060,'Fungal disease presence BY FungDis - Estimation IN Text',35),
(25167,25003,1070,'20324',35),
(25168,25003,1808,'GLSSev_E_1to5',36),
(25169,25003,1060,'Gray leaf spot severity BY GLSSev - Estimation IN 1-5 disease scoringscale',36),
(25170,25003,1070,'20325',36),
(25171,25003,1808,'GCol_E_1to9',37),
(25172,25003,1060,'Grain color BY GCol - Estimation IN1-9 Grain color scale',37),
(25173,25003,1070,'20326',37),
(25174,25003,1808,'GTex_E_1to5',38),
(25175,25003,1060,'Grain texture BY GTex - Estimation IN 1-5 Grain texture scale',38),
(25176,25003,1070,'20327',38),
(25177,25003,1808,'GY_Adj_tha',39),
(25178,25003,1060,'Grain yield BY Adjusted GY - Computation INT/ha',39),
(25179,25003,1070,'20328',39),
(25180,25003,1808,'HSmutSev_E_1to5',40),
(25181,25003,1060,'Head smut severity BY HSmutSev -Estimation IN 1-5 disease scoring scale',40),
(25182,25003,1070,'20329',40),
(25183,25003,1808,'GRArr_E_1to4',41),
(25184,25003,1060,'Grain row arrangement BY GRArr - Estimation IN1-4 Grain row arrangement scale',41),
(25185,25003,1070,'20330',41),
(25186,25003,1808,'GRN_Ct_rowear',42),
(25187,25003,1060,'Grain row number BY GCol - Estimation IN Row/ear',42),
(25188,25003,1070,'20331',42),
(25189,25003,1808,'GTyp_E_1to11',43),
(25190,25003,1060,'Grain type BY GTyp - Estimation IN 1-11 Grain type scale',43),
(25191,25003,1070,'20332',43),
(25192,25003,1808,'LRollSev_E_1to5',44),
(25193,25003,1060,'Leaf rolling severity BY LRollSev - Estimation IN 1-5 Leaf rolling severity scale',44),
(25194,25003,1070,'20333',44),
(25195,25003,1808,'Mat_DT_day',45),
(25196,25003,1060,'Maturity time BY Days to maturity - Computation IN Day',45),
(25197,25003,1070,'20334',45),
(25198,25003,1808,'DMSev_E_1to5',46),
(25199,25003,1060,'Downy mildew severity BY DMSev - Estimation IN 1-5 disease scoring scale',46),
(25200,25003,1070,'20335',46),
(25201,25003,1808,'BmaySev_E_1to5',47),
(25202,25003,1060,'Maydis leaf blight severity BY BmaySev - EstimationIN 1-5 disease scoring scale',47),
(25203,25003,1070,'20336',47),
(25204,25003,1808,'GMoi_Cmp_pct',48),
(25205,25003,1060,'Grain moisture BY GMoi - Computation IN %',48),
(25206,25003,1070,'20337',48),
(25207,25003,1808,'EturcSev_E_1to5',49),
(25208,25003,1060,'Turcicum leaf blight severity BY EturcSev - Estimation IN 1-5 disease scoring scale',49),
(25209,25003,1070,'20338',49),
(25210,25003,1808,'PStand_Ct_plntPlot',50),
(25211,25003,1060,'Plant stand BY PStand- Counting IN Plant/plot',50),
(25212,25003,1070,'20339',50),
(25213,25003,1808,'BHskCovInc_E_pct',51),
(25214,25003,1060,'Ear bad husk cover incidence BY BHskCovInc - Estimation IN %',51),
(25215,25003,1070,'20340',51),
(25216,25003,1808,'DMVSev_Ct_plntPlot',52),
(25217,25003,1060,'Maize dwarf mosaic virus severity BY DMVSev - Estimation IN 1-5 disease scoring scale',52),
(25218,25003,1070,'20341',52),
(25222,25003,1808,'PHTslB_M_cm',54),
(25223,25003,1060,'Plant height to insertion of first tassel branch BY PHTslB - Measurement IN Cm',54),
(25224,25003,1070,'20343',54),
(25225,25003,1808,'PAsp_E_1to5',55),
(25226,25003,1060,'Plant aspect BY PAsp - Estimation IN1-5 rating scale',55),
(25227,25003,1070,'20344',55),
(25228,25003,1808,'MSVInc_Cmp_pct',56),
(25229,25003,1060,'Maize streak virus incidenceBY MSVInc - Computation IN %',56),
(25230,25003,1070,'20345',56),
(25231,25003,1808,'PpolySev_E_1to5',57),
(25232,25003,1060,'Polysorarust severity BY PpolySev - Estimation IN 1-5 disease scoring scale',57),
(25233,25003,1070,'20346',57),
(25240,25003,1808,'GY_RGY_pct',60),
(25241,25003,1060,'Grain yield BY RGY - Computation IN %',60),
(25242,25003,1070,'20349',60),
(25243,25003,1808,'RustSev_E_1to5',61),
(25244,25003,1060,'Rust severity BY RustSev - Estimation IN 1-5 disease scoring scale',61),
(25245,25003,1070,'20350',61),
(25246,25003,1808,'Silk_DT_day',62),
(25247,25003,1060,'Silking time BY DTS - Computation IN Day',62),
(25248,25003,1070,'20351',62),
(25249,25003,1808,'Sen_E_0to10',63),
(25250,25003,1060,'Senescence BY Sen - Estimation IN0-10 Senescence scale',63),
(25251,25003,1070,'20352',63),
(25252,25003,1808,'SRInc_Cmp_pct',64),
(25253,25003,1060,'Stalk rot incidence BY SRInc - Computation IN %',64),
(25254,25003,1070,'20353',64),
(25255,25003,1808,'StBorDmg_E_1to5',65),
(25256,25003,1060,'Stem borer damage BY StBorDmg - Estimation IN 1-5 damage scoring scale',65),
(25257,25003,1070,'20354',65),
(25258,25003,1808,'TslSiz_E_1to3',66),
(25259,25003,1060,'Tassel size BY TslSiz - Estimation IN 1-3 size scale',66),
(25260,25003,1070,'20355',66),
(25261,25003,1808,'WeevInc_E_1to5',67),
(25262,25003,1060,'Maize weevil incidence BY WeevInc - Estimation IN 1-5 WeevDmgInc scale',67),
(25263,25003,1070,'20356',67),
(25264,25003,1808,'NOTES',68),
(25265,25003,1060,'Field notes - observed (text)',68),
(25266,25003,1070,'8390',68),
(25267,25004,1805,'STUDY',1),
(25268,25004,1060,'STUDY NAME',1),
(25269,25004,1070,'8005',1),
(25270,25004,1805,'TITLE',2),
(25271,25004,1060,'TITLE ASSIGNED',2),
(25272,25004,1070,'8007',2),
(25273,25004,1805,'PMKEY',3),
(25274,25004,1060,'PROJECT MANAGEMENT KEY',3),
(25275,25004,1070,'8040',3),
(25276,25004,8040,'0',3),
(25277,25004,1805,'OBJECTIVE',4),
(25278,25004,1060,'OBJECTIVE DESCRIBED',4),
(25279,25004,1070,'8030',4),
(25280,25004,8030,'Provide templatesto start creating trials and nurseries',4),
(25281,25004,1805,'START DATE',5),
(25282,25004,1060,'STUDY START DATE',5),
(25283,25004,1070,'8050',5),
(25284,25004,8050,'20140627',5),
(25285,25004,1805,'END DATE',6),
(25286,25004,1060,'STUDY END DATE',6),
(25287,25004,1070,'8060',6),
(25288,25004,8060,'20140627',6),
(25289,25004,1805,'STUDY TYPE',7),
(25290,25004,1060,'TYPE OF STUDY',7),
(25291,25004,1070,'8070',7),
(25292,25004,8070,'10000',7),
(25293,25004,1805,'STUDY UID',8),
(25294,25004,1060,'STUDY USER ID',8),
(25295,25004,1070,'8020',8),
(25296,25004,8020,NULL,8),
(25301,25004,1805,'STUDY_UPDATE',10),
(25302,25004,1060,'Date the study was last updated',10),
(25303,25004,1070,'8009',10),
(25304,25004,8009,'20140724',10),
(25305,25004,1805,'PI_NAME',11),
(25306,25004,1060,'Name of the Principal Investigator',11),
(25307,25004,1070,'8100',11),
(25308,25004,8100,NULL,11),
(25309,25004,1805,'PI_ID',12),
(25310,25004,1060,'ID of the Principal Investigator',12),
(25311,25004,1070,'8110',12),
(25312,25004,8110,NULL,12),
(25313,25004,1805,'BREEDING_METHOD',13),
(25314,25004,1060,'Breeding method to be applied to this nursery',13),
(25315,25004,1070,'8256',13),
(25316,25004,8256,NULL,13),
(25317,25004,1805,'BREEDING_METHOD_ID',14),
(25318,25004,1060,'ID of Breeding method',14),
(25319,25004,1070,'8257',14),
(25320,25004,8257,NULL,14),
(25321,25005,1805,'DATASET',1),
(25322,25005,1060,'DATASET NAME',1),
(25323,25005,1070,'8150',1),
(25324,25005,1805,'DATASET TITLE',2),
(25325,25005,1060,'DATASET TITLE',2),
(25326,25005,1070,'8155',2),
(25327,25005,1805,'DATASET_TYPE',3),
(25328,25005,1060,'Dataset type',3),
(25329,25005,1070,'8160',3),
(25330,25005,8160,'10080',3),
(25331,25005,1806,'NID',4),
(25332,25005,1060,'TRIAL NUMBER',4),
(25333,25005,1070,'8170',4),
(25334,25005,1806,'SITE',15),
(25335,25005,1060,'NURSERYSITE NAME',15),
(25336,25005,1070,'8180',15),
(25337,25005,8180,NULL,15),
(25338,25005,1806,'SITE_ID',16),
(25339,25005,1060,'NURSERY SITE ID',16),
(25340,25005,1070,'8190',16),
(25341,25005,8190,NULL,16),
(25342,25006,1805,'DATASET_NAME',1),
(25343,25006,1060,'DATASET NAME',1),
(25344,25006,1070,'8150',1),
(25345,25006,1805,'DATASET_TITLE\r\n',2),
(25346,25006,1060,'DATASET TITLE',2),
(25347,25006,1070,'8155',2),
(25348,25006,1805,'DATASET_TYPE',3),
(25349,25006,1060,'Dataset type',3),
(25350,25006,1070,'8160',3),
(25351,25006,8160,'10090',3),
(25352,25006,1806,'NID',4),
(25353,25006,1060,'TRIAL NUMBER',4),
(25354,25006,1070,'8170',4),
(25355,25006,1804,'ENTRY_NO',5),
(25356,25006,1060,'ENTRY NUMBER',5),
(25357,25006,1070,'8230',5),
(25358,25006,1804,'DESIGNATION',6),
(25359,25006,1060,'ENTRY DESIGNATION',6),
(25360,25006,1070,'8250',6),
(25361,25006,1804,'GID',7),
(25362,25006,1060,'GERMPLASM ID',7),
(25363,25006,1070,'8240',7),
(25364,25006,1804,'CROSS',8),
(25365,25006,1060,'The pedigree string of the germplasm',8),
(25366,25006,1070,'8377',8),
(25367,25006,1804,'SOURCE',9),
(25368,25006,1060,'The seed source of the germplasm',9),
(25369,25006,1070,'8378',9),
(25370,25006,1804,'CHECK',10),
(25371,25006,1060,'TYPE OF ENTRY',10),
(25372,25006,1070,'8255',10),
(25373,25006,1810,'PLOT_NO',11),
(25374,25006,1060,'PLOT NUMBER',11),
(25375,25006,1070,'8200',11),
(25376,25006,1807,'nEarsSel',12),
(25377,25006,1060,'Ears Selected',12),
(25378,25006,1070,'20364',12),
(25382,25006,1808,'MSVInc_Cmp_pct',14),
(25383,25006,1060,'Maizestreak virus incidence BY MSVInc - Computation IN %',14),
(25384,25006,1070,'20345',14),
(25385,25006,1808,'GLSSev_E_1to5',15),
(25386,25006,1060,'Gray leaf spot severity BY GLSSev - EstimationIN 1-5 disease scoring scale',15),
(25387,25006,1070,'20325',15),
(25388,25006,1808,'EturcSev_E_1to5',16),
(25389,25006,1060,'Turcicumleaf blight severity BY EturcSev - Estimation IN 1-5 disease scoring scale',16),
(25390,25006,1070,'20338',16),
(25391,25006,1808,'CRustSev_E_1to5',17),
(25392,25006,1060,'Common rust severity BY CRustSev - EstimationIN 1-5 disease scoring scale',17),
(25393,25006,1070,'20310',17),
(25394,25006,1808,'EAsp_E_1to5',18),
(25395,25006,1060,'Ear aspect BY EAsp - Estimation IN 1-5 rating scale',18),
(25396,25006,1070,'20314',18),
(25397,25006,1808,'GTex_E_1to5',19),
(25398,25006,1060,'Grain texture BY GTex - Estimation IN 1-5 Grain texture scale',19),
(25399,25006,1070,'20327',19),
(25400,25006,1808,'Ant_DT_day',20),
(25401,25006,1060,'Anthesis time BY Days to anthesis - Computation IN Day',20),
(25402,25006,1070,'20307',20),
(25403,25006,1808,'NOTES',21),
(25404,25006,1060,'BREEDERS NOTES',21),
(25405,25006,1070,'8390',21),
(25406,25003,1060,'Field plot id - assigned (text)',69),
(25407,25003,1070,'8201',69),
(25408,25003,1804,'PLOT_ID',69),
(25409,25006,1060,'Field plot id - assigned (text)',22),
(25410,25006,1070,'8201',22),
(25411,25006,1804,'PLOT_ID',22);
                                                                                                                                    
/*!40101 SET SQL_MODE=@OLD_SQL_MODE */;                                                                                             
/*!40014 SET FOREIGN_KEY_CHECKS=@OLD_FOREIGN_KEY_CHECKS */;                                                                         
/*!40014 SET UNIQUE_CHECKS=@OLD_UNIQUE_CHECKS */;                                                                                   
/*!40111 SET SQL_NOTES=@OLD_SQL_NOTES */;                                                                                           
